{
  "timestamp": "20260104_205851",
  "config": {
    "model_name": "qwen2.5-7b-instruct",
    "judge_model_name": "qwen2.5-32b-instruct",
    "data_file": "/home/ubuntu/hzy/crl/Amadeus/amadeus/experiments/data/locomo10.json"
  },
  "total_samples": 1,
  "total_questions": 123,
  "category_distribution": {
    "2": 24,
    "1": 30,
    "3": 7,
    "4": 62
  },
  "aggregate_metrics": {
    "overall": {
      "mean": 0.5365853658536586,
      "std": 0.4986597146405092,
      "count": 123
    },
    "category_2": {
      "mean": 0.4166666666666667,
      "std": 0.4930066485916347,
      "count": 24
    },
    "category_1": {
      "mean": 0.4666666666666667,
      "std": 0.49888765156985887,
      "count": 30
    },
    "category_3": {
      "mean": 0.2857142857142857,
      "std": 0.4517539514526256,
      "count": 7
    },
    "category_4": {
      "mean": 0.6451612903225806,
      "std": 0.47846441852230087,
      "count": 62
    }
  }
}