{
  "timestamp": "20260101_161335",
  "config": {
    "model_name": "qwen2.5-7b-instruct",
    "judge_model_name": "qwen2.5-32b-instruct",
    "data_file": "/home/ubuntu/hzy/crl/Amadeus/amadeus/experiments/data/locomo10.json"
  },
  "total_samples": 10,
  "total_questions": 1540,
  "category_distribution": {
    "1": 282,
    "2": 321,
    "3": 96,
    "4": 841
  },
  "aggregate_metrics": {
    "overall": {
      "mean": 0.5363636363636364,
      "std": 0.49867593279645367,
      "count": 1540
    },
    "category_1": {
      "mean": 0.49645390070921985,
      "std": 0.4999874250216898,
      "count": 282
    },
    "category_2": {
      "mean": 0.46105919003115264,
      "std": 0.4984813068902084,
      "count": 321
    },
    "category_3": {
      "mean": 0.4270833333333333,
      "std": 0.4946545862743237,
      "count": 96
    },
    "category_4": {
      "mean": 0.5909631391200951,
      "std": 0.49165608642771647,
      "count": 841
    }
  }
}