{
  "timestamp": "20260101_162842",
  "config": {
    "model_name": "qwen2.5-7b-instruct",
    "judge_model_name": "qwen2.5-32b-instruct",
    "data_file": "/home/ubuntu/hzy/crl/Amadeus/amadeus/experiments/data/locomo10.json"
  },
  "total_samples": 10,
  "total_questions": 1540,
  "category_distribution": {
    "2": 321,
    "3": 96,
    "1": 282,
    "4": 841
  },
  "aggregate_metrics": {
    "overall": {
      "mean": 0.5038961038961038,
      "std": 0.4999848201440028,
      "count": 1540
    },
    "category_2": {
      "mean": 0.411214953271028,
      "std": 0.49205407779768906,
      "count": 321
    },
    "category_3": {
      "mean": 0.4166666666666667,
      "std": 0.4930066485916347,
      "count": 96
    },
    "category_1": {
      "mean": 0.5283687943262412,
      "std": 0.49919456277935903,
      "count": 282
    },
    "category_4": {
      "mean": 0.5410225921521997,
      "std": 0.49831430536671756,
      "count": 841
    }
  }
}