{
  "timestamp": "20251229_163310",
  "config": {
    "model_name": "qwen2.5-7b-instruct",
    "judge_model_name": "qwen2.5-32b-instruct",
    "data_file": "/home/ubuntu/hzy/crl/Amadeus/amadeus/experiments/data/locomo10.json"
  },
  "total_samples": 1,
  "total_questions": 199,
  "category_distribution": {
    "2": 37,
    "3": 13,
    "1": 32,
    "4": 70,
    "5": 47
  },
  "aggregate_metrics": {
    "overall": {
      "mean": 0.4120603015075377,
      "std": 0.49220586082355294,
      "count": 199
    },
    "category_2": {
      "mean": 0.21621621621621623,
      "std": 0.4116634111277789,
      "count": 37
    },
    "category_3": {
      "mean": 0.46153846153846156,
      "std": 0.49851851526214314,
      "count": 13
    },
    "category_1": {
      "mean": 0.5,
      "std": 0.5,
      "count": 32
    },
    "category_4": {
      "mean": 0.5714285714285714,
      "std": 0.4948716593053936,
      "count": 70
    },
    "category_5": {
      "mean": 0.2553191489361702,
      "std": 0.43604045812594033,
      "count": 47
    }
  }
}