{
  "timestamp": "20251230_220633",
  "config": {
    "model_name": "qwen2.5-7b-instruct",
    "judge_model_name": "qwen2.5-32b-instruct",
    "data_file": "/home/ubuntu/hzy/crl/Amadeus/amadeus/experiments/data/locomo10.json"
  },
  "total_samples": 1,
  "total_questions": 152,
  "category_distribution": {
    "2": 37,
    "3": 13,
    "1": 32,
    "4": 70
  },
  "aggregate_metrics": {
    "overall": {
      "mean": 0.46710526315789475,
      "std": 0.4989167628854423,
      "count": 152
    },
    "category_2": {
      "mean": 0.43243243243243246,
      "std": 0.4954135886438747,
      "count": 37
    },
    "category_3": {
      "mean": 0.38461538461538464,
      "std": 0.48650425541051995,
      "count": 13
    },
    "category_1": {
      "mean": 0.46875,
      "std": 0.4990224819584785,
      "count": 32
    },
    "category_4": {
      "mean": 0.5,
      "std": 0.5,
      "count": 70
    }
  }
}