{
  "timestamp": "20251230_181219",
  "config": {
    "model_name": "qwen2.5-7b-instruct",
    "judge_model_name": "qwen2.5-32b-instruct",
    "data_file": "/home/ubuntu/hzy/crl/Amadeus/amadeus/experiments/data/locomo10.json"
  },
  "total_samples": 10,
  "total_questions": 1540,
  "category_distribution": {
    "2": 321,
    "3": 96,
    "1": 282,
    "4": 841
  },
  "aggregate_metrics": {
    "overall": {
      "mean": 0.4831168831168831,
      "std": 0.4997148790703665,
      "count": 1540
    },
    "category_2": {
      "mean": 0.367601246105919,
      "std": 0.4821520195615637,
      "count": 321
    },
    "category_3": {
      "mean": 0.375,
      "std": 0.4841229182759271,
      "count": 96
    },
    "category_1": {
      "mean": 0.4787234042553192,
      "std": 0.499547101356336,
      "count": 282
    },
    "category_4": {
      "mean": 0.5410225921521997,
      "std": 0.49831430536671756,
      "count": 841
    }
  }
}