2026-04-26 17:36:10,942 - Experiment - INFO - 📂 Experiment Run Directory: /data/hzy/Amadeus/amadeus-collab/experiments/LoCoMo/logs/star_gpu0_Qwen3-8B_locomo_mw5_fixedoptimizer_envjudge_round1_20260426_173607
2026-04-26 17:36:10,942 - Experiment - INFO - 📝 Global Log File: /data/hzy/Amadeus/amadeus-collab/experiments/LoCoMo/logs/star_gpu0_Qwen3-8B_locomo_mw5_fixedoptimizer_envjudge_round1_20260426_173607/experiment.log
2026-04-26 17:36:10,942 - Experiment - INFO - Using local embedding model: /data/hzy/Amadeus/amadeus-collab/models/all-MiniLM-L6-v2
2026-04-26 17:36:11,498 - Experiment - INFO - ✅ 成功加载 10 个样本
2026-04-26 17:36:11,499 - Experiment - INFO - 🚀 Starting parallel execution with 5 workers for 10 samples.
2026-04-26 17:36:11,499 - Experiment - INFO - 
========================================
🚀 Running Sample: conv-26
========================================
2026-04-26 17:36:11,500 - Experiment - INFO - 
========================================
🚀 Running Sample: conv-30
========================================
2026-04-26 17:36:11,500 - Experiment - INFO - 
========================================
🚀 Running Sample: conv-41
========================================
2026-04-26 17:36:11,501 - Experiment - INFO - 
========================================
🚀 Running Sample: conv-42
========================================
2026-04-26 17:36:11,503 - Experiment - INFO - 
========================================
🚀 Running Sample: conv-43
========================================
2026-04-26 17:36:11,555 - Experiment - INFO - [conv-43] ♻️ Reset graph and agent strategies for isolated conv run.
2026-04-26 17:36:11,555 - Experiment - INFO - [conv-26] ♻️ Reset graph and agent strategies for isolated conv run.
2026-04-26 17:36:11,555 - Experiment - INFO - [conv-30] ♻️ Reset graph and agent strategies for isolated conv run.
2026-04-26 17:36:11,555 - Experiment - INFO - [conv-42] ♻️ Reset graph and agent strategies for isolated conv run.
2026-04-26 17:36:11,555 - Experiment - INFO - [conv-43] 📁 Schema artifact path: /data/hzy/Amadeus/amadeus-collab/experiments/LoCoMo/logs/star_gpu0_Qwen3-8B_locomo_mw5_fixedoptimizer_envjudge_round1_20260426_173607/conv-43/schema/schema_state.json
2026-04-26 17:36:11,555 - Experiment - INFO - [conv-26] 📁 Schema artifact path: /data/hzy/Amadeus/amadeus-collab/experiments/LoCoMo/logs/star_gpu0_Qwen3-8B_locomo_mw5_fixedoptimizer_envjudge_round1_20260426_173607/conv-26/schema/schema_state.json
2026-04-26 17:36:11,555 - Experiment - INFO - [conv-30] 📁 Schema artifact path: /data/hzy/Amadeus/amadeus-collab/experiments/LoCoMo/logs/star_gpu0_Qwen3-8B_locomo_mw5_fixedoptimizer_envjudge_round1_20260426_173607/conv-30/schema/schema_state.json
2026-04-26 17:36:11,556 - Experiment - INFO - [conv-42] 📁 Schema artifact path: /data/hzy/Amadeus/amadeus-collab/experiments/LoCoMo/logs/star_gpu0_Qwen3-8B_locomo_mw5_fixedoptimizer_envjudge_round1_20260426_173607/conv-42/schema/schema_state.json
2026-04-26 17:36:11,556 - Experiment - INFO - [conv-43] 🧠 Initial schema state | version=0 | node_types=[] | edge_types=[] | rules=[]
2026-04-26 17:36:11,556 - Experiment - INFO - [conv-26] 🧠 Initial schema state | version=0 | node_types=[] | edge_types=[] | rules=[]
2026-04-26 17:36:11,556 - Experiment - INFO - [conv-30] 🧠 Initial schema state | version=0 | node_types=[] | edge_types=[] | rules=[]
2026-04-26 17:36:11,556 - Experiment - INFO - [conv-42] 🧠 Initial schema state | version=0 | node_types=[] | edge_types=[] | rules=[]
2026-04-26 17:36:11,556 - Experiment - INFO - [conv-43] 🧠 Phase 1: Building Memory (29 contextual sessions)...
2026-04-26 17:36:11,556 - Experiment - INFO - [conv-26] 🧠 Phase 1: Building Memory (19 contextual sessions)...
2026-04-26 17:36:11,556 - Experiment - INFO - [conv-30] 🧠 Phase 1: Building Memory (19 contextual sessions)...
2026-04-26 17:36:11,556 - Experiment - INFO - [conv-42] 🧠 Phase 1: Building Memory (29 contextual sessions)...
2026-04-26 17:36:11,556 - Experiment - INFO - [conv-43] 🔄 Flush Triggered at chunk 1. Processing Buffer...
2026-04-26 17:36:11,556 - Experiment - INFO - [conv-26] 🔄 Flush Triggered at chunk 1. Processing Buffer...
2026-04-26 17:36:11,556 - Experiment - INFO - [conv-30] 🔄 Flush Triggered at chunk 1. Processing Buffer...
2026-04-26 17:36:11,556 - Experiment - INFO - [conv-42] 🔄 Flush Triggered at chunk 1. Processing Buffer...
2026-04-26 17:36:11,557 - Experiment - INFO - [conv-43] 🧠 Starting schema emergence over first up to 1 flushed buffers.
2026-04-26 17:36:11,557 - Experiment - INFO - [conv-26] 🧠 Starting schema emergence over first up to 1 flushed buffers.
2026-04-26 17:36:11,557 - Experiment - INFO - [conv-30] 🧠 Starting schema emergence over first up to 1 flushed buffers.
2026-04-26 17:36:11,557 - Experiment - INFO - [conv-42] 🧠 Starting schema emergence over first up to 1 flushed buffers.
2026-04-26 17:36:11,557 - Experiment - INFO - [conv-43] 🧠 Emergence attempt with n=1
2026-04-26 17:36:11,557 - Experiment - INFO - [conv-26] 🧠 Emergence attempt with n=1
2026-04-26 17:36:11,557 - Experiment - INFO - [conv-30] 🧠 Emergence attempt with n=1
2026-04-26 17:36:11,557 - Experiment - INFO - [conv-42] 🧠 Emergence attempt with n=1
2026-04-26 17:36:11,562 - Experiment - INFO - [conv-41] ♻️ Reset graph and agent strategies for isolated conv run.
2026-04-26 17:36:11,562 - Experiment - INFO - [conv-41] 📁 Schema artifact path: /data/hzy/Amadeus/amadeus-collab/experiments/LoCoMo/logs/star_gpu0_Qwen3-8B_locomo_mw5_fixedoptimizer_envjudge_round1_20260426_173607/conv-41/schema/schema_state.json
2026-04-26 17:36:11,562 - Experiment - INFO - [conv-41] 🧠 Initial schema state | version=0 | node_types=[] | edge_types=[] | rules=[]
2026-04-26 17:36:11,562 - Experiment - INFO - [conv-41] 🧠 Phase 1: Building Memory (32 contextual sessions)...
2026-04-26 17:36:11,563 - Experiment - INFO - [conv-41] 🔄 Flush Triggered at chunk 1. Processing Buffer...
2026-04-26 17:36:11,563 - Experiment - INFO - [conv-41] 🧠 Starting schema emergence over first up to 1 flushed buffers.
2026-04-26 17:36:11,563 - Experiment - INFO - [conv-41] 🧠 Emergence attempt with n=1
2026-04-26 17:36:15,063 - Amadeus.Builder - WARNING - Schema rule proposal skipped: unsupported shape | raw="Use 'Person' for all individual entities."
2026-04-26 17:36:15,063 - Amadeus.Builder - WARNING - Schema rule proposal skipped: unsupported shape | raw="Use 'Experience' for any personal experience or event."
2026-04-26 17:36:15,063 - Amadeus.Builder - WARNING - Schema rule proposal skipped: unsupported shape | raw="Use 'Activity' for any recurring or notable action."
2026-04-26 17:36:15,063 - Amadeus.Builder - WARNING - Schema rule proposal skipped: unsupported shape | raw="Use 'ParticipatesIn' for involvement in an experience or activity."
2026-04-26 17:36:15,063 - Amadeus.Builder - WARNING - Schema rule proposal skipped: unsupported shape | raw="Use 'ExpressesThrough' for creative expression related to an activity."
2026-04-26 17:36:15,063 - Amadeus.Builder - WARNING - Schema rule proposal skipped: unsupported shape | raw="Use 'InspiredBy' for emotional or motivational influence."
2026-04-26 17:36:15,063 - Amadeus.Builder - WARNING - Schema rule proposal skipped: unsupported shape | raw="Use 'Shares' for exchanging items or ideas."
2026-04-26 17:36:15,063 - Amadeus.Builder - INFO - 🧠 Schema emergence | stable=True | reason=The schema can be built with broad types that cover the observed interactions without overcomplicating the model. The conversation primarily involves people, their experiences, and activities, which can be captured with minimal node and edge types. | node_types=[] | edge_types=[] | rules=[]
2026-04-26 17:36:15,063 - Amadeus.Builder - INFO - 🧠 Schema emergence analysis: The conversation between Caroline and Melanie reveals interactions around personal experiences, emotional support, and shared interests. Key elements include a support group, personal development, career aspirations, and creative activities like painting. The dialogue suggests relationships between individuals, their experiences, and activities they engage in.
2026-04-26 17:36:15,063 - Experiment - INFO - [conv-26] 🧠 Emergence declared stable at n=1
2026-04-26 17:36:15,063 - Experiment - INFO - [conv-26] 🧠 No schema proposals to apply from emergence.
2026-04-26 17:36:15,416 - Amadeus.Builder - WARNING - Schema rule proposal skipped: unsupported shape | raw="Use 'Entity' for people and organizations."
2026-04-26 17:36:15,416 - Amadeus.Builder - WARNING - Schema rule proposal skipped: unsupported shape | raw="Use 'Interest' for abstract concepts like genres or themes."
2026-04-26 17:36:15,416 - Amadeus.Builder - WARNING - Schema rule proposal skipped: unsupported shape | raw="Use 'Hobby' for activities people engage in for enjoyment."
2026-04-26 17:36:15,416 - Amadeus.Builder - WARNING - Schema rule proposal skipped: unsupported shape | raw="Use 'Experience' for specific events or instances of activities."
2026-04-26 17:36:15,416 - Amadeus.Builder - WARNING - Schema rule proposal skipped: unsupported shape | raw="Use 'has_interest' to link entities to their interests."
2026-04-26 17:36:15,416 - Amadeus.Builder - WARNING - Schema rule proposal skipped: unsupported shape | raw="Use 'has_hobby' to link entities to their hobbies."
2026-04-26 17:36:15,417 - Amadeus.Builder - WARNING - Schema rule proposal skipped: unsupported shape | raw="Use 'mentions' to indicate when an entity refers to another entity."
2026-04-26 17:36:15,417 - Amadeus.Builder - WARNING - Schema rule proposal skipped: unsupported shape | raw="Use 'shared_interest' to indicate mutual interests between entities."
2026-04-26 17:36:15,417 - Amadeus.Builder - INFO - 🧠 Schema emergence | stable=True | reason=The schema can be built with broad types that cover the discussed elements without overcomplicating. The conversation doesn't require specific event or activity types, so using general categories like Entity and Relation suffices. | node_types=[] | edge_types=[] | rules=[]
2026-04-26 17:36:15,417 - Amadeus.Builder - INFO - 🧠 Schema emergence analysis: The conversation between Nate and Joanna reveals interactions around hobbies, interests, and shared experiences. The main topics include video games, movies, and personal preferences. The schema should capture entities like people, hobbies, interests, and experiences, along with relationships such as 'has_interest', 'has_hobby', 'mentions', and 'shared_interest'.
2026-04-26 17:36:15,417 - Experiment - INFO - [conv-42] 🧠 Emergence declared stable at n=1
2026-04-26 17:36:15,417 - Experiment - INFO - [conv-42] 🧠 No schema proposals to apply from emergence.
2026-04-26 17:36:15,635 - Amadeus.Builder - WARNING - Schema rule proposal skipped: unsupported shape | raw="Use 'Person' for individuals involved in the conversation."
2026-04-26 17:36:15,635 - Amadeus.Builder - WARNING - Schema rule proposal skipped: unsupported shape | raw="Use 'Team' for sports teams mentioned."
2026-04-26 17:36:15,635 - Amadeus.Builder - WARNING - Schema rule proposal skipped: unsupported shape | raw="Use 'Location' for places referenced in the conversation."
2026-04-26 17:36:15,635 - Amadeus.Builder - WARNING - Schema rule proposal skipped: unsupported shape | raw="Use 'Activity' for events or ongoing projects."
2026-04-26 17:36:15,635 - Amadeus.Builder - WARNING - Schema rule proposal skipped: unsupported shape | raw="Use 'ParticipatesIn' for involvement in a team or activity."
2026-04-26 17:36:15,635 - Amadeus.Builder - WARNING - Schema rule proposal skipped: unsupported shape | raw="Use 'CollaboratesOn' for joint projects or fan initiatives."
2026-04-26 17:36:15,635 - Amadeus.Builder - WARNING - Schema rule proposal skipped: unsupported shape | raw="Use 'Visits' for travel to a location related to an interest."
2026-04-26 17:36:15,635 - Amadeus.Builder - INFO - 🧠 Schema emergence | stable=True | reason=The schema can be built with broad types that cover the observed entities and relationships without over-specialization. The conversation provides enough context to define node and edge types that are generalizable. | node_types=[] | edge_types=[] | rules=[]
2026-04-26 17:36:15,635 - Amadeus.Builder - INFO - 🧠 Schema emergence analysis: The conversation between John and Tim reveals interactions around sports (John's team and position) and a fan project (Tim's Harry Potter collaboration). The main entities are people (John, Tim), teams (Minnesota Wolves), and locations (London). The conversation includes activities (collaborations, training, visiting places), goals (improving shooting percentage), and experiences (pre-season training, Harry Potter tour). The schema needs to capture people, teams, locations, and activities, with relationships like participation, collaboration, and location visit.
2026-04-26 17:36:15,635 - Experiment - INFO - [conv-43] 🧠 Emergence declared stable at n=1
2026-04-26 17:36:15,635 - Experiment - INFO - [conv-43] 🧠 No schema proposals to apply from emergence.
2026-04-26 17:36:15,993 - Amadeus.Builder - WARNING - Schema rule proposal skipped: unsupported shape | raw="Use 'Person' for individuals mentioned in the conversation."
2026-04-26 17:36:15,994 - Amadeus.Builder - WARNING - Schema rule proposal skipped: unsupported shape | raw="Use 'Passion' for emotional or intrinsic motivations discussed."
2026-04-26 17:36:15,994 - Amadeus.Builder - WARNING - Schema rule proposal skipped: unsupported shape | raw="Use 'Activity' for specific actions or pursuits like dancing."
2026-04-26 17:36:15,994 - Amadeus.Builder - WARNING - Schema rule proposal skipped: unsupported shape | raw="Use 'Event' for planned or past gatherings like dance competitions or festivals."
2026-04-26 17:36:15,994 - Amadeus.Builder - WARNING - Schema rule proposal skipped: unsupported shape | raw="Use 'Location' for places significant to the narrative."
2026-04-26 17:36:15,994 - Amadeus.Builder - WARNING - Schema rule proposal skipped: unsupported shape | raw="Use 'ParticipatesIn' for involvement in activities or events."
2026-04-26 17:36:15,994 - Amadeus.Builder - WARNING - Schema rule proposal skipped: unsupported shape | raw="Use 'ExpressesThrough' for how passions are manifested (e.g., dance styles)."
2026-04-26 17:36:15,994 - Amadeus.Builder - WARNING - Schema rule proposal skipped: unsupported shape | raw="Use 'LocatedAt' for associating activities or events with locations."
2026-04-26 17:36:15,994 - Amadeus.Builder - WARNING - Schema rule proposal skipped: unsupported shape | raw="Use 'PlansToAttend' for future intentions to join events."
2026-04-26 17:36:15,994 - Amadeus.Builder - WARNING - Schema rule proposal skipped: unsupported shape | raw="Use 'HasInterestIn' for expressed preferences or interests."
2026-04-26 17:36:15,994 - Amadeus.Builder - INFO - 🧠 Schema emergence | stable=True | reason=The schema can be built with broad node types that cover the discussed elements without requiring specific, narrow types. The conversation provides enough context to propose a stable schema. | node_types=[] | edge_types=[] | rules=[]
2026-04-26 17:36:15,994 - Amadeus.Builder - INFO - 🧠 Schema emergence analysis: The conversation between Gina and Jon reveals a focus on personal experiences related to dance, including passion, career changes, and future projects. The discussion includes elements like dance styles, competitions, rehearsals, and business aspirations. These elements suggest the need for node types representing people, their passions, and activities, as well as relationships between these elements.
2026-04-26 17:36:15,994 - Experiment - INFO - [conv-30] 🧠 Emergence declared stable at n=1
2026-04-26 17:36:15,994 - Experiment - INFO - [conv-30] 🧠 No schema proposals to apply from emergence.
2026-04-26 17:36:16,139 - Amadeus.Builder - WARNING - Schema rule proposal skipped: unsupported shape | raw="Use 'Entity' for people, places, and things when specific types aren't needed"
2026-04-26 17:36:16,139 - Amadeus.Builder - WARNING - Schema rule proposal skipped: unsupported shape | raw="Use 'Location' for specific places mentioned in the conversation"
2026-04-26 17:36:16,139 - Amadeus.Builder - WARNING - Schema rule proposal skipped: unsupported shape | raw="Use 'Activity' for actions or events people are participating in"
2026-04-26 17:36:16,139 - Amadeus.Builder - WARNING - Schema rule proposal skipped: unsupported shape | raw="Use 'Goal' for aspirations or objectives discussed"
2026-04-26 17:36:16,139 - Amadeus.Builder - WARNING - Schema rule proposal skipped: unsupported shape | raw="Use 'Organization' for groups or institutions mentioned"
2026-04-26 17:36:16,139 - Amadeus.Builder - WARNING - Schema rule proposal skipped: unsupported shape | raw="Use 'INVOLVED_IN' for participation in activities or events"
2026-04-26 17:36:16,139 - Amadeus.Builder - WARNING - Schema rule proposal skipped: unsupported shape | raw="Use 'RELATED_TO' for connections between concepts or entities"
2026-04-26 17:36:16,140 - Amadeus.Builder - WARNING - Schema rule proposal skipped: unsupported shape | raw="Use 'AIMED_AT' for goals and their targets"
2026-04-26 17:36:16,140 - Amadeus.Builder - WARNING - Schema rule proposal skipped: unsupported shape | raw="Use 'LOCATED_AT' for physical locations of entities"
2026-04-26 17:36:16,140 - Amadeus.Builder - WARNING - Schema rule proposal skipped: unsupported shape | raw="Use 'CONNECTED_TO' for relationships between organizations or entities"
2026-04-26 17:36:16,140 - Amadeus.Builder - INFO - 🧠 Schema emergence | stable=True | reason=The schema can be stabilized with broad node and edge types that cover the identified elements without over-specialization. The conversation provides sufficient evidence to define core types that can be reused across different contexts. | node_types=[] | edge_types=[] | rules=[]
2026-04-26 17:36:16,140 - Amadeus.Builder - INFO - 🧠 Schema emergence analysis: The conversation between Maria and John reveals several key elements. They discuss personal activities (volunteering, fitness), career aspirations (politics), and community issues (education, infrastructure). There are mentions of specific locations (neighborhood), actions (volunteering, kickboxing), and goals (political ambitions). The conversation also includes a reference to a school photo, indicating a tangible outcome of infrastructure improvements.
2026-04-26 17:36:16,140 - Experiment - INFO - [conv-41] 🧠 Emergence declared stable at n=1
2026-04-26 17:36:16,140 - Experiment - INFO - [conv-41] 🧠 No schema proposals to apply from emergence.
2026-04-26 17:36:33,015 - Amadeus.Builder - INFO - 🤔 Builder CoT: Step 1: The session context is 8 May 2023. The buffer contains dialogue between Caroline and Melanie. Step 2: Extract facts like Caroline attending an LGBTQ support group, her feelings, and future plans. Step 3: Since the graph is empty, all facts are new and need to be added. Step 4: Include all details like the group's impact, her career plans, and the painting reference.
2026-04-26 17:36:33,384 - Amadeus.Builder - INFO - 🔗 LINK: Caroline --ATTENDED<RelationEdge>--> LGBTQ Support Group (Time: 2023-05-07)
2026-04-26 17:36:33,388 - Amadeus.Builder - INFO - 🔗 LINK: Caroline --INTERESTED_IN<RelationEdge>--> Mental Health Counseling (Time: 2023-05-08)
2026-04-26 17:36:33,411 - Amadeus.Builder - INFO - 🔗 LINK: Melanie --CREATED<RelationEdge>--> Painting (Time: 2023-05-08)
2026-04-26 17:36:33,411 - Amadeus.Builder - INFO - 🔗 LINK: Caroline --FRIEND<RelationEdge>--> Melanie (Time: 2023-05-08)
2026-04-26 17:36:33,415 - Amadeus.Builder - INFO - 🔗 LINK: Caroline --EXPERIENCED<RelationEdge>--> Self-acceptance (Time: 2023-05-08)
2026-04-26 17:36:33,426 - Amadeus.Builder - INFO - 🔗 LINK: Caroline --PRACTICES<RelationEdge>--> Relaxation (Time: 2023-05-08)
2026-04-26 17:36:33,429 - Amadeus.Builder - INFO - 🧩 Builder schema proposals | nodes=['Person', 'Activity', 'CareerInterest', 'EmotionalState', 'Relationship'] | edges=['ATTENDED', 'CREATED', 'INTERESTED_IN', 'EXPERIENCED', 'PRACTICES', 'FRIEND'] | rules=['TemporalNormalizationRule', 'SubjectResolutionRule', 'MinimalismRule', 'AmbiguityAversionRule', 'CompletenessRule']
2026-04-26 17:36:33,429 - Amadeus.Builder - INFO - 🛠️ Builder execution summary | buffer_index=0 | replay=False | ops=6 | waits=0
2026-04-26 17:36:33,429 - Experiment - INFO - [conv-26] 🛠️ Executed buffer 1 under schema v0 | active_node_types=[] | active_edge_types=[] | active_rules=[]
2026-04-26 17:36:33,429 - Experiment - INFO - [conv-26] 🧩 Post-build schema proposals detected | node_types=['Person', 'Activity', 'CareerInterest', 'EmotionalState', 'Relationship'] | edge_types=['ATTENDED', 'CREATED', 'INTERESTED_IN', 'EXPERIENCED', 'PRACTICES', 'FRIEND'] | rules=['TemporalNormalizationRule', 'SubjectResolutionRule', 'MinimalismRule', 'AmbiguityAversionRule', 'CompletenessRule']
2026-04-26 17:36:33,561 - Experiment - INFO - [conv-26] 🧠 Schema state after post-build buffer 1 | changed=True | version=0->1 | n_selected=1 | active_node_types=[] | active_edge_types=[] | active_rules=['TemporalNormalizationRule', 'SubjectResolutionRule', 'MinimalismRule', 'AmbiguityAversionRule', 'CompletenessRule']
2026-04-26 17:36:33,561 - Experiment - INFO - [conv-26] 🧭 Schema refined after buffer 1; rebuilding current buffer only.
2026-04-26 17:36:39,211 - Amadeus.Builder - INFO - 🤔 Builder CoT: Step 1: The session context is 21 January 2022. The buffer contains dialogue between Nate and Joanna discussing their hobbies, projects, and movie recommendations. Step 2: Extract atomic facts: Nate won a video game tournament, the game is Counter-Strike: Global Offensive, Joanna's hobbies include writing, reading, movies, and nature, and she recommended a romantic drama movie she watched 3 years ago. Step 3: The graph is empty, so all facts are new. Step 4: Capture all details including the timestamp for the tournament win and movie recommendation.
2026-04-26 17:36:39,236 - Amadeus.Builder - INFO - 🔗 LINK: Nate --WON<RelationEdge>--> Counter-Strike: Global Offensive (Time: 2022-01-21)
2026-04-26 17:36:39,249 - Amadeus.Builder - INFO - 🔗 LINK: Nate --WON<RelationEdge>--> Video Game Tournament (Time: 2022-01-21)
2026-04-26 17:36:39,271 - Amadeus.Builder - INFO - 🔗 LINK: Joanna --RECOMMENDED<RelationEdge>--> Romantic Drama Movie (Time: 2022-01-21)
2026-04-26 17:36:39,271 - Amadeus.Builder - INFO - 🔗 LINK: Romantic Drama Movie --OWNED_PHYSICAL_COPY<RelationEdge>--> Joanna (Time: 2022-01-21)
2026-04-26 17:36:39,271 - Amadeus.Builder - INFO - 🔗 LINK: Romantic Drama Movie --WATCHED_3_YEARS_AGO<RelationEdge>--> Joanna (Time: 2022-01-21)
2026-04-26 17:36:39,282 - Amadeus.Builder - INFO - 🔗 LINK: Joanna --WRITING, READING, MOVIES, NATURE<RelationEdge>--> Hobbies (Time: 2022-01-21)
2026-04-26 17:36:39,282 - Amadeus.Builder - INFO - 🔗 LINK: Nate --VIDEO_GAMES, MOVIES<RelationEdge>--> Hobbies (Time: 2022-01-21)
2026-04-26 17:36:39,294 - Amadeus.Builder - INFO - 🔗 LINK: Nate --ACTION, SCI-FI<RelationEdge>--> Movie Genre (Time: 2022-01-21)
2026-04-26 17:36:39,294 - Amadeus.Builder - INFO - 🔗 LINK: Joanna --DRAMAS, ROMCOMS<RelationEdge>--> Movie Genre (Time: 2022-01-21)
2026-04-26 17:36:39,296 - Amadeus.Builder - INFO - 🧩 Builder schema proposals | nodes=['Person', 'Hobby', 'Movie', 'Game', 'Movie Genre'] | edges=['PREFERRED_GENRE', 'OWNED_PHYSICAL_COPY', 'WATCHED_3_YEARS_AGO', 'RECOMMENDED', 'WON', 'HAS_HOBBY', 'MENTIONED_IN_CONVERSATION'] | rules=['TemporalNormalizationRule', 'SubjectResolutionRule', 'MinimalismRule', 'CompletenessRule', 'EpisodicPrimacyRule', 'AmbiguityAversionRule']
2026-04-26 17:36:39,296 - Amadeus.Builder - INFO - 🛠️ Builder execution summary | buffer_index=0 | replay=False | ops=9 | waits=0
2026-04-26 17:36:39,297 - Experiment - INFO - [conv-42] 🛠️ Executed buffer 1 under schema v0 | active_node_types=[] | active_edge_types=[] | active_rules=[]
2026-04-26 17:36:39,297 - Experiment - INFO - [conv-42] 🧩 Post-build schema proposals detected | node_types=['Person', 'Hobby', 'Movie', 'Game', 'Movie Genre'] | edge_types=['PREFERRED_GENRE', 'OWNED_PHYSICAL_COPY', 'WATCHED_3_YEARS_AGO', 'RECOMMENDED', 'WON', 'HAS_HOBBY', 'MENTIONED_IN_CONVERSATION'] | rules=['TemporalNormalizationRule', 'SubjectResolutionRule', 'MinimalismRule', 'CompletenessRule', 'EpisodicPrimacyRule', 'AmbiguityAversionRule']
2026-04-26 17:36:39,433 - Experiment - INFO - [conv-42] 🧠 Schema state after post-build buffer 1 | changed=True | version=0->1 | n_selected=1 | active_node_types=[] | active_edge_types=[] | active_rules=['TemporalNormalizationRule', 'SubjectResolutionRule', 'MinimalismRule', 'CompletenessRule', 'EpisodicPrimacyRule', 'AmbiguityAversionRule']
2026-04-26 17:36:39,433 - Experiment - INFO - [conv-42] 🧭 Schema refined after buffer 1; rebuilding current buffer only.
2026-04-26 17:36:44,231 - Amadeus.Builder - INFO - 🤔 Builder CoT: Step 1: The session context is 8 May 2023. All relative dates can be resolved to absolute dates. Step 2: Extract facts about Caroline's attendance at the LGBTQ support group, her emotional response, Melanie's painting, and their conversation about mental health counseling. Step 3: Check if these facts exist in the graph. The LGBTQ Support Group and Mental Health Counseling nodes already exist, but the specific details about Caroline's experience and Melanie's painting need to be added. Step 4: Add the new details about Caroline's experience and Melanie's painting, ensuring all specific information is captured.
2026-04-26 17:36:44,242 - Amadeus.Builder - INFO - 🔗 LINK: Transgender Stories --INSPIRING<RelationEdge>--> LGBTQ Support Group (Time: 2023-05-07)
2026-04-26 17:36:44,242 - Amadeus.Builder - INFO - 🔗 LINK: Caroline --ACCEPTED<RelationEdge>--> Self-acceptance (Time: 2023-05-08)
2026-04-26 17:36:44,242 - Amadeus.Builder - INFO - 🔗 LINK: Caroline --EMPATHY<RelationEdge>--> Mental Health Counseling (Time: 2023-05-08)
2026-04-26 17:36:44,242 - Amadeus.Builder - INFO - 🔗 LINK: Melanie --LAKE SUNRISE<RelationEdge>--> Painting (Time: 2023-05-08)
2026-04-26 17:36:44,242 - Amadeus.Builder - INFO - 🔗 LINK: Melanie --EXPRESSION<RelationEdge>--> Relaxation (Time: 2023-05-08)
2026-04-26 17:36:44,245 - Amadeus.Builder - INFO - 🧩 Builder schema proposals | nodes=['ExperienceNode'] | edges=['EmotionalImpactEdge'] | rules=['ExperienceDetailRule']
2026-04-26 17:36:44,245 - Amadeus.Builder - INFO - 🛠️ Builder execution summary | buffer_index=0 | replay=False | ops=5 | waits=0
2026-04-26 17:36:44,245 - Amadeus.Optimizer - INFO - ⚔️ Self-Play Start | Mode: iterative-retry, MaxRetries: 3
2026-04-26 17:36:46,946 - Amadeus.Questioner - INFO - Questioner CoT: First, I analyzed the buffer to identify key entities, events, and relationships. I noticed that Caroline and Melanie are discussing Caroline's experience at an LGBTQ support group and her future career plans. The conversation highlights themes of self-acceptance, support, and personal growth. I identified that Caroline's decision to pursue counseling or mental health work is influenced by her positive experience at the support group. This connection allows for an IMPLICIT_INFER question about the underlying motivation behind her career choice.
2026-04-26 17:36:46,946 - Amadeus.Optimizer - INFO - ⚔️ Question: What underlying motivation might be driving Caroline's interest in pursuing counseling or mental health work?
2026-04-26 17:36:46,946 - Amadeus.Optimizer - INFO - ⚔️ Ground Truth: Caroline's interest in counseling or mental health work is driven by her positive experience at the LGBTQ support group, which made her feel accepted and gave her courage to embrace herself.
2026-04-26 17:36:46,946 - Amadeus.Optimizer - INFO - 🔄 Attempt 1/3
2026-04-26 17:36:46,946 - Amadeus.Answerer - INFO - ❓ Question: What underlying motivation might be driving Caroline's interest in pursuing counseling or mental health work?
2026-04-26 17:36:51,437 - Amadeus.Builder - INFO - 🤔 Builder CoT: Step 1: The session context is 2022-01-21. All relative time expressions can be resolved to absolute dates. Step 2: The buffer contains multiple facts about Nate and Joanna's interests, hobbies, and movie preferences. Step 3: The graph already contains some of these facts, so we need to update or add new information. Step 4: Ensure all specific details are captured, such as the exact game name, movie genres, and timestamps.
2026-04-26 17:36:51,437 - Amadeus.Builder - INFO - 🔄 UPDATE LINK: Nate --WON<WON>--> Counter-Strike: Global Offensive (Time: 2022-01-21)
2026-04-26 17:36:51,437 - Amadeus.Builder - INFO - 🔄 UPDATE LINK: Nate --WON<WON>--> Video Game Tournament (Time: 2022-01-21)
2026-04-26 17:36:51,437 - Amadeus.Builder - INFO - 🔄 UPDATE LINK: Nate --VIDEO_GAMES, MOVIES<VIDEO_GAMES, MOVIES>--> Hobbies (Time: 2022-01-21)
2026-04-26 17:36:51,437 - Amadeus.Builder - INFO - 🔄 UPDATE LINK: Nate --ACTION, SCI-FI<ACTION, SCI-FI>--> Movie Genre (Time: 2022-01-21)
2026-04-26 17:36:51,437 - Amadeus.Builder - INFO - 🔄 UPDATE LINK: Joanna --WRITING, READING, MOVIES, NATURE<WRITING, READING, MOVIES, NATURE>--> Hobbies (Time: 2022-01-21)
2026-04-26 17:36:51,437 - Amadeus.Builder - INFO - 🔄 UPDATE LINK: Joanna --DRAMAS, ROMCOMS<DRAMAS, ROMCOMS>--> Movie Genre (Time: 2022-01-21)
2026-04-26 17:36:51,437 - Amadeus.Builder - INFO - 🔄 UPDATE LINK: Romantic Drama Movie --OWNED_PHYSICAL_COPY<OWNED_PHYSICAL_COPY>--> Joanna (Time: 2022-01-21)
2026-04-26 17:36:51,437 - Amadeus.Builder - INFO - 🔄 UPDATE LINK: Romantic Drama Movie --WATCHED_3_YEARS_AGO<WATCHED_3_YEARS_AGO>--> Joanna (Time: 2022-01-21)
2026-04-26 17:36:51,440 - Amadeus.Builder - INFO - 🛠️ Builder execution summary | buffer_index=0 | replay=False | ops=8 | waits=0
2026-04-26 17:36:51,440 - Amadeus.Optimizer - INFO - ⚔️ Self-Play Start | Mode: iterative-retry, MaxRetries: 3
2026-04-26 17:36:53,865 - Amadeus.Questioner - INFO - Questioner CoT: First, I analyzed the buffer to identify key entities, events, and relationships. I noticed that Joanna mentions a romantic drama about memory and relationships, which she has watched multiple times and owns a physical copy of. This provides an opportunity for an IMPLICIT_INFER question about her emotional connection to the movie. The buffer indicates she values the movie's idea and acting, suggesting a deeper personal significance.
2026-04-26 17:36:53,865 - Amadeus.Optimizer - INFO - ⚔️ Question: What does Joanna's repeated viewings and ownership of the physical copy suggest about her relationship with the movie?
2026-04-26 17:36:53,865 - Amadeus.Optimizer - INFO - ⚔️ Ground Truth: Joanna's repeated viewings and ownership of the physical copy suggest she has a strong emotional connection to the movie, valuing its idea and acting.
2026-04-26 17:36:53,865 - Amadeus.Optimizer - INFO - 🔄 Attempt 1/3
2026-04-26 17:36:53,865 - Amadeus.Answerer - INFO - ❓ Question: What does Joanna's repeated viewings and ownership of the physical copy suggest about her relationship with the movie?
2026-04-26 17:36:55,131 - Amadeus.Answerer - INFO - Step 2: SEARCH - {'tool': 'SEARCH', 'query': "Joanna's repeated viewings and ownership of the physical copy", 'mode': 'hybrid', 'entry_edge_ids': ['E1'], 'entry_nodes': ['Joanna', 'Romantic Drama Movie']}
2026-04-26 17:36:55,131 - Amadeus.Answerer - INFO - walk_decision_raw={'tool': 'SEARCH', 'query': "Joanna's repeated viewings and ownership of the physical copy", 'mode': 'hybrid', 'entry_edge_ids': ['E1'], 'entry_nodes': ['Joanna', 'Romantic Drama Movie']}
2026-04-26 17:36:55,931 - Amadeus.Answerer - INFO - evidence_pool_init=- Joanna owned a physical copy of the Romantic Drama Movie at 2022-01-21
- Joanna watched the Romantic Drama Movie 3 years ago at 2022-01-21
2026-04-26 17:36:56,666 - Amadeus.Answerer - INFO - Step 3: READ - {'tool': 'READ', 'answer': "Joanna's repeated viewings and ownership of the physical copy of the Romantic Drama Movie suggest a deep personal connection and significant interest in the movie, indicating it holds sentimental or emotional value to her."}
2026-04-26 17:36:56,666 - Amadeus.Answerer - INFO - walk_decision_raw={'tool': 'READ', 'answer': "Joanna's repeated viewings and ownership of the physical copy of the Romantic Drama Movie suggest a deep personal connection and significant interest in the movie, indicating it holds sentimental or emotional value to her."}
2026-04-26 17:36:56,666 - Amadeus.Answerer - INFO - read_triggered_by=llm_decision
2026-04-26 17:36:56,667 - Amadeus.Optimizer - INFO - 🔄 Attempt 1 | Prediction: Joanna's repeated viewings and ownership of the physical copy of the Romantic Drama Movie suggest a deep personal connection and significant interest in the movie, indicating it holds sentimental or e
2026-04-26 17:36:58,867 - Amadeus.Builder - INFO - 🤔 Builder CoT: Step 1: The session context is 2023-05-21. The buffer contains dialogue between John and Tim discussing their respective activities. Step 2: Extract atomic facts: John signed with Minnesota Wolves, is a shooting guard, has a season opener next week, aims to improve shooting percentage, faced challenges fitting into team style, and is having fun with the team. Tim is working on a Harry Potter fan project, discussed collaborations, visited London's Potter sites, and plans to explore them.
2026-04-26 17:36:58,886 - Amadeus.Builder - INFO - 🔗 LINK: John --SIGNED_WITH<RelationEdge>--> Minnesota Wolves (Time: 2023-05-21)
2026-04-26 17:36:58,898 - Amadeus.Builder - INFO - 🔗 LINK: John --PLAYS_AS<RelationEdge>--> Shooting Guard (Time: 2023-05-21)
2026-04-26 17:36:58,903 - Amadeus.Builder - INFO - 🔗 LINK: John --HAS<RelationEdge>--> Season Opener (Time: 2023-05-21)
2026-04-26 17:36:58,914 - Amadeus.Builder - INFO - 🔗 LINK: John --GOAL<RelationEdge>--> Improve Shooting Percentage (Time: 2023-05-21)
2026-04-26 17:36:58,926 - Amadeus.Builder - INFO - 🔗 LINK: John --CHALLENGE<RelationEdge>--> Fitting into Team Style (Time: 2023-05-21)
2026-04-26 17:36:58,931 - Amadeus.Builder - INFO - 🔗 LINK: John --FUN<RelationEdge>--> Team (Time: 2023-05-21)
2026-04-26 17:36:58,954 - Amadeus.Builder - INFO - 🔗 LINK: Tim --WORKING_ON<RelationEdge>--> Harry Potter Fan Project (Time: 2023-05-21)
2026-04-26 17:36:58,958 - Amadeus.Builder - INFO - 🔗 LINK: Tim --DISCUSSING<RelationEdge>--> Collaborations (Time: 2023-05-21)
2026-04-26 17:36:58,969 - Amadeus.Builder - INFO - 🔗 LINK: Tim --VISITED<RelationEdge>--> London (Time: 2023-05-21)
2026-04-26 17:36:58,981 - Amadeus.Builder - INFO - 🔗 LINK: Tim --PLANS_TO_EXPLORE<RelationEdge>--> Harry Potter Places (Time: 2023-05-21)
2026-04-26 17:36:58,986 - Amadeus.Builder - INFO - 🔗 LINK: Tim --TALKED_TO<RelationEdge>--> Friend (Time: 2023-05-21)
2026-04-26 17:36:58,991 - Amadeus.Builder - INFO - 🧩 Builder schema proposals | nodes=['Person', 'Team', 'Project', 'Location', 'Goal', 'Challenge', 'Experience'] | edges=['SIGNED_WITH', 'PLAYS_AS', 'HAS', 'GOAL', 'CHALLENGE', 'FUN', 'WORKING_ON', 'DISCUSSING', 'VISITED', 'PLANS_TO_EXPLORE', 'TALKED_TO'] | rules=['TemporalNormalizationRule', 'SubjectResolutionRule', 'MinimalismRule']
2026-04-26 17:36:58,991 - Amadeus.Builder - INFO - 🛠️ Builder execution summary | buffer_index=0 | replay=False | ops=11 | waits=0
2026-04-26 17:36:58,991 - Experiment - INFO - [conv-43] 🛠️ Executed buffer 1 under schema v0 | active_node_types=[] | active_edge_types=[] | active_rules=[]
2026-04-26 17:36:58,991 - Experiment - INFO - [conv-43] 🧩 Post-build schema proposals detected | node_types=['Person', 'Team', 'Project', 'Location', 'Goal', 'Challenge', 'Experience'] | edge_types=['SIGNED_WITH', 'PLAYS_AS', 'HAS', 'GOAL', 'CHALLENGE', 'FUN', 'WORKING_ON', 'DISCUSSING', 'VISITED', 'PLANS_TO_EXPLORE', 'TALKED_TO'] | rules=['TemporalNormalizationRule', 'SubjectResolutionRule', 'MinimalismRule']
2026-04-26 17:36:59,012 - Amadeus.Optimizer - INFO - 📋 Judge CoT: Step 1: The Prediction states that Joanna's repeated viewings and ownership of the physical copy suggest a deep personal connection and significant interest, indicating sentimental or emotional value. The Ground Truth states that this suggests a strong emotional connection and valuing the movie's idea and acting. The Prediction aligns with the Ground Truth in meaning, so it is semantically correct. Step 2: The Builder Log includes the fact that Joanna owns a physical copy of the Romantic Drama Movie and has watched it three years ago. Step 3: The error category is not applicable since the Prediction is correct. Step 4: No strategy update is needed as the Prediction is accurate.
2026-04-26 17:36:59,012 - Amadeus.Optimizer - INFO - ✅ Attempt 1 PASS | Blame: QUESTIONER
2026-04-26 17:36:59,012 - Amadeus.Optimizer - INFO - ⚔️ Self-Play End | Attempts: 1 | Final: PASS | Experiences Total: 0
2026-04-26 17:36:59,012 - Experiment - INFO - [conv-42] 🔄 Flush Triggered at chunk 2. Processing Buffer...
2026-04-26 17:36:59,012 - Experiment - INFO - [conv-42] 🧠 Starting schema emergence over first up to 2 flushed buffers.
2026-04-26 17:36:59,012 - Experiment - INFO - [conv-42] 🧠 Emergence attempt with n=1
2026-04-26 17:36:59,163 - Experiment - INFO - [conv-43] 🧠 Schema state after post-build buffer 1 | changed=True | version=0->1 | n_selected=1 | active_node_types=[] | active_edge_types=[] | active_rules=['TemporalNormalizationRule', 'SubjectResolutionRule', 'MinimalismRule']
2026-04-26 17:36:59,163 - Experiment - INFO - [conv-43] 🧭 Schema refined after buffer 1; rebuilding current buffer only.
2026-04-26 17:37:05,085 - Amadeus.Builder - WARNING - Schema rule proposal skipped: unsupported shape | raw={"rule": "InterestNormalizationRule", "description": "Normalize interest mentions to a standardized format. For example, 'action and sci-fi movies' should be represented as 'Action and Sci-Fi Movies'.", "examples": ["action and sci-fi movies"]}
2026-04-26 17:37:05,086 - Amadeus.Builder - WARNING - Schema rule proposal skipped: unsupported shape | raw={"rule": "RecommendationTrackingRule", "description": "Track recommendations explicitly with a 'recommended' edge type. When a user recommends something, create a directed edge from the recommender to the recommended item.", "examples": ["recommended 'romantic drama that's all about memory and relationships'"]}
2026-04-26 17:37:05,086 - Amadeus.Builder - WARNING - Schema rule proposal skipped: unsupported shape | raw={"rule": "ExperienceLinkingRule", "description": "Link experiences to activities and interests. For example, 'watching a movie' should be linked to the 'movie' entity and the 'watching' activity.", "examples": ["watched 'romantic drama that's all about memory and relationships'"]}
2026-04-26 17:37:05,086 - Amadeus.Builder - INFO - 🧠 Schema emergence | stable=True | reason=The schema can be considered stable as the conversation primarily revolves around personal interests and activities, which can be represented using general node types like Entity and Activity. The edge types can be represented using broad relation types like 'has_interest' and 'has_activity'. The builder rules already in place are sufficient to handle the data in the buffer. | node_types=[] | edge_types=[] | rules=[]
2026-04-26 17:37:05,086 - Amadeus.Builder - INFO - 🧠 Schema emergence analysis: The buffer contains conversations about hobbies, interests, and shared experiences. The main topics are video games, movies, and personal interests. The conversation includes mentions of specific games, movie genres, and a recommended movie. The temporal context is provided with a date and time, and there are references to past events like winning a tournament and watching a movie. The conversation shows mutual interests and recommendations, indicating potential for creating node types related to interests, activities, and experiences. However, the conversation does not contain explicit events or structured data that would require specific node types beyond general categories.
2026-04-26 17:37:05,086 - Experiment - INFO - [conv-42] 🧠 Emergence declared stable at n=1
2026-04-26 17:37:05,086 - Experiment - INFO - [conv-42] 🧠 No schema proposals to apply from emergence.
2026-04-26 17:37:10,945 - Amadeus.Builder - INFO - 🤔 Builder CoT: Step 1: The session context is 2023-05-21. All events are in the same day. Step 2: Extract facts about John and Tim's interactions. Step 3: Check if these facts exist in the graph. Step 4: Add new facts and update existing ones as needed.
2026-04-26 17:37:10,945 - Amadeus.Builder - INFO - 🔄 UPDATE LINK: John --SIGNED_WITH<RelationEdge>--> Minnesota Wolves (Time: 2023-05-21)
2026-04-26 17:37:10,946 - Amadeus.Builder - INFO - 🔄 UPDATE LINK: John --PLAYS_AS<RelationEdge>--> Shooting Guard (Time: 2023-05-21)
2026-04-26 17:37:10,946 - Amadeus.Builder - INFO - 🔄 UPDATE LINK: John --HAS<RelationEdge>--> Season Opener (Time: 2023-05-21)
2026-04-26 17:37:10,946 - Amadeus.Builder - INFO - 🔄 UPDATE LINK: John --GOAL<RelationEdge>--> Improve Shooting Percentage (Time: 2023-05-21)
2026-04-26 17:37:10,946 - Amadeus.Builder - INFO - 🔄 UPDATE LINK: John --CHALLENGE<RelationEdge>--> Fitting into Team Style (Time: 2023-05-21)
2026-04-26 17:37:10,946 - Amadeus.Builder - INFO - 🔄 UPDATE LINK: John --FUN<RelationEdge>--> Team (Time: 2023-05-21)
2026-04-26 17:37:10,946 - Amadeus.Builder - INFO - 🔄 UPDATE LINK: Tim --WORKING_ON<RelationEdge>--> Harry Potter Fan Project (Time: 2023-05-21)
2026-04-26 17:37:10,946 - Amadeus.Builder - INFO - 🔄 UPDATE LINK: Tim --DISCUSSING<RelationEdge>--> Collaborations (Time: 2023-05-21)
2026-04-26 17:37:10,946 - Amadeus.Builder - INFO - 🔄 UPDATE LINK: Tim --VISITED<RelationEdge>--> London (Time: 2023-05-21)
2026-04-26 17:37:10,946 - Amadeus.Builder - INFO - 🔄 UPDATE LINK: Tim --PLANS_TO_EXPLORE<RelationEdge>--> Harry Potter Places (Time: 2023-05-21)
2026-04-26 17:37:10,946 - Amadeus.Builder - INFO - 🔄 UPDATE LINK: Tim --TALKED_TO<RelationEdge>--> Friend (Time: 2023-05-21)
2026-04-26 17:37:10,950 - Amadeus.Builder - INFO - 🛠️ Builder execution summary | buffer_index=0 | replay=False | ops=11 | waits=0
2026-04-26 17:37:10,950 - Amadeus.Optimizer - INFO - ⚔️ Self-Play Start | Mode: iterative-retry, MaxRetries: 3
2026-04-26 17:37:13,021 - Amadeus.Questioner - INFO - Questioner CoT: First, I analyzed the buffer to identify key entities and relationships. I noticed that Tim mentions going to a place in London related to Harry Potter and describes it as feeling like a Harry Potter movie. This implies a strong emotional connection and vivid imagery. The question should infer the emotional impact of this experience on Tim.
2026-04-26 17:37:13,021 - Amadeus.Optimizer - INFO - ⚔️ Question: How did Tim feel about visiting the Harry Potter-related place in London?
2026-04-26 17:37:13,021 - Amadeus.Optimizer - INFO - ⚔️ Ground Truth: Tim described the experience as amazing and mentioned it was like walking into a Harry Potter movie, indicating a positive and immersive emotional reaction.
2026-04-26 17:37:13,021 - Amadeus.Optimizer - INFO - 🔄 Attempt 1/3
2026-04-26 17:37:13,021 - Amadeus.Answerer - INFO - ❓ Question: How did Tim feel about visiting the Harry Potter-related place in London?
2026-04-26 17:37:14,163 - Amadeus.Answerer - INFO - Step 2: SEARCH - {'tool': 'SEARCH', 'query': 'How did Tim feel about visiting the Harry Potter-related place in London?', 'mode': 'hybrid', 'entry_edge_ids': ['E1'], 'entry_nodes': ['Tim', 'Harry Potter Places', 'London']}
2026-04-26 17:37:14,164 - Amadeus.Answerer - INFO - walk_decision_raw={'tool': 'SEARCH', 'query': 'How did Tim feel about visiting the Harry Potter-related place in London?', 'mode': 'hybrid', 'entry_edge_ids': ['E1'], 'entry_nodes': ['Tim', 'Harry Potter Places', 'London']}
2026-04-26 17:37:14,879 - Amadeus.Answerer - INFO - evidence_pool_init=- Tim PLANS_TO_EXPLORE Harry Potter Places at 2023-05-21
- Tim VISITED London at 2023-05-21
2026-04-26 17:37:15,501 - Amadeus.Answerer - INFO - Step 3: READ - {'tool': 'READ', 'answer': 'Based on the evidence, Tim planned to explore Harry Potter places in London, indicating a positive interest or enthusiasm towards visiting Harry Potter-related locations.'}
2026-04-26 17:37:15,501 - Amadeus.Answerer - INFO - walk_decision_raw={'tool': 'READ', 'answer': 'Based on the evidence, Tim planned to explore Harry Potter places in London, indicating a positive interest or enthusiasm towards visiting Harry Potter-related locations.'}
2026-04-26 17:37:15,501 - Amadeus.Answerer - INFO - read_triggered_by=llm_decision
2026-04-26 17:37:15,501 - Amadeus.Optimizer - INFO - 🔄 Attempt 1 | Prediction: Based on the evidence, Tim planned to explore Harry Potter places in London, indicating a positive interest or enthusiasm towards visiting Harry Potter-related locations.
2026-04-26 17:37:20,009 - Amadeus.Optimizer - INFO - 📋 Judge CoT: Step 1: The Prediction states that Tim planned to explore Harry Potter places in London, indicating positive interest. The Ground Truth states Tim described the experience as amazing and immersive, showing a positive emotional reaction. The Prediction does not capture the emotional reaction described in the Ground Truth. Step 2: The Builder Log includes the edge 'Tim --PLANS_TO_EXPLORE<RelationEdge>--> Harry Potter Places (Time: 2023-05-21)', but no edge directly indicates Tim's emotional reaction to visiting the Harry Potter-related place in London. Step 3: The error is a missing_causal_relation, as the Builder Log lacks an edge connecting Tim's visit to the emotional reaction. Step 4: To prevent this, the Builder should extract emotional reactions when entities express feelings about experiences.
2026-04-26 17:37:20,009 - Amadeus.Optimizer - WARNING - ❌ Attempt 1 FAIL | Blame: BUILDER | ErrorCat: missing_causal_relation | Reason: The Builder Log lacks an edge capturing Tim's emotional reaction to the Harry Potter experience, which is critical for answering the question about his feelings.
2026-04-26 17:37:20,009 - Amadeus.Optimizer - INFO - 📈 Strategy Update | Agent: BUILDER | Operator: ADD
2026-04-26 17:37:20,009 - Amadeus.Optimizer - INFO - 📈 Meta-Gradient: When an entity expresses a feeling or emotional reaction about an experience, explicitly create an edge from the entity to the emotion or reaction described.
2026-04-26 17:37:20,009 - Amadeus.Agent - INFO - 📈 Guideline Updated for [ADD]: When an entity expresses a feeling or emotional reaction about an experience, explicitly create an edge from the entity to the emotion or reaction described.
2026-04-26 17:37:20,009 - Amadeus.Optimizer - INFO - 🔧 Graph Patch: [{"action": "ADD", "subject": "Tim", "object": "Emotional Reaction", "content": "Amazing and Immersive"}]
2026-04-26 17:37:20,009 - Amadeus.Builder - INFO - 🔧 FORCE UPDATE TRIGGERED: Apply these fixes: [{"action": "ADD", "subject": "Tim", "object": "Emotional Reaction", "content": "Amazing and Immersive"}]
2026-04-26 17:37:21,723 - Amadeus.Builder - INFO - 🤔 Builder CoT: Step 1: The session context is 2022-01-23. All dates in the buffer are relative to this. 'Last Friday' refers to 2022-01-21. '3 years ago' refers to 2019-01-21. Step 2: The buffer contains multiple facts about Joanna's screenplay, her allergies, her hobbies, and Nate's activities. Step 3: The graph already has some of these facts, so they need to be updated. For example, the existing 'Romantic Drama Movie' is now linked to a screenplay. Step 4: Some facts are new, like the screenplay and the turtles. Others are updates to existing relationships.
2026-04-26 17:37:21,723 - Amadeus.Builder - INFO - 🔄 UPDATE LINK: Joanna --CREATED_SCREENPLAY<RelationEdge>--> Romantic Drama Movie (Time: 2022-01-21)
2026-04-26 17:37:21,735 - Amadeus.Builder - INFO - 🔗 LINK: Turtles --OWNED<RelationEdge>--> Nate (Time: 2022-01-23)
2026-04-26 17:37:21,735 - Amadeus.Builder - INFO - 🔄 UPDATE LINK: Nate --VIDEO_GAMES, MOVIES, TURTLES_CARE<RelationEdge>--> Hobbies (Time: 2022-01-23)
2026-04-26 17:37:21,735 - Amadeus.Builder - INFO - 🔄 UPDATE LINK: Joanna --WRITING, READING, MOVIES, NATURE, PET_ALLERGIES<RelationEdge>--> Hobbies (Time: 2022-01-23)
2026-04-26 17:37:21,735 - Amadeus.Builder - INFO - 🔄 UPDATE LINK: Joanna --DRAMA, ROMANCE, SCREENPLAY_WRITING<RelationEdge>--> Movie Genre (Time: 2022-01-23)
2026-04-26 17:37:21,735 - Amadeus.Builder - INFO - 🔄 UPDATE LINK: Nate --HANGING_OUT_WITH_NEW_PEOPLE<RelationEdge>--> Video Game Tournament (Time: 2022-01-23)
2026-04-26 17:37:21,742 - Amadeus.Builder - INFO - 🧩 Builder schema proposals | nodes=['Screenplay', 'PetAllergies'] | edges=['CREATED_SCREENPLAY', 'OWNED', 'PET_ALLERGIES'] | rules=['ScreenplayCreationRule', 'PetOwnershipRule', 'AllergyRule']
2026-04-26 17:37:21,742 - Amadeus.Builder - INFO - 🛠️ Builder execution summary | buffer_index=1 | replay=False | ops=6 | waits=0
2026-04-26 17:37:21,742 - Experiment - INFO - [conv-42] 🛠️ Executed buffer 2 under schema v1 | active_node_types=[] | active_edge_types=[] | active_rules=['TemporalNormalizationRule', 'SubjectResolutionRule', 'MinimalismRule', 'CompletenessRule', 'EpisodicPrimacyRule', 'AmbiguityAversionRule']
2026-04-26 17:37:21,743 - Experiment - INFO - [conv-42] 🧩 Post-build schema proposals detected | node_types=['Screenplay', 'PetAllergies'] | edge_types=['CREATED_SCREENPLAY', 'OWNED', 'PET_ALLERGIES'] | rules=['ScreenplayCreationRule', 'PetOwnershipRule', 'AllergyRule']
2026-04-26 17:37:23,478 - Amadeus.Builder - INFO - 🔗 LINK: Tim --Amazing and Immersive<RelationEdge>--> Emotional Reaction (Time: 2023-05-21)
2026-04-26 17:37:23,489 - Amadeus.Optimizer - INFO - 🔨 Builder re-processing buffer with updated strategy...
2026-04-26 17:37:28,494 - Amadeus.Builder - INFO - 🔍 Schema review results | node:Screenplay->merge(Entity); node:PetAllergies->merge(Entity); edge:CREATED_SCREENPLAY->generalize(RelationEdge); edge:OWNED->generalize(RelationEdge); edge:PET_ALLERGIES->generalize(RelationEdge); rule:ScreenplayCreationRule->keep(ScreenplayCreationRule); rule:PetOwnershipRule->keep(PetOwnershipRule); rule:AllergyRule->keep(AllergyRule)
2026-04-26 17:37:28,553 - Experiment - INFO - [conv-42] 🧠 Schema state after post-build buffer 2 | changed=True | version=1->2 | n_selected=2 | active_node_types=['Entity'] | active_edge_types=['RelationEdge'] | active_rules=['TemporalNormalizationRule', 'SubjectResolutionRule', 'MinimalismRule', 'CompletenessRule', 'EpisodicPrimacyRule', 'AmbiguityAversionRule', 'ScreenplayCreationRule', 'PetOwnershipRule', 'AllergyRule']
2026-04-26 17:37:28,554 - Experiment - INFO - [conv-42] 🧭 Schema refined after buffer 2; rebuilding current buffer only.
2026-04-26 17:37:32,316 - Amadeus.Builder - INFO - 🤔 Builder CoT: Step 1: The session context is 2022-01-23. The buffer contains dialogue between Joanna and Nate. Step 2: Extract facts about Joanna finishing her screenplay, owning turtles, and having allergies. Step 3: Check if these facts exist in the graph. Joanna's screenplay and turtles are already present. Allergies are new. Step 4: Add the allergy information as a new node.
2026-04-26 17:37:32,330 - Amadeus.Builder - INFO - 🔗 LINK: PetAllergies --Allergic to most reptiles and animals with fur<PET_ALLERGIES>--> Joanna (Time: 2022-01-23)
2026-04-26 17:37:32,338 - Amadeus.Builder - INFO - 🧩 Builder schema proposals | nodes=['PetAllergies'] | edges=[] | rules=[]
2026-04-26 17:37:32,338 - Amadeus.Builder - INFO - 🛠️ Builder execution summary | buffer_index=1 | replay=False | ops=1 | waits=0
2026-04-26 17:37:32,338 - Amadeus.Optimizer - INFO - ⚔️ Self-Play Start | Mode: iterative-retry, MaxRetries: 3
2026-04-26 17:37:35,322 - Amadeus.Questioner - INFO - Questioner CoT: First, I analyzed the buffer to identify key entities, events, and relationships. I noticed that Joanna and Nate discuss Joanna's screenplay, her emotions, and her allergies. The conversation also touches on their hobbies and how they cope with stress. I identified that Joanna's passion for writing and her coping mechanisms are central themes. An implicit inference question could explore the emotional impact of her writing on her life, which is implied through her statements about finding joy and expressing feelings through writing.
2026-04-26 17:37:35,322 - Amadeus.Optimizer - INFO - ⚔️ Question: How does Joanna's passion for writing influence her ability to cope with stress and anxiety?
2026-04-26 17:37:35,322 - Amadeus.Optimizer - INFO - ⚔️ Ground Truth: Joanna's passion for writing helps her cope with stress and anxiety by allowing her to express her feelings and create imaginative worlds.
2026-04-26 17:37:35,322 - Amadeus.Optimizer - INFO - 🔄 Attempt 1/3
2026-04-26 17:37:35,322 - Amadeus.Answerer - INFO - ❓ Question: How does Joanna's passion for writing influence her ability to cope with stress and anxiety?
2026-04-26 17:37:36,075 - Amadeus.Builder - INFO - 🤔 Builder CoT: Step 1: The session context is 21 May 2023. All dialogues are set in this timeframe. Step 2: Extract atomic facts from the conversation. Step 3: Check if each fact exists in the graph. Step 4: Apply ADD, UPDATE, DELETE, or WAIT based on the graph state.
2026-04-26 17:37:36,076 - Amadeus.Builder - INFO - 🔗 LINK: Tim --WORKING_ON<RelationEdge>--> Harry Potter Fan Project (Time: 2023-05-21)
2026-04-26 17:37:36,076 - Amadeus.Builder - INFO - 🔗 LINK: Tim --DISCUSSING<RelationEdge>--> Collaborations (Time: 2023-05-21)
2026-04-26 17:37:36,076 - Amadeus.Builder - INFO - 🔗 LINK: John --SIGNED_WITH<RelationEdge>--> Minnesota Wolves (Time: 2023-05-21)
2026-04-26 17:37:36,076 - Amadeus.Builder - INFO - 🔗 LINK: John --PLAYS_AS<RelationEdge>--> Shooting Guard (Time: 2023-05-21)
2026-04-26 17:37:36,076 - Amadeus.Builder - INFO - 🔗 LINK: John --HAS<RelationEdge>--> Season Opener (Time: 2023-05-21)
2026-04-26 17:37:36,076 - Amadeus.Builder - INFO - 🔗 LINK: John --GOAL<RelationEdge>--> Improve Shooting Percentage (Time: 2023-05-21)
2026-04-26 17:37:36,076 - Amadeus.Builder - INFO - 🔗 LINK: John --CHALLENGE<RelationEdge>--> Fitting into Team Style (Time: 2023-05-21)
2026-04-26 17:37:36,076 - Amadeus.Builder - INFO - 🔗 LINK: John --FUN<RelationEdge>--> Team (Time: 2023-05-21)
2026-04-26 17:37:36,076 - Amadeus.Builder - INFO - 🔗 LINK: Tim --VISITED<RelationEdge>--> London (Time: 2023-05-21)
2026-04-26 17:37:36,076 - Amadeus.Builder - INFO - 🔗 LINK: Tim --PLANS_TO_EXPLORE<RelationEdge>--> Harry Potter Places (Time: 2023-05-21)
2026-04-26 17:37:36,076 - Amadeus.Builder - INFO - 🔗 LINK: Tim --TALKED_TO<RelationEdge>--> Friend (Time: 2023-05-21)
2026-04-26 17:37:36,077 - Amadeus.Builder - INFO - 🔗 LINK: Tim --Amazing and Immersive<RelationEdge>--> Emotional Reaction (Time: 2023-05-21)
2026-04-26 17:37:36,088 - Amadeus.Builder - INFO - 🛠️ Builder execution summary | buffer_index=None | replay=False | ops=12 | waits=0
2026-04-26 17:37:36,088 - Amadeus.Optimizer - INFO - 🔄 Attempt 2/3
2026-04-26 17:37:36,088 - Amadeus.Answerer - INFO - ❓ Question: How did Tim feel about visiting the Harry Potter-related place in London?
2026-04-26 17:37:37,203 - Amadeus.Answerer - INFO - Step 2: SEARCH - {'tool': 'SEARCH', 'query': "How does Joanna's passion for writing influence her ability to cope with stress and anxiety?", 'mode': 'hybrid', 'entry_edge_ids': ['E1'], 'entry_nodes': ['Joanna', 'Hobbies', 'Movie Genre', 'Romantic Drama Movie', 'PetAllergies', 'Nate', 'Video Game Tournament', 'Turtles', 'Counter-Strike: Global Offensive']}
2026-04-26 17:37:37,203 - Amadeus.Answerer - INFO - walk_decision_raw={'tool': 'SEARCH', 'query': "How does Joanna's passion for writing influence her ability to cope with stress and anxiety?", 'mode': 'hybrid', 'entry_edge_ids': ['E1'], 'entry_nodes': ['Joanna', 'Hobbies', 'Movie Genre', 'Romantic Drama Movie', 'PetAllergies', 'Nate', 'Video Game Tournament', 'Turtles', 'Counter-Strike: Global Offensive']}
2026-04-26 17:37:37,637 - Amadeus.Answerer - INFO - Step 2: SEARCH - {'tool': 'SEARCH', 'query': 'How did Tim feel about visiting the Harry Potter-related place in London?', 'mode': 'hybrid', 'entry_edge_ids': ['E1'], 'entry_nodes': ['Tim', 'Harry Potter Places', 'London', 'Emotional Reaction', 'Friend', 'Collaborations', 'John', 'Season Opener', 'Minnesota Wolves']}
2026-04-26 17:37:37,637 - Amadeus.Answerer - INFO - walk_decision_raw={'tool': 'SEARCH', 'query': 'How did Tim feel about visiting the Harry Potter-related place in London?', 'mode': 'hybrid', 'entry_edge_ids': ['E1'], 'entry_nodes': ['Tim', 'Harry Potter Places', 'London', 'Emotional Reaction', 'Friend', 'Collaborations', 'John', 'Season Opener', 'Minnesota Wolves']}
2026-04-26 17:37:37,919 - Amadeus.Answerer - INFO - evidence_pool_init=- Joanna --WRITING, READING, MOVIES, NATURE, PET_ALLERGIES--> Hobbies @ 2022-01-23
2026-04-26 17:37:38,802 - Amadeus.Answerer - INFO - evidence_pool_init=- Tim PLANS_TO_EXPLORE Harry Potter Places at 2023-05-21
- Tim VISITED London at 2023-05-21
- Tim had an Emotional Reaction of Amazing and Immersive at 2023-05-21
2026-04-26 17:37:38,934 - Amadeus.Answerer - INFO - Step 3: READ - {'tool': 'READ', 'answer': "Joanna's passion for writing, as part of her hobbies, likely provides an outlet for emotional expression and creativity, which can help her manage stress and anxiety by offering a constructive way to process emotions and gain perspective."}
2026-04-26 17:37:38,934 - Amadeus.Answerer - INFO - walk_decision_raw={'tool': 'READ', 'answer': "Joanna's passion for writing, as part of her hobbies, likely provides an outlet for emotional expression and creativity, which can help her manage stress and anxiety by offering a constructive way to process emotions and gain perspective."}
2026-04-26 17:37:38,934 - Amadeus.Answerer - INFO - read_triggered_by=llm_decision
2026-04-26 17:37:38,934 - Amadeus.Optimizer - INFO - 🔄 Attempt 1 | Prediction: Joanna's passion for writing, as part of her hobbies, likely provides an outlet for emotional expression and creativity, which can help her manage stress and anxiety by offering a constructive way to 
2026-04-26 17:37:39,514 - Amadeus.Answerer - INFO - Step 3: READ - {'tool': 'READ', 'answer': "Tim felt an emotional reaction of 'Amazing and Immersive' about visiting the Harry Potter-related place in London."}
2026-04-26 17:37:39,514 - Amadeus.Answerer - INFO - walk_decision_raw={'tool': 'READ', 'answer': "Tim felt an emotional reaction of 'Amazing and Immersive' about visiting the Harry Potter-related place in London."}
2026-04-26 17:37:39,514 - Amadeus.Answerer - INFO - read_triggered_by=llm_decision
2026-04-26 17:37:39,514 - Amadeus.Optimizer - INFO - 🔄 Attempt 2 | Prediction: Tim felt an emotional reaction of 'Amazing and Immersive' about visiting the Harry Potter-related place in London.
2026-04-26 17:37:41,002 - Amadeus.Optimizer - INFO - 📋 Judge CoT: Step 1: The Prediction states that Joanna's passion for writing provides an outlet for emotional expression and creativity, helping her manage stress and anxiety. The Ground Truth asserts that her passion helps her cope by expressing feelings and creating imaginative worlds. Both align semantically, so the Prediction is correct. Step 2: Since the Prediction is correct, there is no need to examine the Builder Log. Step 3: No error category applies. Step 4: No strategy update is required.
2026-04-26 17:37:41,002 - Amadeus.Optimizer - INFO - ✅ Attempt 1 PASS | Blame: QUESTIONER
2026-04-26 17:37:41,002 - Amadeus.Optimizer - INFO - ⚔️ Self-Play End | Attempts: 1 | Final: PASS | Experiences Total: 0
2026-04-26 17:37:41,002 - Experiment - INFO - [conv-42] 🔄 Flush Triggered at chunk 3. Processing Buffer...
2026-04-26 17:37:41,002 - Experiment - INFO - [conv-42] 🧠 Starting schema emergence over first up to 3 flushed buffers.
2026-04-26 17:37:41,002 - Experiment - INFO - [conv-42] 🧠 Emergence attempt with n=1
2026-04-26 17:37:44,263 - Amadeus.Optimizer - INFO - 📋 Judge CoT: Step 1: The Prediction states that Tim felt an emotional reaction of 'Amazing and Immersive' about visiting the Harry Potter-related place in London. The Ground Truth indicates that Tim described the experience as amazing and mentioned it was like walking into a Harry Potter movie, indicating a positive and immersive emotional reaction. The Prediction semantically matches the Ground Truth. Step 2: The Builder Log contains the edge 'Tim --VISITED<RelationEdge>--> London' and 'Tim --PLANS_TO_EXPLORE<RelationEdge>--> Harry Potter Places', but there is no explicit emotional reaction or description of the experience. Step 3: The error category is missing_emotional_reaction, as the Builder Log lacks the emotional description of the visit. Step 4: To prevent this, the Builder should explicitly create an edge when an entity describes an emotional reaction to an experience.
2026-04-26 17:37:44,263 - Amadeus.Optimizer - INFO - ✅ Attempt 2 PASS | Blame: QUESTIONER
2026-04-26 17:37:44,263 - Amadeus.Optimizer - INFO - 🧠 Both FAIL and PASS detected — extracting experience...
2026-04-26 17:37:51,057 - Amadeus.Optimizer - INFO - 🧠 Experience CoT: Step 1: The successful strategy update was the one in Attempt 2, which targeted the BUILDER.ADD operator with the meta_gradient: "When an entity describes an experience with emotional language (e.g., 'amazing', 'immersive'), explicitly create an edge from the entity to the emotion or reaction described." This update resolved the error where the Answerer failed to capture the emotional reaction in the prediction.

Step 2: Earlier updates in Attempt 1 failed because they blamed the BUILDER for a missing_causal_relation error, but the actual issue was that the Answerer didn't properly interpret the emotional language in the graph. The first meta_gradient was too vague and didn't address the root cause of the Answerer's inability to extract emotional reactions from the graph structure.

Step 3: The successful update worked because it correctly targeted the BUILDER.ADD operator with a specific instruction to capture emotional language in the graph. It was specific enough to guide the Builder to add emotional edges when certain language patterns were present, which the Answerer could then use to generate accurate responses.

Step 4: The general rule is: When the error_category is 'missing_emotional_reaction' and the blame is on the ANSWERER, the Optimizer should update the BUILDER's ADD operator with a meta_gradient that instructs the Builder to explicitly create edges for emotional reactions described in the text. This ensures the graph contains the necessary emotional information for the Answerer to use.

Step 5: The Optimizer should recognize when the error_category is 'missing_emotional_reaction' and the blame is on the ANSWERER. The measure is to update the BUILDER's ADD operator with a meta_gradient that captures emotional language in the text. The target_agent is BUILDER, and the target_operator is ADD.
2026-04-26 17:37:51,057 - Amadeus.Optimizer - INFO - 🧠 Experience Extracted!
2026-04-26 17:37:51,057 - Amadeus.Optimizer - INFO - 🧠 TARGET: BUILDER.ADD
2026-04-26 17:37:51,057 - Amadeus.Optimizer - INFO - 🧠 TRIGGER: When the error_category is 'missing_emotional_reaction' and the blame is on the ANSWERER, indicating the graph lacks explicit emotional edges for described reactions
2026-04-26 17:37:51,057 - Amadeus.Optimizer - INFO - 🧠 MEASURE: The Optimizer should update the BUILDER's ADD operator with a meta_gradient that instructs the Builder to explicitly create edges from entities to emotional reactions when the text contains descriptive language indicating such feelings (e.g., 'amazing', 'immersive')
2026-04-26 17:37:51,057 - Amadeus.Optimizer - INFO - ⚔️ Self-Play End | Attempts: 2 | Final: PASS | Experiences Total: 1
2026-04-26 17:37:51,057 - Experiment - INFO - [conv-43] 🔄 Flush Triggered at chunk 2. Processing Buffer...
2026-04-26 17:37:51,057 - Experiment - INFO - [conv-43] 🧠 Starting schema emergence over first up to 2 flushed buffers.
2026-04-26 17:37:51,057 - Experiment - INFO - [conv-43] 🧠 Emergence attempt with n=1
2026-04-26 17:37:56,132 - Amadeus.Builder - WARNING - Schema node proposal skipped: 1 validation error for NodeTypeProposal
examples
  Input should be a valid list [type=list_type, input_value="Joanna's Screenplay; Cou...eading; Watching Movies", input_type=str]
    For further information visit https://errors.pydantic.dev/2.12/v/list_type | raw={"name": "Entity", "desc": "A written work that is a basis for a film or television production. | A media item such as a movie, game, or book. | A personal interest or hobby.", "when_to_create": "When a character mentions creating or finishing a screenplay. | When a character mentions a specific media item (movie, game, book). | When a character mentions a personal interest or hobby.", "usage_scene": "Linking to movie genres and hobbies. | Linking to media consumption and personal interests. | Linking to personal preferences and activities.", "examples": "Joanna's Screenplay; Counter-Strike: Global Offensive; Reading; Watching Movies"}
2026-04-26 17:37:56,132 - Amadeus.Builder - WARNING - Schema node proposal skipped: 1 validation error for NodeTypeProposal
examples
  Input should be a valid list [type=list_type, input_value='Counter-Strike: Global O... Romantic Drama (movie)', input_type=str]
    For further information visit https://errors.pydantic.dev/2.12/v/list_type | raw={"name": "MediaItem", "desc": "A specific media item such as a movie, game, or book.", "when_to_create": "When a character mentions a specific media item (movie, game, book).", "usage_scene": "Linking to media consumption and personal interests.", "examples": "Counter-Strike: Global Offensive; Romantic Drama (movie)"}
2026-04-26 17:37:56,132 - Amadeus.Builder - WARNING - Schema node proposal skipped: 1 validation error for NodeTypeProposal
examples
  Input should be a valid list [type=list_type, input_value='Reading; Watching Movies; Playing Video Games', input_type=str]
    For further information visit https://errors.pydantic.dev/2.12/v/list_type | raw={"name": "Hobby", "desc": "A personal interest or activity that a character engages in regularly.", "when_to_create": "When a character mentions a specific hobby or interest.", "usage_scene": "Linking to personal preferences and activities.", "examples": "Reading; Watching Movies; Playing Video Games"}
2026-04-26 17:37:56,132 - Amadeus.Builder - WARNING - Schema edge proposal skipped: 1 validation error for EdgeTypeProposal
examples
  Input should be a valid list [type=list_type, input_value='Joanna --ENGAGED_WITH-->...--> Playing Video Games', input_type=str]
    For further information visit https://errors.pydantic.dev/2.12/v/list_type | raw={"name": "RelationEdge", "desc": "Indicates a general relationship between entities. | Indicates a character's engagement with a media item or hobby.", "when_to_create": "When a character mentions a relationship between entities. | When a character mentions engaging with a media item or hobby.", "usage_scene": "Linking characters to media items and hobbies. | Linking characters to personal interests and activities.", "examples": "Joanna --ENGAGED_WITH--> Counter-Strike: Global Offensive; Nate --ENJOYS--> Playing Video Games"}
2026-04-26 17:37:56,132 - Amadeus.Builder - WARNING - Schema edge proposal skipped: 1 validation error for EdgeTypeProposal
examples
  Input should be a valid list [type=list_type, input_value='Joanna --CREATED--> Screenplay', input_type=str]
    For further information visit https://errors.pydantic.dev/2.12/v/list_type | raw={"name": "CreatedBy", "desc": "Indicates that a character created a media item or screenplay.", "when_to_create": "When a character mentions creating or finishing a screenplay or media item.", "usage_scene": "Linking characters to their creations.", "examples": "Joanna --CREATED--> Screenplay"}
2026-04-26 17:37:56,132 - Amadeus.Builder - WARNING - Schema edge proposal skipped: 1 validation error for EdgeTypeProposal
examples
  Input should be a valid list [type=list_type, input_value='Joanna --CONSUMED--> Romantic Drama (movie)', input_type=str]
    For further information visit https://errors.pydantic.dev/2.12/v/list_type | raw={"name": "Consumed", "desc": "Indicates that a character consumed a media item.", "when_to_create": "When a character mentions watching, reading, or playing a media item.", "usage_scene": "Linking characters to media consumption.", "examples": "Joanna --CONSUMED--> Romantic Drama (movie)"}
2026-04-26 17:37:56,132 - Amadeus.Builder - WARNING - Schema edge proposal skipped: 1 validation error for EdgeTypeProposal
examples
  Input should be a valid list [type=list_type, input_value='Joanna --PREFERRED--> Dr...ED--> Action and Sci-Fi', input_type=str]
    For further information visit https://errors.pydantic.dev/2.12/v/list_type | raw={"name": "Preferred", "desc": "Indicates a character's preference for a media item, genre, or hobby.", "when_to_create": "When a character mentions a preference for a media item, genre, or hobby.", "usage_scene": "Linking characters to their preferences.", "examples": "Joanna --PREFERRED--> Dramas; Nate --PREFERRED--> Action and Sci-Fi"}
2026-04-26 17:37:56,132 - Amadeus.Builder - INFO - 🧠 Schema emergence | stable=True | reason=The schema can be expanded to include media and hobbies without requiring additional buffers. The existing rules can be adapted to cover these new elements. The current node types and edge types provide a solid foundation for further development. | node_types=[] | edge_types=[] | rules=['MediaConsumptionRule', 'HobbyEngagementRule', 'PreferenceRule', 'CreationRule']
2026-04-26 17:37:56,132 - Amadeus.Builder - INFO - 🧠 Schema emergence analysis: The buffers show interactions between two characters discussing hobbies, interests, and media consumption. The conversation includes mentions of screenplays, movies, video games, and personal preferences. The schema needs to capture these elements without over-specializing. The current schema focuses on screenplays, pets, and allergies, but the buffers suggest a broader scope of media and interests. The schema should be expanded to include media consumption, hobbies, and personal preferences while maintaining the existing structure.
2026-04-26 17:37:56,132 - Experiment - INFO - [conv-42] 🧠 Emergence declared stable at n=1
2026-04-26 17:37:56,992 - Amadeus.Builder - WARNING - Schema rule proposal skipped: unsupported shape | raw={"rule": "EntityResolutionRule", "description": "Identify and categorize entities such as people, teams, locations, and projects. Use Person for individuals, Team for sports teams, Location for places, and Project for collaborative efforts."}
2026-04-26 17:37:56,992 - Amadeus.Builder - WARNING - Schema rule proposal skipped: unsupported shape | raw={"rule": "RelationshipInferenceRule", "description": "Infer relationships based on context. For example, 'Belongs_to' for team membership, 'Participates_in' for involvement in projects, 'Has_goal' for personal objectives, 'Located_at' for places, and 'Collaborates_on' for joint efforts."}
2026-04-26 17:37:56,992 - Amadeus.Builder - WARNING - Schema rule proposal skipped: unsupported shape | raw={"rule": "TemporalContextRule", "description": "Capture time-related information explicitly when mentioned, such as 'next week' or 'a few years ago', and store it as temporal metadata."}
2026-04-26 17:37:56,992 - Amadeus.Builder - INFO - 🧠 Schema emergence | stable=False | reason=The current buffer only provides a single conversation between two individuals discussing personal experiences and projects. There's insufficient data to determine if the patterns observed are consistent or if new node/edge types will emerge in subsequent buffers. The conversation includes mentions of teams, positions, goals, and locations, but these are not yet sufficient to establish a stable schema. | node_types=[] | edge_types=[] | rules=[]
2026-04-26 17:37:56,992 - Amadeus.Builder - INFO - 🧠 Schema emergence analysis: The buffer contains conversations between John and Tim discussing John's new team, his position, goals, and challenges, as well as Tim's Harry Potter fan project. The conversation includes mentions of locations related to Harry Potter, such as a place in London. The content primarily revolves around personal experiences, goals, and collaborative projects. No specific entities or relationships are repeated across multiple buffers, so the schema is still in the early stages of emergence.
2026-04-26 17:37:56,992 - Experiment - INFO - [conv-43] 🧠 Emergence attempt with n=2
2026-04-26 17:38:02,992 - Amadeus.Builder - INFO - 🔍 Schema review results | rule:MediaConsumptionRule->keep(MediaConsumptionRule); rule:HobbyEngagementRule->keep(HobbyEngagementRule); rule:PreferenceRule->keep(PreferenceRule); rule:CreationRule->keep(CreationRule)
2026-04-26 17:38:02,993 - Experiment - INFO - [conv-42] 🧠 Schema state after emergence | changed=True | version=2->3 | n_selected=2 | active_node_types=['Entity'] | active_edge_types=['RelationEdge'] | active_rules=['TemporalNormalizationRule', 'SubjectResolutionRule', 'MinimalismRule', 'CompletenessRule', 'EpisodicPrimacyRule', 'AmbiguityAversionRule', 'ScreenplayCreationRule', 'PetOwnershipRule', 'AllergyRule', 'MediaConsumptionRule', 'HobbyEngagementRule', 'PreferenceRule', 'CreationRule']
2026-04-26 17:38:02,993 - Experiment - INFO - [conv-42] 🧭 Schema updated to v3; rebuilding current buffer only.
2026-04-26 17:38:03,598 - Amadeus.Builder - WARNING - Schema rule proposal skipped: unsupported shape | raw={"rule": "TemporalNormalizationRule", "description": "Use session context to resolve relative time expressions into absolute dates when possible. If unable, store relative expressions in the timestamp field."}
2026-04-26 17:38:03,599 - Amadeus.Builder - WARNING - Schema rule proposal skipped: unsupported shape | raw={"rule": "SubjectResolutionRule", "description": "Identify the subject of the buffer by analyzing who the sentence or event describes, not just the speaker. Avoid blindly assigning the current speaker as the subject."}
2026-04-26 17:38:03,599 - Amadeus.Builder - WARNING - Schema rule proposal skipped: unsupported shape | raw={"rule": "MinimalismRule", "description": "Avoid storing chit-chat, redundant facts, or temporary states. Use IGNORE for such content."}
2026-04-26 17:38:03,599 - Amadeus.Builder - WARNING - Schema rule proposal skipped: unsupported shape | raw={"rule": "EntityResolutionRule", "description": "Resolve entities like brands, locations, and organizations to standardized identifiers when possible."}
2026-04-26 17:38:03,599 - Amadeus.Builder - WARNING - Schema rule proposal skipped: unsupported shape | raw={"rule": "RelationGeneralizationRule", "description": "Prefer broad relation types over specific ones unless the specific relation is consistently and uniquely represented in the data."}
2026-04-26 17:38:03,599 - Amadeus.Builder - INFO - 🧠 Schema emergence | stable=True | reason=The schema can be stabilized with a small set of node and edge types that cover the main elements of the conversation. The conversation includes individuals, their goals, activities, and locations, which can be represented with broad types like Person, Goal, Activity, and Location. The interactions between these elements can be captured with general edge types like 'has_goal', 'participates_in', and 'located_at'. | node_types=[] | edge_types=[] | rules=[]
2026-04-26 17:38:03,599 - Amadeus.Builder - INFO - 🧠 Schema emergence analysis: The conversation between John and Tim reveals a rich set of interactions that can be modeled in a graph. The discussion covers personal achievements, team dynamics, fan projects, and shared interests. Key elements include individuals, their activities, goals, and locations. The schema needs to capture these elements without over-specializing. The conversation also includes references to brands, sports, and cultural references like Harry Potter, which can be represented through broad types.
2026-04-26 17:38:03,599 - Experiment - INFO - [conv-43] 🧠 Emergence declared stable at n=2
2026-04-26 17:38:03,599 - Experiment - INFO - [conv-43] 🧠 No schema proposals to apply from emergence.
2026-04-26 17:38:06,548 - Amadeus.Builder - INFO - 🤔 Builder CoT: Step 1: The session context is 7 February, 2022. The buffer contains dialogue between Joanna and Nate. Step 2: Extract facts about Joanna's screenplay, Nate's coconut milk ice cream, and their movie recommendation. Step 3: Check if these facts exist in the graph. Joanna's screenplay is already in the graph. Nate's ice cream and movie recommendations are new. Step 4: Add new facts about Nate's ice cream and movie recommendations.
2026-04-26 17:38:06,565 - Amadeus.Builder - INFO - 🔗 LINK: Coconut Milk Ice Cream --MADE<RelationEdge>--> Nate (Time: 2022-02-07)
2026-04-26 17:38:06,575 - Amadeus.Builder - INFO - 🔗 LINK: Little Women --WATCHED<RelationEdge>--> Nate (Time: 2022-02-07)
2026-04-26 17:38:06,582 - Amadeus.Builder - INFO - 🛠️ Builder execution summary | buffer_index=2 | replay=False | ops=2 | waits=0
2026-04-26 17:38:06,582 - Experiment - INFO - [conv-42] 🛠️ Executed buffer 3 under schema v3 | active_node_types=['Entity'] | active_edge_types=['RelationEdge'] | active_rules=['TemporalNormalizationRule', 'SubjectResolutionRule', 'MinimalismRule', 'CompletenessRule', 'EpisodicPrimacyRule', 'AmbiguityAversionRule', 'ScreenplayCreationRule', 'PetOwnershipRule', 'AllergyRule', 'MediaConsumptionRule', 'HobbyEngagementRule', 'PreferenceRule', 'CreationRule']
2026-04-26 17:38:06,582 - Amadeus.Optimizer - INFO - ⚔️ Self-Play Start | Mode: iterative-retry, MaxRetries: 3
2026-04-26 17:38:09,166 - Amadeus.Questioner - INFO - Questioner CoT: First, I analyzed the buffer to identify key entities and events. The conversation between Joanna and Nate discusses various topics, including Joanna's screenplay, Nate's coconut milk ice cream, and movie recommendations. Since the target mode is FACT_CHECK, I need to focus on explicit facts. Joanna mentions watching 'Little Women' and describing it as a great story about sisterhood, love, and reaching for your dreams. This is a clear factual statement that can be verified directly from the text.
2026-04-26 17:38:09,166 - Amadeus.Optimizer - INFO - ⚔️ Question: What movie did Joanna watch and describe as a great story about sisterhood, love, and reaching for your dreams?
2026-04-26 17:38:09,166 - Amadeus.Optimizer - INFO - ⚔️ Ground Truth: Little Women
2026-04-26 17:38:09,166 - Amadeus.Optimizer - INFO - 🔄 Attempt 1/3
2026-04-26 17:38:09,166 - Amadeus.Answerer - INFO - ❓ Question: What movie did Joanna watch and describe as a great story about sisterhood, love, and reaching for your dreams?
2026-04-26 17:38:11,314 - Amadeus.Answerer - INFO - Step 2: SEARCH - {'tool': 'SEARCH', 'query': 'What movie did Joanna watch and describe as a great story about sisterhood, love, and reaching for your dreams?', 'mode': 'hybrid', 'entry_edge_ids': ['E1'], 'entry_nodes': ['Joanna', 'Romantic Drama Movie', 'Movie Genre', 'Hobbies', 'Little Women', 'Nate', 'PetAllergies', 'Turtles', 'Coconut Milk Ice Cream', 'Video Game Tournament', 'Counter-Strike: Global Offensive']}
2026-04-26 17:38:11,314 - Amadeus.Answerer - INFO - walk_decision_raw={'tool': 'SEARCH', 'query': 'What movie did Joanna watch and describe as a great story about sisterhood, love, and reaching for your dreams?', 'mode': 'hybrid', 'entry_edge_ids': ['E1'], 'entry_nodes': ['Joanna', 'Romantic Drama Movie', 'Movie Genre', 'Hobbies', 'Little Women', 'Nate', 'PetAllergies', 'Turtles', 'Coconut Milk Ice Cream', 'Video Game Tournament', 'Counter-Strike: Global Offensive']}
2026-04-26 17:38:11,860 - Amadeus.Answerer - INFO - evidence_pool_init=- Joanna --RECOMMENDED--> Romantic Drama Movie @ 2022-01-21
2026-04-26 17:38:12,672 - Amadeus.Answerer - INFO - Step 3: READ - {'tool': 'READ', 'answer': "Joanna watched and described 'Little Women' as a great story about sisterhood, love, and reaching for your dreams."}
2026-04-26 17:38:12,672 - Amadeus.Answerer - INFO - walk_decision_raw={'tool': 'READ', 'answer': "Joanna watched and described 'Little Women' as a great story about sisterhood, love, and reaching for your dreams."}
2026-04-26 17:38:12,672 - Amadeus.Answerer - INFO - read_triggered_by=llm_decision
2026-04-26 17:38:12,673 - Amadeus.Optimizer - INFO - 🔄 Attempt 1 | Prediction: Joanna watched and described 'Little Women' as a great story about sisterhood, love, and reaching for your dreams.
2026-04-26 17:38:16,457 - Amadeus.Optimizer - INFO - 📋 Judge CoT: Step 1: The Prediction states that Joanna watched and described 'Little Women' as a great story about sisterhood, love, and reaching for your dreams. The Ground Truth is 'Little Women', so the Prediction semantically matches the Ground Truth. Step 2: The Builder Activity Log contains the fact that 'Little Women' was watched by Nate, not Joanna. Step 3: The error is due to a misattribution of the 'WATCHED' relationship from Nate to Joanna. Step 4: The procedural rule should address resolving coreferences when linking actions to entities, ensuring the correct entity is associated with the action.
2026-04-26 17:38:16,457 - Amadeus.Optimizer - INFO - ✅ Attempt 1 PASS | Blame: QUESTIONER
2026-04-26 17:38:16,457 - Amadeus.Optimizer - INFO - ⚔️ Self-Play End | Attempts: 1 | Final: PASS | Experiences Total: 0
2026-04-26 17:38:16,457 - Experiment - INFO - [conv-42] 🔄 Flush Triggered at chunk 4. Processing Buffer...
2026-04-26 17:38:16,457 - Experiment - INFO - [conv-42] 🧊 Schema exploration frozen after first 3 flushed buffers; skipping emergence for buffer 4.
2026-04-26 17:38:23,121 - Amadeus.Builder - INFO - 🤔 Builder CoT: Step 1: The session context is 15 June 2023. The buffer contains multiple dialogues between Tim and John. Step 2: Extract atomic facts such as Tim joining a fantasy literature forum, John's endorsement opportunities, considering sports brands, Tim's book collection, MinaLima props, Harry Potter spots, and John's recent game participation. Step 3: Check if these facts exist in the graph. For example, 'Tim joined a fantasy literature forum' is new, so ADD. 'John is considering sports brands' is new, so ADD. 'Tim's book collection' is new, so ADD. 'MinaLima props' is new, so ADD. 'Harry Potter spots' is new, so ADD. 'John's recent game participation' is new, so ADD. Step 4: Ensure all details are captured, including the timestamp from the session context.
2026-04-26 17:38:23,134 - Amadeus.Builder - INFO - 🔗 LINK: Tim --Joined<RelationEdge>--> Fantasy Literature Forum (Time: 2023-06-15)
2026-04-26 17:38:23,148 - Amadeus.Builder - INFO - 🔗 LINK: John --Exploring<RelationEdge>--> Endorsement Opportunities (Time: 2023-06-15)
2026-04-26 17:38:23,161 - Amadeus.Builder - INFO - 🔗 LINK: John --Considering<RelationEdge>--> Sports Brands (Time: 2023-06-15)
2026-04-26 17:38:23,173 - Amadeus.Builder - INFO - 🔗 LINK: Tim --Owns<RelationEdge>--> Book Collection (Time: 2023-06-15)
2026-04-26 17:38:23,191 - Amadeus.Builder - INFO - 🔗 LINK: MinaLima --Created<RelationEdge>--> Harry Potter Props (Time: 2023-06-15)
2026-04-26 17:38:23,195 - Amadeus.Builder - INFO - 🔗 LINK: Tim --Plans to Visit<RelationEdge>--> Harry Potter Spots (Time: 2023-06-15)
2026-04-26 17:38:23,207 - Amadeus.Builder - INFO - 🔗 LINK: John --Played<RelationEdge>--> Recent Game Participation (Time: 2023-06-15)
2026-04-26 17:38:23,214 - Amadeus.Builder - INFO - 🧩 Builder schema proposals | nodes=['Forum', 'Brand', 'EntityCollection'] | edges=['ParticipatesIn', 'CollaboratesWith', 'Owns'] | rules=['ForumParticipationRule', 'BrandCollaborationRule', 'CollectionOwnershipRule']
2026-04-26 17:38:23,214 - Amadeus.Builder - INFO - 🛠️ Builder execution summary | buffer_index=1 | replay=False | ops=7 | waits=0
2026-04-26 17:38:23,214 - Experiment - INFO - [conv-43] 🛠️ Executed buffer 2 under schema v1 | active_node_types=[] | active_edge_types=[] | active_rules=['TemporalNormalizationRule', 'SubjectResolutionRule', 'MinimalismRule']
2026-04-26 17:38:23,214 - Experiment - INFO - [conv-43] 🧩 Post-build schema proposals detected | node_types=['Forum', 'Brand', 'EntityCollection'] | edge_types=['ParticipatesIn', 'CollaboratesWith', 'Owns'] | rules=['ForumParticipationRule', 'BrandCollaborationRule', 'CollectionOwnershipRule']
2026-04-26 17:38:31,372 - Amadeus.Builder - INFO - 🔍 Schema review results | node:Forum->keep(Forum); node:Brand->keep(Brand); node:EntityCollection->merge(Entity); edge:ParticipatesIn->generalize(RelationEdge); edge:CollaboratesWith->generalize(RelationEdge); edge:Owns->generalize(RelationEdge); rule:ForumParticipationRule->keep(ForumParticipationRule); rule:BrandCollaborationRule->keep(BrandCollaborationRule); rule:CollectionOwnershipRule->keep(CollectionOwnershipRule)
2026-04-26 17:38:31,372 - Experiment - INFO - [conv-43] 🧠 Schema state after post-build buffer 2 | changed=True | version=1->2 | n_selected=2 | active_node_types=['Forum', 'Brand', 'Entity'] | active_edge_types=['RelationEdge'] | active_rules=['TemporalNormalizationRule', 'SubjectResolutionRule', 'MinimalismRule', 'ForumParticipationRule', 'BrandCollaborationRule', 'CollectionOwnershipRule']
2026-04-26 17:38:31,373 - Experiment - INFO - [conv-43] 🧭 Schema refined after buffer 2; rebuilding current buffer only.
2026-04-26 17:38:39,488 - Amadeus.Builder - INFO - 🤔 Builder CoT: Step 1: The session context is 15 June 2023. The buffer contains multiple interactions between Tim and John. Step 2: Extract facts about Tim joining a fantasy literature forum, discussing books, and mentioning his book collection. John talks about exploring endorsement opportunities and considering sports brands. Step 3: Check if these facts exist in the graph. For example, Tim already has a 'Fantasy Literature Forum' edge, so no need to add. John's endorsement opportunities and sports brands are new. Step 4: Ensure all details like brands (Nike, Under Armour) and the book collection are captured.
2026-04-26 17:38:39,488 - Amadeus.Builder - INFO - 🔄 UPDATE LINK: John --Exploring<RelationEdge>--> Endorsement Opportunities (Time: 2023-06-15)
2026-04-26 17:38:39,502 - Amadeus.Builder - INFO - 🔗 LINK: John --CollaboratesWith<CollaboratesWith>--> Nike (Time: 2023-06-15)
2026-04-26 17:38:39,513 - Amadeus.Builder - INFO - 🔗 LINK: John --CollaboratesWith<CollaboratesWith>--> Under Armour (Time: 2023-06-15)
2026-04-26 17:38:39,514 - Amadeus.Builder - INFO - 🔗 LINK: Tim --Owns<Owns>--> Book Collection (Time: 2023-06-15)
2026-04-26 17:38:39,521 - Amadeus.Builder - INFO - 🛠️ Builder execution summary | buffer_index=1 | replay=False | ops=4 | waits=0
2026-04-26 17:38:39,521 - Amadeus.Optimizer - INFO - ⚔️ Self-Play Start | Mode: iterative-retry, MaxRetries: 3
2026-04-26 17:38:42,830 - Amadeus.Questioner - INFO - Questioner CoT: First, I analyzed the buffer to identify key entities and relationships. I noticed that John mentioned exploring endorsement opportunities with sports brands like Nike and Under Armour, and Tim discussed his collection of Harry Potter-related items. I identified a potential connection between John's endorsement interests and Tim's passion for Harry Potter. A MULTI_HOP question could explore if John's potential collaborations might relate to Harry Potter-themed brands, requiring the system to connect these two distinct topics.
2026-04-26 17:38:42,830 - Amadeus.Optimizer - INFO - ⚔️ Question: Could John's endorsement opportunities potentially involve brands related to Harry Potter?
2026-04-26 17:38:42,830 - Amadeus.Optimizer - INFO - ⚔️ Ground Truth: John's endorsement opportunities could potentially involve Harry Potter-related brands, as Tim expressed a strong interest in Harry Potter-themed items and John is open to brands aligning with his values and interests.
2026-04-26 17:38:42,830 - Amadeus.Optimizer - INFO - 🔄 Attempt 1/3
2026-04-26 17:38:42,830 - Amadeus.Answerer - INFO - ❓ Question: Could John's endorsement opportunities potentially involve brands related to Harry Potter?
2026-04-26 17:38:44,104 - Amadeus.Answerer - INFO - Step 2: SEARCH - {'tool': 'SEARCH', 'query': "John's endorsement opportunities", 'mode': 'hybrid', 'entry_edge_ids': ['E1'], 'entry_nodes': ['John', 'Endorsement Opportunities']}
2026-04-26 17:38:44,104 - Amadeus.Answerer - INFO - walk_decision_raw={'tool': 'SEARCH', 'query': "John's endorsement opportunities", 'mode': 'hybrid', 'entry_edge_ids': ['E1'], 'entry_nodes': ['John', 'Endorsement Opportunities']}
2026-04-26 17:38:44,690 - Amadeus.Answerer - INFO - evidence_pool_init=- John has endorsement opportunities
- Endorsement opportunities were explored on 2023-06-15
2026-04-26 17:38:45,669 - Amadeus.Answerer - INFO - Step 3: WALK - {'tool': 'WALK', 'steps': [{'from': 'John', 'to': 'Sports Brands'}, {'from': 'John', 'to': 'Nike'}, {'from': 'John', 'to': 'Under Armour'}]}
2026-04-26 17:38:45,669 - Amadeus.Answerer - INFO - walk_decision_raw={'tool': 'WALK', 'steps': [{'from': 'John', 'to': 'Sports Brands'}, {'from': 'John', 'to': 'Nike'}, {'from': 'John', 'to': 'Under Armour'}]}
2026-04-26 17:38:45,669 - Amadeus.Answerer - INFO - walk_steps_validated=[{'from': 'John', 'to': 'Sports Brands', 'candidate': {'node': 'Sports Brands', 'score': 0.49810442328453064, 'relation': 'Considering', 'timestamp': '2023-06-15', 'edge_text': 'John --Considering--> Sports Brands @ 2023-06-15', 'description': 'Created by relation'}}] invalid_reason=duplicate from John; duplicate from John
2026-04-26 17:38:45,669 - Amadeus.Answerer - INFO - walk_steps_applied=[('John', 'Sports Brands')]
2026-04-26 17:38:46,563 - Amadeus.Answerer - INFO - new_step_evidence=['John has endorsement opportunities', 'Endorsement opportunities were explored on 2023-06-15', 'John --Considering--> Sports Brands @ 2023-06-15']
2026-04-26 17:38:46,563 - Amadeus.Answerer - INFO - evidence_pool_after_merge=- John has endorsement opportunities
- Endorsement opportunities were explored on 2023-06-15
- John --Considering--> Sports Brands @ 2023-06-15
2026-04-26 17:38:47,234 - Amadeus.Builder - INFO - 🤔 Builder CoT: Step 1: The session context is 25 February 2022. The buffer contains dialogue between Nate and Joanna discussing ice cream, allergies, screenplays, and self-discovery stories. Step 2: Extract facts like Nate making coconut milk ice cream, Joanna's dairy allergy, the screenplay topics, and their mutual support. Step 3: Check the graph for existing nodes and edges. Nate has a coconut milk ice cream entry, but the new details about the screenplay and self-discovery story are new. Step 4: Add new nodes for the screenplays and update existing ones where necessary.
2026-04-26 17:38:47,247 - Amadeus.Builder - INFO - 🔗 LINK: Screenplay: Self-Discovery Journey --CREATED_SCREENPLAY<RelationEdge>--> Joanna (Time: 2022-02-25)
2026-04-26 17:38:47,247 - Amadeus.Builder - INFO - 🔗 LINK: Screenplay: Self-Discovery Journey --WRITING<RelationEdge>--> Joanna (Time: 2022-02-25)
2026-04-26 17:38:47,247 - Amadeus.Builder - INFO - 🔄 UPDATE LINK: Romantic Drama Movie --CREATED_SCREENPLAY<RelationEdge>--> Joanna (Time: 2022-02-25)
2026-04-26 17:38:47,247 - Amadeus.Builder - INFO - 🔗 LINK: Screenplay: Self-Discovery Journey --PREFERRED<RelationEdge>--> Joanna (Time: 2022-02-25)
2026-04-26 17:38:47,247 - Amadeus.Builder - INFO - 🔗 LINK: Screenplay: Self-Discovery Journey --TOPIC<RelationEdge>--> Joanna (Time: 2022-02-25)
2026-04-26 17:38:47,247 - Amadeus.Builder - INFO - 🔗 LINK: Screenplay: Self-Discovery Journey --INSPIRED_BY<RelationEdge>--> Joanna (Time: 2022-02-25)
2026-04-26 17:38:47,247 - Amadeus.Builder - INFO - 🔗 LINK: Screenplay: Self-Discovery Journey --ROAD_TRIP_ELEMENT<RelationEdge>--> Joanna (Time: 2022-02-25)
2026-04-26 17:38:47,247 - Amadeus.Builder - INFO - 🔗 LINK: Screenplay: Self-Discovery Journey --SELF_DISCOVERY_THEME<RelationEdge>--> Joanna (Time: 2022-02-25)
2026-04-26 17:38:47,251 - Amadeus.Builder - INFO - 🧩 Builder schema proposals | nodes=['Screenplay', 'MediaItem'] | edges=['CREATED_SCREENPLAY', 'WRITING', 'PREFERRED', 'TOPIC', 'INSPIRED_BY', 'ROAD_TRIP_ELEMENT', 'SELF_DISCOVERY_THEME'] | rules=['ScreenplayCreationRule', 'ScreenplayWritingRule', 'PreferenceRule', 'TopicRule', 'InspirationRule', 'RoadTripElementRule', 'SelfDiscoveryThemeRule']
2026-04-26 17:38:47,251 - Amadeus.Builder - INFO - 🛠️ Builder execution summary | buffer_index=3 | replay=False | ops=8 | waits=0
2026-04-26 17:38:47,251 - Experiment - INFO - [conv-42] 🛠️ Executed buffer 4 under schema v3 | active_node_types=['Entity'] | active_edge_types=['RelationEdge'] | active_rules=['TemporalNormalizationRule', 'SubjectResolutionRule', 'MinimalismRule', 'CompletenessRule', 'EpisodicPrimacyRule', 'AmbiguityAversionRule', 'ScreenplayCreationRule', 'PetOwnershipRule', 'AllergyRule', 'MediaConsumptionRule', 'HobbyEngagementRule', 'PreferenceRule', 'CreationRule']
2026-04-26 17:38:47,251 - Experiment - INFO - [conv-42] 🧩 Post-build schema proposals detected | node_types=['Screenplay', 'MediaItem'] | edge_types=['CREATED_SCREENPLAY', 'WRITING', 'PREFERRED', 'TOPIC', 'INSPIRED_BY', 'ROAD_TRIP_ELEMENT', 'SELF_DISCOVERY_THEME'] | rules=['ScreenplayCreationRule', 'ScreenplayWritingRule', 'PreferenceRule', 'TopicRule', 'InspirationRule', 'RoadTripElementRule', 'SelfDiscoveryThemeRule']
2026-04-26 17:38:47,251 - Experiment - INFO - [conv-42] 🧊 Ignoring post-build schema proposals after schema exploration window closed.
2026-04-26 17:38:47,251 - Amadeus.Optimizer - INFO - ⚔️ Self-Play Start | Mode: iterative-retry, MaxRetries: 3
2026-04-26 17:38:47,575 - Amadeus.Answerer - INFO - Step 4: READ - {'tool': 'READ', 'answer': "Based on the available information, there is no direct evidence indicating that John's endorsement opportunities involve brands related to Harry Potter. The current evidence shows John is associated with Sports Brands like Nike and Under Armour, but no connection to Harry Potter-related brands has been identified."}
2026-04-26 17:38:47,575 - Amadeus.Answerer - INFO - walk_decision_raw={'tool': 'READ', 'answer': "Based on the available information, there is no direct evidence indicating that John's endorsement opportunities involve brands related to Harry Potter. The current evidence shows John is associated with Sports Brands like Nike and Under Armour, but no connection to Harry Potter-related brands has been identified."}
2026-04-26 17:38:47,575 - Amadeus.Answerer - INFO - read_triggered_by=llm_decision
2026-04-26 17:38:47,575 - Amadeus.Optimizer - INFO - 🔄 Attempt 1 | Prediction: Based on the available information, there is no direct evidence indicating that John's endorsement opportunities involve brands related to Harry Potter. The current evidence shows John is associated w
2026-04-26 17:38:49,991 - Amadeus.Questioner - INFO - Questioner CoT: First, I analyzed the buffer to identify key entities and relationships. I noticed that Joanna is writing a screenplay about a thirty-year-old woman on a journey of self-discovery after a loss, and she mentions it's inspired by her own experiences. This creates a connection between her personal journey and the screenplay's theme. A MULTI_HOP question could explore how her personal experiences relate to the screenplay's plot.
2026-04-26 17:38:49,991 - Amadeus.Optimizer - INFO - ⚔️ Question: What personal experiences inspired Joanna's new screenplay about self-discovery after a loss?
2026-04-26 17:38:49,991 - Amadeus.Optimizer - INFO - ⚔️ Ground Truth: Joanna's new screenplay was inspired by her own journey of self-discovery.
2026-04-26 17:38:49,991 - Amadeus.Optimizer - INFO - 🔄 Attempt 1/3
2026-04-26 17:38:49,991 - Amadeus.Answerer - INFO - ❓ Question: What personal experiences inspired Joanna's new screenplay about self-discovery after a loss?
2026-04-26 17:38:51,541 - Amadeus.Answerer - INFO - Step 2: SEARCH - {'tool': 'SEARCH', 'query': "What personal experiences inspired Joanna's new screenplay about self-discovery after a loss?", 'mode': 'hybrid', 'entry_edge_ids': ['E1'], 'entry_nodes': ['Screenplay: Self-Discovery Journey']}
2026-04-26 17:38:51,541 - Amadeus.Answerer - INFO - walk_decision_raw={'tool': 'SEARCH', 'query': "What personal experiences inspired Joanna's new screenplay about self-discovery after a loss?", 'mode': 'hybrid', 'entry_edge_ids': ['E1'], 'entry_nodes': ['Screenplay: Self-Discovery Journey']}
2026-04-26 17:38:52,983 - Amadeus.Optimizer - INFO - 📋 Judge CoT: Step 1: The Prediction states there is no direct evidence linking John's endorsement opportunities to Harry Potter-related brands, while the Ground Truth suggests this is possible due to Tim's interest in Harry Potter-themed items and John's openness to aligning with values. Step 2: The Builder Log does not include a direct link between Tim and Harry Potter or between John and Harry Potter-related brands, but it does show Tim owns a book collection. Step 3: The error is a 'missing_causal_relation' as the connection between Tim's interests and John's endorsement choices is not explicitly captured. Step 4: The Builder should create a causal relation edge when an entity's interests or values are mentioned in proximity to endorsement opportunities, even if not explicitly stated.
2026-04-26 17:38:52,983 - Amadeus.Optimizer - WARNING - ❌ Attempt 1 FAIL | Blame: BUILDER | ErrorCat: missing_causal_relation | Reason: The Builder failed to establish a causal link between Tim's interest in Harry Potter and John's potential endorsement alignment with such brands.
2026-04-26 17:38:52,983 - Amadeus.Optimizer - INFO - 📈 Strategy Update | Agent: BUILDER | Operator: ADD
2026-04-26 17:38:52,984 - Amadeus.Optimizer - INFO - 📈 Meta-Gradient: When an entity's interests or values are mentioned in proximity to endorsement opportunities, create a causal relation edge between the entity and the relevant brand category, even if not explicitly stated.
2026-04-26 17:38:52,984 - Amadeus.Agent - INFO - 📈 Guideline Updated for [ADD]: When an entity's interests or values are mentioned in proximity to endorsement opportunities, create a causal relation edge between the entity and the relevant brand category, even if not explicitly stated.
2026-04-26 17:38:52,984 - Amadeus.Optimizer - INFO - 🔧 Graph Patch: [{"action": "ADD", "subject": "Tim", "object": "Harry Potter", "content": "interest"}, {"action": "ADD", "subject": "John", "object": "Harry Potter", "content": "alignment"}]
2026-04-26 17:38:52,984 - Amadeus.Builder - INFO - 🔧 FORCE UPDATE TRIGGERED: Apply these fixes: [{"action": "ADD", "subject": "Tim", "object": "Harry Potter", "content": "interest"}, {"action": "ADD", "subject": "John", "object": "Harry Potter", "content": "alignment"}]
2026-04-26 17:38:54,140 - Amadeus.Answerer - INFO - evidence_pool_init=- Joanna created a screenplay titled 'Self-Discovery Journey' on 2022-02-25
- Joanna's screenplay 'Self-Discovery Journey' has a self-discovery theme
- Joanna's screenplay 'Self-Discovery Journey' includes a road trip element
- Joanna's screenplay 'Self-Discovery Journey' was inspired by her personal experiences
- Joanna watched a romantic drama movie 3 years ago on 2022-01-21
- Joanna owns a physical copy of a romantic drama movie on 2022-01-21
- Joanna has allergies to most reptiles and animals with fur on 2022-01-23
2026-04-26 17:38:55,190 - Amadeus.Answerer - INFO - Step 3: READ - {'tool': 'READ', 'answer': "Joanna's new screenplay about self-discovery after a loss was inspired by her personal experiences, including her own journey of self-discovery and the inclusion of a road trip element, which likely reflects aspects of her life."}
2026-04-26 17:38:55,190 - Amadeus.Answerer - INFO - walk_decision_raw={'tool': 'READ', 'answer': "Joanna's new screenplay about self-discovery after a loss was inspired by her personal experiences, including her own journey of self-discovery and the inclusion of a road trip element, which likely reflects aspects of her life."}
2026-04-26 17:38:55,190 - Amadeus.Answerer - INFO - read_triggered_by=llm_decision
2026-04-26 17:38:55,190 - Amadeus.Optimizer - INFO - 🔄 Attempt 1 | Prediction: Joanna's new screenplay about self-discovery after a loss was inspired by her personal experiences, including her own journey of self-discovery and the inclusion of a road trip element, which likely r
2026-04-26 17:38:58,525 - Amadeus.Builder - WARNING - Op 0 skipped: 1 validation error for MemoryOperation
reason
  Field required [type=missing, input_value={'action': 'ADD', 'subjec..._type': 'INTERESTED_IN'}, input_type=dict]
    For further information visit https://errors.pydantic.dev/2.12/v/missing
2026-04-26 17:38:58,526 - Amadeus.Builder - WARNING - Op 1 skipped: 1 validation error for MemoryOperation
reason
  Field required [type=missing, input_value={'action': 'ADD', 'subjec...type': 'ALIGNMENT_WITH'}, input_type=dict]
    For further information visit https://errors.pydantic.dev/2.12/v/missing
2026-04-26 17:38:58,544 - Amadeus.Optimizer - INFO - 🔨 Builder re-processing buffer with updated strategy...
2026-04-26 17:39:00,064 - Amadeus.Optimizer - INFO - 📋 Judge CoT: Step 1: The Prediction states that Joanna's screenplay was inspired by her personal experiences, including her own journey of self-discovery and a road trip element. The Ground Truth is that the screenplay was inspired by her own journey of self-discovery. The Prediction adds the road trip element as an additional factor, which is not mentioned in the Ground Truth. Step 2: The Builder Log includes an edge 'Screenplay: Self-Discovery Journey --INSPIRED_BY<RelationEdge>--> Joanna', indicating that the screenplay was inspired by Joanna's experiences. However, the road trip element is not explicitly mentioned in the Builder Log. Step 3: The error is a missing_causal_relation because the road trip element is inferred but not directly supported by the Buffer. Step 4: To prevent this, the Answerer should be instructed to avoid adding unverified elements not explicitly mentioned in the Buffer or Builder Log.
2026-04-26 17:39:00,064 - Amadeus.Optimizer - INFO - ✅ Attempt 1 PASS | Blame: QUESTIONER
2026-04-26 17:39:00,064 - Amadeus.Optimizer - INFO - ⚔️ Self-Play End | Attempts: 1 | Final: PASS | Experiences Total: 0
2026-04-26 17:39:00,064 - Experiment - INFO - [conv-42] 🔄 Flush Triggered at chunk 5. Processing Buffer...
2026-04-26 17:39:00,064 - Experiment - INFO - [conv-42] 🧊 Schema exploration frozen after first 3 flushed buffers; skipping emergence for buffer 5.
2026-04-26 17:39:04,134 - Amadeus.Builder - INFO - 🤔 Builder CoT: Step 1: The session context is 18 March 2022. The buffer contains dialogue between Joanna and Nate discussing Joanna's second script, her allergies, and Nate's turtles. Step 2: Extract facts about Joanna's script, her emotional state, her allergies, and Nate's turtle care. Step 3: Check the graph for existing nodes and edges. Joanna has a screenplay, but no new script is mentioned. Nate has turtles, but no new facts about them. Joanna's allergies are already recorded. Step 4: No new facts to add, but emotional states and ongoing activities are captured in the buffer. No contradictions or ambiguities. No need for WAIT.
2026-04-26 17:39:04,134 - Amadeus.Builder - WARNING - Op 0 skipped: 1 validation error for MemoryOperation
reason
  Field required [type=missing, input_value={'action': 'WAIT', 'subje...nd its calming effect."}, input_type=dict]
    For further information visit https://errors.pydantic.dev/2.12/v/missing
2026-04-26 17:39:04,139 - Amadeus.Builder - INFO - 🛠️ Builder execution summary | buffer_index=4 | replay=False | ops=0 | waits=0
2026-04-26 17:39:04,139 - Experiment - INFO - [conv-42] 🛠️ Executed buffer 5 under schema v3 | active_node_types=['Entity'] | active_edge_types=['RelationEdge'] | active_rules=['TemporalNormalizationRule', 'SubjectResolutionRule', 'MinimalismRule', 'CompletenessRule', 'EpisodicPrimacyRule', 'AmbiguityAversionRule', 'ScreenplayCreationRule', 'PetOwnershipRule', 'AllergyRule', 'MediaConsumptionRule', 'HobbyEngagementRule', 'PreferenceRule', 'CreationRule']
2026-04-26 17:39:04,139 - Amadeus.Optimizer - INFO - ⚔️ Self-Play Start | Mode: iterative-retry, MaxRetries: 3
2026-04-26 17:39:06,985 - Amadeus.Questioner - INFO - Questioner CoT: First, I analyzed the buffer to identify key entities and relationships. I noticed that Joanna is discussing her script and feelings about her work, while Nate talks about his turtles. The conversation includes their interactions and personal details. A MULTI_HOP question could connect Joanna's script work with Nate's turtles, as both are discussed in the same context. The question should require linking these two topics through their shared discussion.
2026-04-26 17:39:06,985 - Amadeus.Optimizer - INFO - ⚔️ Question: What does Joanna think about Nate's turtles based on their conversation?
2026-04-26 17:39:06,985 - Amadeus.Optimizer - INFO - ⚔️ Ground Truth: Joanna thinks Nate's turtles are peaceful and bring calm and joy.
2026-04-26 17:39:06,985 - Amadeus.Optimizer - INFO - 🔄 Attempt 1/3
2026-04-26 17:39:06,985 - Amadeus.Answerer - INFO - ❓ Question: What does Joanna think about Nate's turtles based on their conversation?
2026-04-26 17:39:08,348 - Amadeus.Answerer - INFO - Step 2: SEARCH - {'tool': 'SEARCH', 'query': "What does Joanna think about Nate's turtles based on their conversation?", 'mode': 'hybrid', 'entry_edge_ids': ['E2'], 'entry_nodes': ['Nate']}
2026-04-26 17:39:08,348 - Amadeus.Answerer - INFO - walk_decision_raw={'tool': 'SEARCH', 'query': "What does Joanna think about Nate's turtles based on their conversation?", 'mode': 'hybrid', 'entry_edge_ids': ['E2'], 'entry_nodes': ['Nate']}
2026-04-26 17:39:08,827 - Amadeus.Answerer - INFO - evidence_pool_init=- Nate owned Turtles at 2022-01-23
2026-04-26 17:39:09,667 - Amadeus.Answerer - INFO - Step 3: READ - {'tool': 'READ', 'answer': "Based on the provided information, there is no direct evidence of Joanna's thoughts about Nate's turtles. The conversation between Joanna and Nate isn't explicitly detailed in the given data."}
2026-04-26 17:39:09,667 - Amadeus.Answerer - INFO - walk_decision_raw={'tool': 'READ', 'answer': "Based on the provided information, there is no direct evidence of Joanna's thoughts about Nate's turtles. The conversation between Joanna and Nate isn't explicitly detailed in the given data."}
2026-04-26 17:39:09,667 - Amadeus.Answerer - INFO - read_triggered_by=llm_decision
2026-04-26 17:39:09,667 - Amadeus.Optimizer - INFO - 🔄 Attempt 1 | Prediction: Based on the provided information, there is no direct evidence of Joanna's thoughts about Nate's turtles. The conversation between Joanna and Nate isn't explicitly detailed in the given data.
2026-04-26 17:39:12,888 - Amadeus.Builder - INFO - 🤔 Builder CoT: Step 1: The session context is 15 June 2023. Extracting time-sensitive details and resolving subjects. Step 2: Breaking down the buffer into atomic facts. Step 3: Checking each fact against the existing graph. Step 4: Applying ADD, UPDATE, or WAIT as needed.
2026-04-26 17:39:12,889 - Amadeus.Builder - INFO - 🔄 UPDATE LINK: John --Exploring<RelationEdge>--> Endorsement Opportunities (Time: 2023-06-15)
2026-04-26 17:39:12,889 - Amadeus.Builder - INFO - 🔄 UPDATE LINK: John --Considering<RelationEdge>--> Sports Brands (Time: 2023-06-15)
2026-04-26 17:39:12,904 - Amadeus.Builder - INFO - 🔗 LINK: John --Collaborating with brands that align with my values and interests<RelationEdge>--> Brand Collaboration (Time: 2023-06-15)
2026-04-26 17:39:12,904 - Amadeus.Builder - INFO - 🔗 LINK: John --Played in a recent game<RelationEdge>--> Recent Game Participation (Time: 2023-06-15)
2026-04-26 17:39:12,904 - Amadeus.Builder - INFO - 🔗 LINK: Tim --Picture from MinaLima<RelationEdge>--> Book Collection (Time: 2023-06-15)
2026-04-26 17:39:12,904 - Amadeus.Builder - INFO - 🔗 LINK: Tim --Owns props created by MinaLima<RelationEdge>--> Harry Potter Props (Time: 2023-06-15)
2026-04-26 17:39:12,904 - Amadeus.Builder - INFO - 🔗 LINK: Tim --Plans to visit more HP spots<RelationEdge>--> Harry Potter Spots (Time: 2023-06-15)
2026-04-26 17:39:12,904 - Amadeus.Builder - INFO - 🔗 LINK: John --Played in a recent game<RelationEdge>--> Recent Game Participation (Time: 2023-06-15)
2026-04-26 17:39:12,923 - Amadeus.Builder - INFO - 🧩 Builder schema proposals | nodes=['BrandCollaboration'] | edges=['Owns'] | rules=['BrandCollaborationRule']
2026-04-26 17:39:12,924 - Amadeus.Builder - INFO - 🛠️ Builder execution summary | buffer_index=None | replay=False | ops=8 | waits=0
2026-04-26 17:39:12,924 - Amadeus.Optimizer - INFO - 🔄 Attempt 2/3
2026-04-26 17:39:12,924 - Amadeus.Answerer - INFO - ❓ Question: Could John's endorsement opportunities potentially involve brands related to Harry Potter?
2026-04-26 17:39:14,276 - Amadeus.Answerer - INFO - Step 2: SEARCH - {'tool': 'SEARCH', 'query': "John's endorsement opportunities", 'mode': 'hybrid', 'entry_edge_ids': ['E1'], 'entry_nodes': ['John', 'Endorsement Opportunities']}
2026-04-26 17:39:14,276 - Amadeus.Answerer - INFO - walk_decision_raw={'tool': 'SEARCH', 'query': "John's endorsement opportunities", 'mode': 'hybrid', 'entry_edge_ids': ['E1'], 'entry_nodes': ['John', 'Endorsement Opportunities']}
2026-04-26 17:39:14,291 - Amadeus.Optimizer - INFO - 📋 Judge CoT: Step 1: The Prediction states there is no direct evidence of Joanna's thoughts about Nate's turtles, while the Ground Truth claims she thinks they are peaceful and bring calm and joy. This is a contradiction, making the Prediction incorrect. Step 2: The Builder Activity Log shows 'No recent graph updates,' indicating the information about Nate's turtles was never extracted. Step 3: The error is a missing_causal_relation because the conversation mentions Nate's turtles indirectly but the system failed to capture this. Step 4: To prevent this, the system should resolve third-person references to entities before creating edges, ensuring all mentions are properly linked.
2026-04-26 17:39:14,291 - Amadeus.Optimizer - WARNING - ❌ Attempt 1 FAIL | Blame: BUILDER | ErrorCat: missing_causal_relation | Reason: The system failed to extract information about Nate's turtles from the conversation, leading to an incomplete understanding of the context.
2026-04-26 17:39:14,291 - Amadeus.Optimizer - INFO - 📈 Strategy Update | Agent: BUILDER | Operator: SEARCH
2026-04-26 17:39:14,291 - Amadeus.Optimizer - INFO - 📈 Meta-Gradient: When the buffer contains third-person references (he/she/they), resolve the pronoun to an entity name BEFORE creating any edge
2026-04-26 17:39:14,291 - Amadeus.Agent - INFO - 📈 Guideline Updated for [SEARCH]: When the buffer contains third-person references (he/she/they), resolve the pronoun to an entity name BEFORE creating any edge
2026-04-26 17:39:14,291 - Amadeus.Optimizer - INFO - 🔧 Graph Patch: [{"action": "ADD", "subject": "Nate", "object": "turtles", "content": "peaceful and bring calm and joy"}]
2026-04-26 17:39:14,291 - Amadeus.Builder - INFO - 🔧 FORCE UPDATE TRIGGERED: Apply these fixes: [{"action": "ADD", "subject": "Nate", "object": "turtles", "content": "peaceful and bring calm and joy"}]
2026-04-26 17:39:14,926 - Amadeus.Answerer - INFO - evidence_pool_init=- John has endorsement opportunities
- Endorsement opportunities were explored on 2023-06-15
2026-04-26 17:39:18,292 - Amadeus.Answerer - INFO - Step 3: WALK - {'tool': 'WALK', 'steps': [{'from': 'John', 'to': 'Brand Collaboration'}, {'from': 'Brand Collaboration', 'to': 'Sports Brands'}], 'visited': ['John', 'Endorsement Opportunities', 'Brand Collaboration', 'Sports Brands'], 'traversed_edges': ['John --Exploring--> Endorsement Opportunities @ 2023-06-15', 'John --Collaborating with brands that align with my values and interests--> Brand Collaboration @ 2023-06-15', 'John --Considering--> Sports Brands @ 2023-06-15'], 'evidence_pool': ['John has endorsement opportunities', 'Endorsement opportunities were explored on 2023-06-15', 'John collaborates with brands that align with his values and interests', 'John is considering Sports Brands'], 'status': "You are at nodes: ['Brand Collaboration', 'Sports Brands']"}
2026-04-26 17:39:18,293 - Amadeus.Answerer - INFO - walk_decision_raw={'tool': 'WALK', 'steps': [{'from': 'John', 'to': 'Brand Collaboration'}, {'from': 'Brand Collaboration', 'to': 'Sports Brands'}], 'visited': ['John', 'Endorsement Opportunities', 'Brand Collaboration', 'Sports Brands'], 'traversed_edges': ['John --Exploring--> Endorsement Opportunities @ 2023-06-15', 'John --Collaborating with brands that align with my values and interests--> Brand Collaboration @ 2023-06-15', 'John --Considering--> Sports Brands @ 2023-06-15'], 'evidence_pool': ['John has endorsement opportunities', 'Endorsement opportunities were explored on 2023-06-15', 'John collaborates with brands that align with his values and interests', 'John is considering Sports Brands'], 'status': "You are at nodes: ['Brand Collaboration', 'Sports Brands']"}
2026-04-26 17:39:18,293 - Amadeus.Answerer - INFO - walk_steps_validated=[{'from': 'John', 'to': 'Brand Collaboration', 'candidate': {'node': 'Brand Collaboration', 'score': 0.510266125202179, 'relation': 'Collaborating with brands that align with my values and interests', 'timestamp': '2023-06-15', 'edge_text': 'John --Collaborating with brands that align with my values and interests--> Brand Collaboration @ 2023-06-15', 'description': 'Created by relation'}}] invalid_reason=invalid step Brand Collaboration->Sports Brands
2026-04-26 17:39:18,293 - Amadeus.Answerer - INFO - walk_steps_applied=[('John', 'Brand Collaboration')]
2026-04-26 17:39:18,366 - Amadeus.Builder - INFO - 🔄 UPDATE LINK: Nate --peaceful and bring calm and joy<OWNED>--> turtles (Time: None)
2026-04-26 17:39:18,370 - Amadeus.Optimizer - INFO - 🔨 Builder re-processing buffer with updated strategy...
2026-04-26 17:39:19,434 - Amadeus.Answerer - INFO - new_step_evidence=['John has endorsement opportunities', 'Endorsement opportunities were explored on 2023-06-15', 'John is collaborating with brands that align with his values and interests', 'Collaboration with brands related to Harry Potter is not explicitly mentioned']
2026-04-26 17:39:19,435 - Amadeus.Answerer - INFO - evidence_pool_after_merge=- John has endorsement opportunities
- Endorsement opportunities were explored on 2023-06-15
- John is collaborating with brands that align with his values and interests
- Collaboration with brands related to Harry Potter is not explicitly mentioned
2026-04-26 17:39:20,397 - Amadeus.Answerer - INFO - Step 4: READ - {'tool': 'READ', 'answer': "Based on the available information, there is no explicit mention of John's endorsement opportunities involving brands related to Harry Potter. The evidence indicates he is collaborating with brands aligned with his values and interests, but specific connections to Harry Potter brands are not stated."}
2026-04-26 17:39:20,397 - Amadeus.Answerer - INFO - walk_decision_raw={'tool': 'READ', 'answer': "Based on the available information, there is no explicit mention of John's endorsement opportunities involving brands related to Harry Potter. The evidence indicates he is collaborating with brands aligned with his values and interests, but specific connections to Harry Potter brands are not stated."}
2026-04-26 17:39:20,397 - Amadeus.Answerer - INFO - read_triggered_by=llm_decision
2026-04-26 17:39:20,397 - Amadeus.Optimizer - INFO - 🔄 Attempt 2 | Prediction: Based on the available information, there is no explicit mention of John's endorsement opportunities involving brands related to Harry Potter. The evidence indicates he is collaborating with brands al
2026-04-26 17:39:24,987 - Amadeus.Optimizer - INFO - 📋 Judge CoT: Step 1: The Prediction states there is no explicit mention of Harry Potter brands, while the Ground Truth suggests potential involvement based on Tim's interest. Step 2: The Builder Log shows Tim owns a book collection but does not explicitly link Tim's interest to Harry Potter or connect it to John's endorsement opportunities. Step 3: The error is a missing_causal_relation between Tim's interests and John's brand choices. Step 4: To prevent this, the Builder should create causal relations when interests/values are mentioned near endorsement opportunities, even if not explicitly stated.
2026-04-26 17:39:24,987 - Amadeus.Optimizer - WARNING - ❌ Attempt 2 FAIL | Blame: BUILDER | ErrorCat: missing_causal_relation | Reason: The Builder failed to establish a causal link between Tim's book interest and John's potential Harry Potter brand endorsements despite proximity in the conversation.
2026-04-26 17:39:24,987 - Amadeus.Optimizer - INFO - 📈 Strategy Update | Agent: BUILDER | Operator: ADD
2026-04-26 17:39:24,988 - Amadeus.Optimizer - INFO - 📈 Meta-Gradient: When an entity's interests or values are mentioned in proximity to endorsement opportunities, create a causal relation edge between the entity and the relevant brand category, even if not explicitly stated.
2026-04-26 17:39:24,988 - Amadeus.Optimizer - INFO - 🔧 Graph Patch: [{"action": "ADD", "subject": "John", "object": "Harry Potter Brands", "content": "Potential Endorsement Opportunity"}]
2026-04-26 17:39:24,988 - Amadeus.Builder - INFO - 🔧 FORCE UPDATE TRIGGERED: Apply these fixes: [{"action": "ADD", "subject": "John", "object": "Harry Potter Brands", "content": "Potential Endorsement Opportunity"}]
2026-04-26 17:39:28,008 - Amadeus.Builder - INFO - 🔗 LINK: John --Potential Endorsement Opportunity<RelationEdge>--> Harry Potter Brands (Time: None)
2026-04-26 17:39:28,029 - Amadeus.Optimizer - INFO - 🔨 Builder re-processing buffer with updated strategy...
2026-04-26 17:40:29,595 - Amadeus.Builder - INFO - 🤔 Builder CoT: Step 1: The session context is 15 June 2023. Extracting time-sensitive details and resolving subjects. Step 2: Breaking down the buffer into atomic facts. Step 3: Comparing each fact with the existing graph. Step 4: Identifying new facts, updates, and ambiguities.
2026-04-26 17:40:29,595 - Amadeus.Builder - INFO - 🔄 UPDATE LINK: John --Joined<Joined>--> Fantasy Literature Forum (Time: 2023-06-15)
2026-04-26 17:40:29,595 - Amadeus.Builder - INFO - 🔄 UPDATE LINK: John --Exploring<Exploring>--> Endorsement Opportunities (Time: 2023-06-15)
2026-04-26 17:40:29,596 - Amadeus.Builder - INFO - 🔗 LINK: John --Considering<Considering>--> Sports Brands (Time: 2023-06-15)
2026-04-26 17:40:29,596 - Amadeus.Builder - INFO - 🔗 LINK: John --Collaborating with brands that align with my values and interests<Collaborating with brands that align with my values and interests>--> Brand Collaboration (Time: 2023-06-15)
2026-04-26 17:40:29,596 - Amadeus.Builder - INFO - 🔗 LINK: John --Played in a recent game<Played in a recent game>--> Recent Game Participation (Time: 2023-06-15)
2026-04-26 17:40:29,596 - Amadeus.Builder - INFO - 🔗 LINK: John --CollaboratesWith<CollaboratesWith>--> Nike (Time: 2023-06-15)
2026-04-26 17:40:29,596 - Amadeus.Builder - INFO - 🔗 LINK: John --CollaboratesWith<CollaboratesWith>--> Under Armour (Time: 2023-06-15)
2026-04-26 17:40:29,596 - Amadeus.Builder - INFO - 🔗 LINK: Tim --Picture from MinaLima<Picture from MinaLima>--> Book Collection (Time: 2023-06-15)
2026-04-26 17:40:29,596 - Amadeus.Builder - INFO - 🔗 LINK: Tim --Owns props created by MinaLima<Owns props created by MinaLima>--> Harry Potter Props (Time: 2023-06-15)
2026-04-26 17:40:29,596 - Amadeus.Builder - INFO - 🔗 LINK: MinaLima --Created<Created>--> Harry Potter Props (Time: 2023-06-15)
2026-04-26 17:40:29,596 - Amadeus.Builder - INFO - 🔗 LINK: Tim --Plans to visit more HP spots<Plans to visit more HP spots>--> Harry Potter Spots (Time: 2023-06-15)
2026-04-26 17:40:29,596 - Amadeus.Builder - INFO - 🔗 LINK: John --Played in a recent game<Played in a recent game>--> Recent Game Participation (Time: 2023-06-15)
2026-04-26 17:40:29,596 - Amadeus.Builder - INFO - 🔗 LINK: John --Played in a recent game<Played in a recent game>--> Recent Game Participation (Time: 2023-06-15)
2026-04-26 17:40:29,596 - Amadeus.Builder - INFO - 🔗 LINK: John --Played in a recent game<Played in a recent game>--> Recent Game Participation (Time: 2023-06-15)
2026-04-26 17:40:29,616 - Amadeus.Builder - INFO - 🧩 Builder schema proposals | nodes=['ForumParticipation', 'EndorsementActivity', 'BrandConsideration', 'CollaborationInterest', 'GameParticipation', 'BrandCollaboration', 'CollectionItem', 'PropOwnership', 'Creation', 'TravelPlan'] | edges=['Joined', 'Exploring', 'Considering', 'Collaborating with brands that align with my values and interests', 'Played in a recent game', 'CollaboratesWith', 'Picture from MinaLima', 'Owns props created by MinaLima', 'Created', 'Plans to visit more HP spots'] | rules=['BrandCollaborationRule', 'ForumParticipationRule', 'EndorsementActivityRule', 'BrandConsiderationRule', 'GameParticipationRule', 'CollectionItemRule', 'PropOwnershipRule', 'CreationRule', 'TravelPlanRule']
2026-04-26 17:40:29,616 - Amadeus.Builder - INFO - 🛠️ Builder execution summary | buffer_index=None | replay=False | ops=14 | waits=0
2026-04-26 17:40:29,617 - Amadeus.Optimizer - INFO - 🔄 Attempt 3/3
2026-04-26 17:40:29,617 - Amadeus.Answerer - INFO - ❓ Question: Could John's endorsement opportunities potentially involve brands related to Harry Potter?
2026-04-26 17:40:31,184 - Amadeus.Answerer - INFO - Step 2: SEARCH - {'tool': 'SEARCH', 'query': "John's endorsement opportunities and Harry Potter brands", 'mode': 'hybrid', 'entry_edge_ids': ['E1'], 'entry_nodes': ['John', 'Harry Potter Brands']}
2026-04-26 17:40:31,185 - Amadeus.Answerer - INFO - walk_decision_raw={'tool': 'SEARCH', 'query': "John's endorsement opportunities and Harry Potter brands", 'mode': 'hybrid', 'entry_edge_ids': ['E1'], 'entry_nodes': ['John', 'Harry Potter Brands']}
2026-04-26 17:40:31,600 - Amadeus.Answerer - INFO - evidence_pool_init=- John has a potential endorsement opportunity with Harry Potter Brands
2026-04-26 17:40:32,225 - Amadeus.Answerer - INFO - Step 3: READ - {'tool': 'READ', 'answer': 'Yes, John has a potential endorsement opportunity with Harry Potter Brands.'}
2026-04-26 17:40:32,226 - Amadeus.Answerer - INFO - walk_decision_raw={'tool': 'READ', 'answer': 'Yes, John has a potential endorsement opportunity with Harry Potter Brands.'}
2026-04-26 17:40:32,226 - Amadeus.Answerer - INFO - read_triggered_by=llm_decision
2026-04-26 17:40:32,226 - Amadeus.Optimizer - INFO - 🔄 Attempt 3 | Prediction: Yes John has a potential endorsement
2026-04-26 17:40:38,040 - Amadeus.Optimizer - INFO - 📋 Judge CoT: Step 1: The Prediction 'Yes John has a potential endorsement' is semantically too vague and does not specifically address the Harry Potter connection, which is central to the Ground Truth. Step 2: The Builder Log contains information about John's interest in sports brands (Nike, Under Armour) and Tim's book collection, but there is no explicit link between Tim's interest in Harry Potter-themed items and John's endorsement opportunities. Step 3: The error category is 'missing_causal_relation' because the system failed to connect Tim's interest in Harry Potter with John's potential endorsement opportunities. Step 4: To prevent this, the Builder should create a causal relation edge between entities when their interests or values are mentioned in proximity to endorsement opportunities, even if not explicitly stated.
2026-04-26 17:40:38,041 - Amadeus.Optimizer - WARNING - ❌ Attempt 3 FAIL | Blame: BUILDER | ErrorCat: missing_causal_relation | Reason: The Builder failed to establish a causal link between Tim's interest in Harry Potter-themed items and John's endorsement opportunities, despite their proximity in the conversation.
2026-04-26 17:40:38,041 - Amadeus.Optimizer - INFO - ⚔️ Self-Play End | Attempts: 3 | Final: FAIL | Experiences Total: 1
2026-04-26 17:40:38,041 - Experiment - INFO - [conv-43] 🔄 Flush Triggered at chunk 3. Processing Buffer...
2026-04-26 17:40:38,041 - Experiment - INFO - [conv-43] 🧠 Starting schema emergence over first up to 3 flushed buffers.
2026-04-26 17:40:38,041 - Experiment - INFO - [conv-43] 🧠 Emergence attempt with n=1
2026-04-26 17:40:42,977 - Amadeus.Builder - INFO - 🧠 Schema emergence | stable=True | reason=The current schema includes necessary node types (Forum, Brand, Entity) and edge types (RelationEdge, CollaboratesWith, Owns) that can represent the conversation's content. No new node types or edge types are needed, and the existing rules can handle the interactions described. The schema is sufficient for the buffers seen so far. | node_types=[] | edge_types=[] | rules=[]
2026-04-26 17:40:42,977 - Amadeus.Builder - INFO - 🧠 Schema emergence analysis: The conversation between John and Tim reveals interactions around sports teams, fan projects, and personal interests. Tim mentions a Harry Potter fan project, which involves discussions about the universe, characters, and magical creatures. John talks about joining the Minnesota Wolves as a shooting guard and his pre-season training challenges. The conversation also includes references to places related to Harry Potter, such as a London location and a tour. These elements suggest the need for node types representing forums, brands, and collections, as well as edges indicating participation, collaboration, and ownership. However, the current schema already includes these types, so no new node types are needed. The existing 'RelationEdge' can cover most interactions, but specific edge types like 'CollaboratesWith' and 'Owns' are already defined. The schema appears stable as it can accommodate the conversation's content without requiring additional types.
2026-04-26 17:40:42,977 - Experiment - INFO - [conv-43] 🧠 Emergence declared stable at n=1
2026-04-26 17:40:42,977 - Experiment - INFO - [conv-43] 🧠 No schema proposals to apply from emergence.
2026-04-26 17:40:46,501 - Amadeus.Builder - INFO - 🤔 Builder CoT: Step 1: The session context is 18 March 2022. All dialogue is between Nate and Joanna. Step 2: Extract atomic facts about their hobbies, pets, scripts, and emotions. Step 3: Check if these facts exist in the graph. Step 4: Add new facts, update existing ones, and resolve ambiguities.
2026-04-26 17:40:46,501 - Amadeus.Builder - INFO - 🔄 UPDATE LINK: Nate --VIDEO_GAMES, MOVIES, TURTLES_CARE<RelationEdge>--> Hobbies (Time: 2022-01-23)
2026-04-26 17:40:46,501 - Amadeus.Builder - INFO - 🔄 UPDATE LINK: Joanna --WRITING, READING, MOVIES, NATURE, PET_ALLERGIES<RelationEdge>--> Hobbies (Time: 2022-01-23)
2026-04-26 17:40:46,501 - Amadeus.Builder - INFO - 🔗 LINK: Turtles --OWNED<OWNED>--> Nate (Time: 2022-01-23)
2026-04-26 17:40:46,502 - Amadeus.Builder - INFO - 🔗 LINK: PetAllergies --Allergic to most reptiles and animals with fur<PET_ALLERGIES>--> Joanna (Time: 2022-01-23)
2026-04-26 17:40:46,502 - Amadeus.Builder - INFO - 🔗 LINK: Screenplay: Self-Discovery Journey --CREATED_SCREENPLAY<CREATED_SCREENPLAY>--> Joanna (Time: 2022-02-25)
2026-04-26 17:40:46,502 - Amadeus.Builder - INFO - 🔗 LINK: Screenplay: Self-Discovery Journey --WRITING<WRITING>--> Joanna (Time: 2022-02-25)
2026-04-26 17:40:46,502 - Amadeus.Builder - INFO - 🔗 LINK: Screenplay: Self-Discovery Journey --PREFERRED<PREFERRED>--> Joanna (Time: 2022-02-25)
2026-04-26 17:40:46,502 - Amadeus.Builder - INFO - 🔗 LINK: Screenplay: Self-Discovery Journey --TOPIC<TOPIC>--> Joanna (Time: 2022-02-25)
2026-04-26 17:40:46,502 - Amadeus.Builder - INFO - 🔗 LINK: Screenplay: Self-Discovery Journey --INSPIRED_BY<INSPIRED_BY>--> Joanna (Time: 2022-02-25)
2026-04-26 17:40:46,502 - Amadeus.Builder - INFO - 🔗 LINK: Screenplay: Self-Discovery Journey --ROAD_TRIP_ELEMENT<ROAD_TRIP_ELEMENT>--> Joanna (Time: 2022-02-25)
2026-04-26 17:40:46,502 - Amadeus.Builder - INFO - 🔗 LINK: Screenplay: Self-Discovery Journey --SELF_DISCOVERY_THEME<SELF_DISCOVERY_THEME>--> Joanna (Time: 2022-02-25)
2026-04-26 17:40:46,502 - Amadeus.Builder - INFO - 🔗 LINK: Joanna --Allergic to cockroaches<PET_ALLERGIES>--> PetAllergies (Time: 2022-03-18)
2026-04-26 17:40:46,502 - Amadeus.Builder - INFO - 🔗 LINK: Nate --MAINTAINED<MAINTAINED>--> Turtles (Time: 2022-03-18)
2026-04-26 17:40:46,502 - Amadeus.Builder - INFO - 🔗 LINK: Joanna --MENTORSHIP<MENTORSHIP>--> Nate (Time: 2022-03-18)
2026-04-26 17:40:46,502 - Amadeus.Builder - INFO - 🔗 LINK: Nate --MENTOR<MENTOR>--> Joanna (Time: 2022-03-18)
2026-04-26 17:40:46,502 - Amadeus.Builder - INFO - 🔗 LINK: Joanna --WORKING_ON<WORKING_ON>--> Screenplay: Self-Discovery Journey (Time: 2022-03-18)
2026-04-26 17:40:46,502 - Amadeus.Builder - INFO - 🔗 LINK: Joanna --NETWORKING<NETWORKING>--> Screenplay: Self-Discovery Journey (Time: 2022-03-18)
2026-04-26 17:40:46,502 - Amadeus.Builder - INFO - 🔗 LINK: Joanna --RESEARCH<RESEARCH>--> Screenplay: Self-Discovery Journey (Time: 2022-03-18)
2026-04-26 17:40:46,502 - Amadeus.Builder - INFO - 🔗 LINK: Joanna --DETERMINED<DETERMINED>--> Screenplay: Self-Discovery Journey (Time: 2022-03-18)
2026-04-26 17:40:46,502 - Amadeus.Builder - INFO - 🔗 LINK: Joanna --SUPPORT<SUPPORT>--> Nate (Time: 2022-03-18)
2026-04-26 17:40:46,502 - Amadeus.Builder - INFO - 🔗 LINK: Nate --SUPPORTED<SUPPORTED>--> Joanna (Time: 2022-03-18)
2026-04-26 17:40:46,503 - Amadeus.Builder - INFO - 🔗 LINK: Joanna --HOPING_FOR_RECOGNITION<HOPING_FOR_RECOGNITION>--> Screenplay: Self-Discovery Journey (Time: 2022-03-18)
2026-04-26 17:40:46,503 - Amadeus.Builder - INFO - 🔗 LINK: Joanna --FEARS_OF_FAILURE<FEARS_OF_FAILURE>--> Screenplay: Self-Discovery Journey (Time: 2022-03-18)
2026-04-26 17:40:46,503 - Amadeus.Builder - INFO - 🔗 LINK: Joanna --MOTIVATED_BY_SUPPORT<MOTIVATED_BY_SUPPORT>--> Screenplay: Self-Discovery Journey (Time: 2022-03-18)
2026-04-26 17:40:46,503 - Amadeus.Builder - INFO - 🔗 LINK: Joanna --LOOKING_FORWARD_TO_NEXT_STEPS<LOOKING_FORWARD_TO_NEXT_STEPS>--> Screenplay: Self-Discovery Journey (Time: 2022-03-18)
2026-04-26 17:40:46,503 - Amadeus.Builder - INFO - 🔗 LINK: Joanna --FEELINGS_OF_RELIEF_AND_ANXIETY<FEELINGS_OF_RELIEF_AND_ANXIETY>--> Screenplay: Self-Discovery Journey (Time: 2022-03-18)
2026-04-26 17:40:46,503 - Amadeus.Builder - INFO - 🔗 LINK: Joanna --WILDCRUISE<WILDCRUISE>--> Screenplay: Self-Discovery Journey (Time: 2022-03-18)
2026-04-26 17:40:46,503 - Amadeus.Builder - INFO - 🔗 LINK: Joanna --TUG_OF_WAR_OF_HOPE_AND_DOUBT<TUG_OF_WAR_OF_HOPE_AND_DOUBT>--> Screenplay: Self-Discovery Journey (Time: 2022-03-18)
2026-04-26 17:40:46,503 - Amadeus.Builder - INFO - 🔗 LINK: Joanna --WILDCRUISE<WILDCRUISE>--> Screenplay: Self-Discovery Journey (Time: 2022-03-18)
2026-04-26 17:40:46,503 - Amadeus.Builder - INFO - 🔗 LINK: Joanna --WILDCRUISE<WILDCRUISE>--> Screenplay: Self-Discovery Journey (Time: 2022-03-18)
2026-04-26 17:40:46,512 - Amadeus.Builder - INFO - 🧩 Builder schema proposals | nodes=['Screenplay', 'Pet', 'Relationship'] | edges=['CREATED_SCREENPLAY', 'WRITING', 'PREFERRED', 'TOPIC', 'INSPIRED_BY', 'ROAD_TRIP_ELEMENT', 'SELF_DISCOVERY_THEME', 'MENTORSHIP', 'SUPPORT', 'WORKING_ON', 'NETWORKING', 'RESEARCH', 'DETERMINED', 'HOPING_FOR_RECOGNITION', 'FEARS_OF_FAILURE', 'MOTIVATED_BY_SUPPORT', 'LOOKING_FORWARD_TO_NEXT_STEPS', 'FEELINGS_OF_RELIEF_AND_ANXIETY', 'WILDCRUISE', 'TUG_OF_WAR_OF_HOPE_AND_DOUBT'] | rules=['ScreenplayCreationRule', 'PetOwnershipRule', 'RelationshipRule']
2026-04-26 17:40:46,512 - Amadeus.Builder - INFO - 🛠️ Builder execution summary | buffer_index=None | replay=False | ops=30 | waits=0
2026-04-26 17:40:46,512 - Amadeus.Optimizer - INFO - 🔄 Attempt 2/3
2026-04-26 17:40:46,512 - Amadeus.Answerer - INFO - ❓ Question: What does Joanna think about Nate's turtles based on their conversation?
2026-04-26 17:40:48,325 - Amadeus.Answerer - INFO - Step 2: SEARCH - {'tool': 'SEARCH', 'query': "What does Joanna think about Nate's turtles based on their conversation?", 'mode': 'hybrid', 'entry_edge_ids': ['E2', 'E5'], 'entry_nodes': ['Joanna', 'Nate']}
2026-04-26 17:40:48,325 - Amadeus.Answerer - INFO - walk_decision_raw={'tool': 'SEARCH', 'query': "What does Joanna think about Nate's turtles based on their conversation?", 'mode': 'hybrid', 'entry_edge_ids': ['E2', 'E5'], 'entry_nodes': ['Joanna', 'Nate']}
2026-04-26 17:40:48,831 - Amadeus.Answerer - INFO - evidence_pool_init=- Joanna has a pet allergy to most reptiles and animals with fur.
2026-04-26 17:40:49,950 - Amadeus.Answerer - INFO - Step 3: READ - {'tool': 'READ', 'answer': "Joanna likely has a negative opinion about Nate's turtles because she is allergic to most reptiles, which includes turtles."}
2026-04-26 17:40:49,950 - Amadeus.Answerer - INFO - walk_decision_raw={'tool': 'READ', 'answer': "Joanna likely has a negative opinion about Nate's turtles because she is allergic to most reptiles, which includes turtles."}
2026-04-26 17:40:49,950 - Amadeus.Answerer - INFO - read_triggered_by=llm_decision
2026-04-26 17:40:49,950 - Amadeus.Optimizer - INFO - 🔄 Attempt 2 | Prediction: Joanna likely has a negative opinion about Nate's turtles because she is allergic to most reptiles, which includes turtles.
2026-04-26 17:40:54,429 - Amadeus.Builder - INFO - 🤔 Builder CoT: Step 1: The session context is 16 July 2023. All events are set against this date. Step 2: The buffer contains multiple facts about John's achievements, endorsements, and personal interests. Step 3: Check each fact against the existing graph. John's endorsement with Nike and Under Armour already exist, but Gatorade is new. The Seattle game and surfing experience are new facts. Step 4: Add new facts, update existing ones if necessary, and ensure all details are captured.
2026-04-26 17:40:54,441 - Amadeus.Builder - INFO - 🔗 LINK: Gatorade --Potential Endorsement Opportunity<RelationEdge>--> John (Time: 2023-07-16)
2026-04-26 17:40:54,455 - Amadeus.Builder - INFO - 🔗 LINK: Seattle --Game Location<RelationEdge>--> John (Time: 2023-07-16)
2026-04-26 17:40:54,467 - Amadeus.Builder - INFO - 🔗 LINK: Surfing Experience --Connection to Nature<RelationEdge>--> John (Time: 2023-07-16)
2026-04-26 17:40:54,478 - Amadeus.Builder - INFO - 🔄 UPDATE LINK: John --Signed with Nike, in talks with Gatorade<RelationEdge>--> Endorsements (Time: 2023-07-16)
2026-04-26 17:40:54,487 - Amadeus.Builder - INFO - 🧩 Builder schema proposals | nodes=['EndorsementOpportunity'] | edges=['EndorsementEdge'] | rules=['EndorsementUpdateRule']
2026-04-26 17:40:54,487 - Amadeus.Builder - INFO - 🛠️ Builder execution summary | buffer_index=2 | replay=False | ops=4 | waits=0
2026-04-26 17:40:54,488 - Experiment - INFO - [conv-43] 🛠️ Executed buffer 3 under schema v2 | active_node_types=['Forum', 'Brand', 'Entity'] | active_edge_types=['RelationEdge'] | active_rules=['TemporalNormalizationRule', 'SubjectResolutionRule', 'MinimalismRule', 'ForumParticipationRule', 'BrandCollaborationRule', 'CollectionOwnershipRule']
2026-04-26 17:40:54,488 - Experiment - INFO - [conv-43] 🧩 Post-build schema proposals detected | node_types=['EndorsementOpportunity'] | edge_types=['EndorsementEdge'] | rules=['EndorsementUpdateRule']
2026-04-26 17:40:55,271 - Amadeus.Optimizer - INFO - 📋 Judge CoT: Step 1: The Prediction states that Joanna has a negative opinion about Nate's turtles due to an allergy, but the Ground Truth indicates she thinks they are peaceful and bring calm and joy. These are contradictory. Step 2: The Builder Activity Log shows no recent updates, suggesting the information about Joanna's thoughts on Nate's turtles was never extracted. Step 3: The error is a BUILDER error because the necessary information was not captured. Step 4: The error category is missing_coreference, as the system failed to link Joanna's feelings to Nate's turtles, which are mentioned in the buffer but not properly connected in the graph.
2026-04-26 17:40:55,271 - Amadeus.Optimizer - WARNING - ❌ Attempt 2 FAIL | Blame: BUILDER | ErrorCat: missing_coreference | Reason: The system failed to extract and link Joanna's positive feelings towards Nate's turtles, which are implied in the conversation but not explicitly captured in the graph.
2026-04-26 17:40:55,271 - Amadeus.Optimizer - INFO - 📈 Strategy Update | Agent: BUILDER | Operator: SEARCH
2026-04-26 17:40:55,271 - Amadeus.Optimizer - INFO - 📈 Meta-Gradient: When the buffer contains emotional expressions about animals or entities, explicitly link those emotions to the specific entity mentioned, even if it's not directly named.
2026-04-26 17:40:55,271 - Amadeus.Agent - INFO - 📈 Guideline Updated for [SEARCH]: When the buffer contains emotional expressions about animals or entities, explicitly link those emotions to the specific entity mentioned, even if it's not directly named.
2026-04-26 17:40:55,271 - Amadeus.Optimizer - INFO - 🔧 Graph Patch: [{"action": "ADD", "subject": "Joanna", "object": "Nate's turtles", "content": "peaceful and bring calm and joy"}]
2026-04-26 17:40:55,271 - Amadeus.Builder - INFO - 🔧 FORCE UPDATE TRIGGERED: Apply these fixes: [{"action": "ADD", "subject": "Joanna", "object": "Nate's turtles", "content": "peaceful and bring calm and joy"}]
2026-04-26 17:40:58,600 - Amadeus.Builder - INFO - 🔍 Schema review results | node:EndorsementOpportunity->merge(Brand); edge:EndorsementEdge->generalize(RelationEdge); rule:EndorsementUpdateRule->keep(EndorsementUpdateRule)
2026-04-26 17:40:58,601 - Experiment - INFO - [conv-43] 🧠 Schema state after post-build buffer 3 | changed=True | version=2->3 | n_selected=3 | active_node_types=['Forum', 'Brand', 'Entity'] | active_edge_types=['RelationEdge'] | active_rules=['TemporalNormalizationRule', 'SubjectResolutionRule', 'MinimalismRule', 'ForumParticipationRule', 'BrandCollaborationRule', 'CollectionOwnershipRule', 'EndorsementUpdateRule']
2026-04-26 17:40:58,601 - Experiment - INFO - [conv-43] 🧭 Schema refined after buffer 3; rebuilding current buffer only.
2026-04-26 17:41:04,200 - Amadeus.Builder - INFO - 🤔 Builder CoT: Step 1: The session context is 2023-07-16. All time references are resolved to this date. Entities involved are John and Tim. Step 2: The buffer contains multiple facts about John's recent achievements, endorsements, and experiences. Step 3: Check each fact against the existing graph. John's endorsement with Nike and Gatorade are already present, but the mention of Under Armour is new. The surfing experience and connection to nature are new facts. Step 4: Add the new facts about Under Armour, surfing, and nature connection. Ensure all details are captured.
2026-04-26 17:41:04,200 - Amadeus.Builder - INFO - 🔗 LINK: Under Armour --CollaboratesWith<RelationEdge>--> John (Time: 2023-07-16)
2026-04-26 17:41:04,200 - Amadeus.Builder - INFO - 🔗 LINK: Surfing Experience --Connection to Nature<RelationEdge>--> John (Time: 2023-07-16)
2026-04-26 17:41:04,210 - Amadeus.Builder - INFO - 🛠️ Builder execution summary | buffer_index=2 | replay=False | ops=2 | waits=0
2026-04-26 17:41:04,210 - Amadeus.Optimizer - INFO - ⚔️ Self-Play Start | Mode: iterative-retry, MaxRetries: 3
2026-04-26 17:41:04,377 - Amadeus.Builder - INFO - 🔄 UPDATE LINK: Nate --peaceful and bring calm and joy<OWNED>--> turtles (Time: 2022-01-23)
2026-04-26 17:41:04,381 - Amadeus.Optimizer - INFO - 🔨 Builder re-processing buffer with updated strategy...
2026-04-26 17:41:08,079 - Amadeus.Questioner - INFO - Questioner CoT: First, I analyzed the buffer to identify key entities and relationships. I noticed that John and Tim discussed their passions, including sports, surfing, and fantasy books. The conversation also touched on themes of freedom, happiness, and connection to nature. These elements provide opportunities for implicit inference. I focused on the shared theme of finding freedom and happiness through different activities, which allows for an implicit inference question.
2026-04-26 17:41:08,079 - Amadeus.Optimizer - INFO - ⚔️ Question: What does John imply about the importance of personal passions in achieving happiness?
2026-04-26 17:41:08,079 - Amadeus.Optimizer - INFO - ⚔️ Ground Truth: John implies that personal passions are important for achieving happiness as he mentions the connection to nature through surfing and the joy of being in the ocean, and he relates it to Tim's escape through fantasy books.
2026-04-26 17:41:08,079 - Amadeus.Optimizer - INFO - 🔄 Attempt 1/3
2026-04-26 17:41:08,080 - Amadeus.Answerer - INFO - ❓ Question: What does John imply about the importance of personal passions in achieving happiness?
2026-04-26 17:41:09,796 - Amadeus.Answerer - INFO - Step 2: SEARCH - {'tool': 'SEARCH', 'query': 'What does John imply about the importance of personal passions in achieving happiness?', 'mode': 'hybrid', 'entry_edge_ids': ['E2'], 'entry_nodes': ['Brand Collaboration']}
2026-04-26 17:41:09,796 - Amadeus.Answerer - INFO - walk_decision_raw={'tool': 'SEARCH', 'query': 'What does John imply about the importance of personal passions in achieving happiness?', 'mode': 'hybrid', 'entry_edge_ids': ['E2'], 'entry_nodes': ['Brand Collaboration']}
2026-04-26 17:41:10,463 - Amadeus.Answerer - INFO - evidence_pool_init=- John collaborates with brands that align with my values and interests @ 2023-06-15
2026-04-26 17:41:11,443 - Amadeus.Answerer - INFO - Step 3: READ - {'tool': 'READ', 'answer': 'John implies that aligning personal passions with brand values is important for achieving happiness, as evidenced by his collaboration with brands that match his interests and values.'}
2026-04-26 17:41:11,443 - Amadeus.Answerer - INFO - walk_decision_raw={'tool': 'READ', 'answer': 'John implies that aligning personal passions with brand values is important for achieving happiness, as evidenced by his collaboration with brands that match his interests and values.'}
2026-04-26 17:41:11,443 - Amadeus.Answerer - INFO - read_triggered_by=llm_decision
2026-04-26 17:41:11,443 - Amadeus.Optimizer - INFO - 🔄 Attempt 1 | Prediction: John implies that aligning personal passions with brand values is important for achieving happiness, as evidenced by his collaboration with brands that match his interests and values.
2026-04-26 17:41:18,212 - Amadeus.Optimizer - INFO - 📋 Judge CoT: Step 1: The Prediction states that John implies aligning personal passions with brand values is important for happiness, while the Ground Truth states that John implies personal passions (surfing, connection to nature) are important for happiness. The Prediction introduces the concept of brand alignment, which is not mentioned in the Buffer. Step 2: The Builder Log contains edges about John's surfing experience and collaboration with Under Armour, but not about brand alignment or its relation to happiness. Step 3: The error is a 'missing_causal_relation' as the Builder did not connect surfing (a passion) to happiness. Step 4: To prevent this, the Builder should explicitly create edges from passions to emotional outcomes like happiness when the text describes such connections.
2026-04-26 17:41:18,212 - Amadeus.Optimizer - WARNING - ❌ Attempt 1 FAIL | Blame: BUILDER | ErrorCat: missing_causal_relation | Reason: The Builder failed to connect John's passion for surfing to happiness, introducing an unsupported brand alignment concept in the Prediction.
2026-04-26 17:41:18,212 - Amadeus.Optimizer - INFO - 📈 Strategy Update | Agent: BUILDER | Operator: ADD
2026-04-26 17:41:18,212 - Amadeus.Optimizer - INFO - 📈 Meta-Gradient: When the text describes a passion or activity, explicitly create an edge from the entity to emotional outcomes like happiness if the text implies a connection between the passion and positive emotions.
2026-04-26 17:41:18,212 - Amadeus.Agent - INFO - 📈 Guideline Updated for [ADD]: When the text describes a passion or activity, explicitly create an edge from the entity to emotional outcomes like happiness if the text implies a connection between the passion and positive emotions.
2026-04-26 17:41:18,212 - Amadeus.Optimizer - INFO - 🔧 Graph Patch: [{"action": "ADD", "subject": "John", "object": "happiness", "content": {"type": "emotional_reaction", "intensity": "high"}}, {"action": "ADD", "subject": "Surfing Experience", "object": "happiness", "content": {"type": "emotional_reaction", "intensity": "high"}}]
2026-04-26 17:41:18,212 - Amadeus.Builder - INFO - 🔧 FORCE UPDATE TRIGGERED: Apply these fixes: [{"action": "ADD", "subject": "John", "object": "happiness", "content": {"type": "emotional_reaction", "intensity": "high"}}, {"action": "ADD", "subject": "Surfing Experience", "object": "happiness", "content": {"type": "emotional_reaction", "intensity": "high"}}]
2026-04-26 17:41:39,740 - Amadeus.Builder - INFO - 🤔 Builder CoT: Step 1: The session context is 18 March 2022. All events are set against this date. Step 2: The buffer contains dialogue between Joanna and Nate, discussing Joanna's script, her allergies, and their pets. Step 3: The graph already has some nodes and edges related to Nate, Joanna, turtles, and their hobbies. Step 4: The new facts include Joanna's feelings about her script, her allergies, and her interest in getting turtles. These need to be added or updated in the graph.
2026-04-26 17:41:39,740 - Amadeus.Builder - INFO - 🔄 UPDATE LINK: Joanna --FEELINGS_OF_RELIEF_AND_ANXIETY<RelationEdge>--> Screenplay: Self-Discovery Journey (Time: 2022-03-18)
2026-04-26 17:41:39,740 - Amadeus.Builder - INFO - 🔄 UPDATE LINK: Joanna --TUG_OF_WAR_OF_HOPE_AND_DOUBT<RelationEdge>--> Screenplay: Self-Discovery Journey (Time: 2022-03-18)
2026-04-26 17:41:39,740 - Amadeus.Builder - INFO - 🔄 UPDATE LINK: Joanna --MOTIVATED_BY_SUPPORT<RelationEdge>--> Screenplay: Self-Discovery Journey (Time: 2022-03-18)
2026-04-26 17:41:39,740 - Amadeus.Builder - INFO - 🔄 UPDATE LINK: Joanna --LOOKING_FORWARD_TO_NEXT_STEPS<RelationEdge>--> Screenplay: Self-Discovery Journey (Time: 2022-03-18)
2026-04-26 17:41:39,740 - Amadeus.Builder - INFO - 🔄 UPDATE LINK: Joanna --Allergic to cockroaches<RelationEdge>--> PetAllergies (Time: 2022-03-18)
2026-04-26 17:41:39,740 - Amadeus.Builder - INFO - 🔗 LINK: Joanna --WANTS_TO_OWN<RelationEdge>--> Turtles (Time: 2022-03-18)
2026-04-26 17:41:39,740 - Amadeus.Builder - INFO - 🔗 LINK: Nate --MAINTAINED<RelationEdge>--> Turtles (Time: 2022-03-18)
2026-04-26 17:41:39,740 - Amadeus.Builder - INFO - 🔗 LINK: Nate --CALMING_EFFECT<RelationEdge>--> Turtles (Time: 2022-03-18)
2026-04-26 17:41:39,740 - Amadeus.Builder - INFO - 🔗 LINK: Nate --LOW_MAINTENANCE<RelationEdge>--> Turtles (Time: 2022-03-18)
2026-04-26 17:41:39,740 - Amadeus.Builder - INFO - 🔗 LINK: Nate --SLOW_PACE<RelationEdge>--> Turtles (Time: 2022-03-18)
2026-04-26 17:41:39,741 - Amadeus.Builder - INFO - 🔗 LINK: Nate --ENJOYMENT_OF_SMALL_STUFF<RelationEdge>--> Turtles (Time: 2022-03-18)
2026-04-26 17:41:39,741 - Amadeus.Builder - INFO - 🔗 LINK: Nate --PETS_BRING_JOY<RelationEdge>--> Turtles (Time: 2022-03-18)
2026-04-26 17:41:39,741 - Amadeus.Builder - INFO - 🔗 LINK: Nate --SHARING_PICS_WITH_JOANNA<RelationEdge>--> Turtles (Time: 2022-03-18)
2026-04-26 17:41:39,741 - Amadeus.Builder - INFO - 🔗 LINK: Joanna --INTERESTED_IN_OWNERSHIP<RelationEdge>--> Turtles (Time: 2022-03-18)
2026-04-26 17:41:39,741 - Amadeus.Builder - INFO - 🔗 LINK: Joanna --Allergic to most reptiles and animals with fur<RelationEdge>--> PetAllergies (Time: 2022-03-18)
2026-04-26 17:41:39,745 - Amadeus.Builder - INFO - 🧩 Builder schema proposals | nodes=['EmotionalState', 'PetCare'] | edges=['FEELINGS_TOWARD', 'PET_CARE_DETAILS'] | rules=['EmotionalStateRule', 'PetCareRule']
2026-04-26 17:41:39,745 - Amadeus.Builder - INFO - 🛠️ Builder execution summary | buffer_index=None | replay=False | ops=15 | waits=0
2026-04-26 17:41:39,745 - Amadeus.Optimizer - INFO - 🔄 Attempt 3/3
2026-04-26 17:41:39,745 - Amadeus.Answerer - INFO - ❓ Question: What does Joanna think about Nate's turtles based on their conversation?
2026-04-26 17:41:41,664 - Amadeus.Answerer - INFO - Step 2: SEARCH - {'tool': 'SEARCH', 'query': "What does Joanna think about Nate's turtles based on their conversation?", 'mode': 'hybrid', 'entry_edge_ids': ['E2'], 'entry_nodes': ['Joanna', 'Turtles']}
2026-04-26 17:41:41,664 - Amadeus.Answerer - INFO - walk_decision_raw={'tool': 'SEARCH', 'query': "What does Joanna think about Nate's turtles based on their conversation?", 'mode': 'hybrid', 'entry_edge_ids': ['E2'], 'entry_nodes': ['Joanna', 'Turtles']}
2026-04-26 17:41:42,254 - Amadeus.Answerer - INFO - evidence_pool_init=- Joanna wants to own turtles @ 2022-03-18
2026-04-26 17:41:44,016 - Amadeus.Answerer - INFO - Step 3: READ - {'tool': 'READ', 'answer': "Based on the evidence, Joanna wants to own turtles, as indicated by the relation 'WANTS_TO_OWN' from Joanna to Turtles dated 2022-03-18. However, there is no direct information about her thoughts on Nate's turtles specifically."}
2026-04-26 17:41:44,016 - Amadeus.Answerer - INFO - walk_decision_raw={'tool': 'READ', 'answer': "Based on the evidence, Joanna wants to own turtles, as indicated by the relation 'WANTS_TO_OWN' from Joanna to Turtles dated 2022-03-18. However, there is no direct information about her thoughts on Nate's turtles specifically."}
2026-04-26 17:41:44,016 - Amadeus.Answerer - INFO - read_triggered_by=llm_decision
2026-04-26 17:41:44,016 - Amadeus.Optimizer - INFO - 🔄 Attempt 3 | Prediction: Based on the evidence, Joanna wants to own turtles, as indicated by the relation 'WANTS_TO_OWN' from Joanna to Turtles dated 2022-03-18. However, there is no direct information about her thoughts on N
2026-04-26 17:41:49,407 - Amadeus.Optimizer - INFO - 📋 Judge CoT: Step 1: The Prediction states there's no direct info about Joanna's thoughts on Nate's turtles, but the Ground Truth claims she thinks they're peaceful and bring calm and joy. This is a contradiction. Step 2: Builder Activity Log shows no recent updates, implying the relationship about Joanna's thoughts on Nate's turtles was never extracted. Step 3: The error is a missing_causal_relation, as the system failed to connect Joanna's emotional expressions to the turtles. Step 4: To prevent this, the Builder should link emotional expressions about animals to the specific animal entity, even if not directly named.
2026-04-26 17:41:49,407 - Amadeus.Optimizer - WARNING - ❌ Attempt 3 FAIL | Blame: BUILDER | ErrorCat: missing_causal_relation | Reason: The system failed to connect Joanna's emotional expressions to Nate's turtles, missing the causal relationship between her feelings and the turtles.
2026-04-26 17:41:49,407 - Amadeus.Optimizer - INFO - ⚔️ Self-Play End | Attempts: 3 | Final: FAIL | Experiences Total: 0
2026-04-26 17:41:49,407 - Experiment - INFO - [conv-42] 🔄 Flush Triggered at chunk 6. Processing Buffer...
2026-04-26 17:41:49,407 - Experiment - INFO - [conv-42] 🧊 Schema exploration frozen after first 3 flushed buffers; skipping emergence for buffer 6.
2026-04-26 17:42:06,364 - Amadeus.Builder - INFO - 🤔 Builder CoT: Step 1: The session context is 24 March 2022. The buffer contains dialogue between Nate and Joanna. Step 2: Extract facts like Nate participating in the video game tournament, Joanna's audition, and writing advice. Step 3: Check if these facts exist in the graph. For example, Nate's tournament participation is already in the graph, so no need to add. Joanna's audition is new, so add it. Step 4: Ensure all details are captured, like the audition date and emotional state.
2026-04-26 17:42:06,378 - Amadeus.Builder - INFO - 🔗 LINK: Audition --AUDITIONED_FOR_WRITING_GIG<RelationEdge>--> Joanna (Time: 2022-03-24)
2026-04-26 17:42:06,378 - Amadeus.Builder - INFO - 🔄 UPDATE LINK: Joanna --MOTIVATED_BY_SUPPORT<RelationEdge>--> Screenplay: Self-Discovery Journey (Time: 2022-03-24)
2026-04-26 17:42:06,378 - Amadeus.Builder - INFO - 🔄 UPDATE LINK: Nate --PARTICIPATING_IN_TOURNAMENT<RelationEdge>--> Video Game Tournament (Time: 2022-03-24)
2026-04-26 17:42:06,378 - Amadeus.Builder - INFO - 🔄 UPDATE LINK: Joanna --WRITING_ADVICE<RelationEdge>--> Hobbies (Time: 2022-03-24)
2026-04-26 17:42:06,383 - Amadeus.Builder - WARNING - Schema node proposal skipped: 1 validation error for NodeTypeProposal
examples
  Input should be a valid list [type=list_type, input_value="Joanna's audition for a writing gig", input_type=str]
    For further information visit https://errors.pydantic.dev/2.12/v/list_type | raw={"name": "WritingGig", "description": "A writing opportunity or job that a person is auditioning for or has been selected for.", "when_to_create": "When a character mentions auditioning for or being involved in a writing gig.", "usage_scene": "Linking to a person's career development and hobbies.", "examples": "Joanna's audition for a writing gig"}
2026-04-26 17:42:06,383 - Amadeus.Builder - WARNING - Schema edge proposal skipped: 1 validation error for EdgeTypeProposal
examples
  Input should be a valid list [type=list_type, input_value='Joanna --AUDITIONED_FOR_...ITING_GIG--> WritingGig', input_type=str]
    For further information visit https://errors.pydantic.dev/2.12/v/list_type | raw={"name": "AUDITIONED_FOR_WRITING_GIG", "description": "Indicates that a person has auditioned for a writing gig.", "when_to_create": "When a character mentions auditioning for a writing gig.", "usage_scene": "Linking to a person's career development and hobbies.", "examples": "Joanna --AUDITIONED_FOR_WRITING_GIG--> WritingGig"}
2026-04-26 17:42:06,383 - Amadeus.Builder - WARNING - Schema edge proposal skipped: 1 validation error for EdgeTypeProposal
examples
  Input should be a valid list [type=list_type, input_value='Joanna --MOTIVATED_BY_SU... Self-Discovery Journey', input_type=str]
    For further information visit https://errors.pydantic.dev/2.12/v/list_type | raw={"name": "MOTIVATED_BY_SUPPORT", "description": "Indicates that a person's work or project is motivated by support from others.", "when_to_create": "When a character mentions feeling motivated by support from others.", "usage_scene": "Linking to a person's emotional state and project development.", "examples": "Joanna --MOTIVATED_BY_SUPPORT--> Screenplay: Self-Discovery Journey"}
2026-04-26 17:42:06,383 - Amadeus.Builder - INFO - 🧩 Builder schema proposals | nodes=[] | edges=[] | rules=['WritingGigAuditionRule', 'MotivationBySupportRule']
2026-04-26 17:42:06,383 - Amadeus.Builder - INFO - 🛠️ Builder execution summary | buffer_index=5 | replay=False | ops=4 | waits=0
2026-04-26 17:42:06,383 - Experiment - INFO - [conv-42] 🛠️ Executed buffer 6 under schema v3 | active_node_types=['Entity'] | active_edge_types=['RelationEdge'] | active_rules=['TemporalNormalizationRule', 'SubjectResolutionRule', 'MinimalismRule', 'CompletenessRule', 'EpisodicPrimacyRule', 'AmbiguityAversionRule', 'ScreenplayCreationRule', 'PetOwnershipRule', 'AllergyRule', 'MediaConsumptionRule', 'HobbyEngagementRule', 'PreferenceRule', 'CreationRule']
2026-04-26 17:42:06,383 - Experiment - INFO - [conv-42] 🧩 Post-build schema proposals detected | node_types=[] | edge_types=[] | rules=['WritingGigAuditionRule', 'MotivationBySupportRule']
2026-04-26 17:42:06,384 - Experiment - INFO - [conv-42] 🧊 Ignoring post-build schema proposals after schema exploration window closed.
2026-04-26 17:42:06,384 - Amadeus.Optimizer - INFO - ⚔️ Self-Play Start | Mode: iterative-retry, MaxRetries: 3
2026-04-26 17:42:09,902 - Amadeus.Questioner - INFO - Questioner CoT: First, I analyzed the buffer to identify key entities and relationships. I noticed that Joanna mentioned her writing process and the role of books in her inspiration. Nate asked for advice on pursuing writing, and Joanna provided tips about reading, practicing, and feedback. A MULTI_HOP question could connect Joanna's use of books for inspiration with her advice on reading different genres. This tests if the system can link her personal habit with her professional advice.
2026-04-26 17:42:09,902 - Amadeus.Optimizer - INFO - ⚔️ Question: What role do books play in Joanna's writing process according to her advice to Nate?
2026-04-26 17:42:09,902 - Amadeus.Optimizer - INFO - ⚔️ Ground Truth: Books help Joanna stay sharp and motivated, and she advises reading different genres to build a solid understanding of literature.
2026-04-26 17:42:09,902 - Amadeus.Optimizer - INFO - 🔄 Attempt 1/3
2026-04-26 17:42:09,902 - Amadeus.Answerer - INFO - ❓ Question: What role do books play in Joanna's writing process according to her advice to Nate?
2026-04-26 17:42:12,079 - Amadeus.Answerer - INFO - Step 2: SEARCH - {'tool': 'SEARCH', 'query': "What role do books play in Joanna's writing process according to her advice to Nate?", 'mode': 'hybrid', 'entry_edge_ids': ['E1'], 'entry_nodes': ['Joanna', 'Nate']}
2026-04-26 17:42:12,079 - Amadeus.Answerer - INFO - walk_decision_raw={'tool': 'SEARCH', 'query': "What role do books play in Joanna's writing process according to her advice to Nate?", 'mode': 'hybrid', 'entry_edge_ids': ['E1'], 'entry_nodes': ['Joanna', 'Nate']}
2026-04-26 17:42:12,688 - Amadeus.Answerer - INFO - evidence_pool_init=- Joanna mentored Nate on 2022-03-18
2026-04-26 17:42:14,563 - Amadeus.Answerer - INFO - Step 3: READ - {'tool': 'READ', 'answer': "According to Joanna's advice to Nate, books play a role in her writing process as sources of inspiration, as indicated by the connection between Joanna and the Screenplay: Self-Discovery Journey, which includes the 'INSPIRED_BY' relation."}
2026-04-26 17:42:14,563 - Amadeus.Answerer - INFO - walk_decision_raw={'tool': 'READ', 'answer': "According to Joanna's advice to Nate, books play a role in her writing process as sources of inspiration, as indicated by the connection between Joanna and the Screenplay: Self-Discovery Journey, which includes the 'INSPIRED_BY' relation."}
2026-04-26 17:42:14,563 - Amadeus.Answerer - INFO - read_triggered_by=llm_decision
2026-04-26 17:42:14,563 - Amadeus.Optimizer - INFO - 🔄 Attempt 1 | Prediction: books play a role in her writing process as sources of inspiration, as indicated by the connection between Joanna and the Screenplay: Self-Discovery Journey, which includes the 'INSPIRED_BY' relation.
2026-04-26 17:42:22,158 - Amadeus.Optimizer - INFO - 📋 Judge CoT: Step 1: The Prediction states that books are sources of inspiration linked to the Screenplay: Self-Discovery Journey via 'INSPIRED_BY' relation. However, the Ground Truth mentions books help Joanna stay sharp and motivated, and advises reading different genres. Step 2: The Builder Log does not include any direct link between books and Joanna's writing process. The only related link is 'JOANNA --WRITING_ADVICE<RelationEdge>--> Hobbies', which does not mention books. Step 3: The error is a missing_causal_relation, as the Builder Log lacks the necessary link between books and Joanna's writing process. Step 4: To prevent this, the Builder should explicitly capture relationships between writing advice and specific mediums like books when relevant.
2026-04-26 17:42:22,159 - Amadeus.Optimizer - WARNING - ❌ Attempt 1 FAIL | Blame: BUILDER | ErrorCat: missing_causal_relation | Reason: The Builder Log lacks a direct link between books and Joanna's writing process, which is essential for answering the question accurately.
2026-04-26 17:42:22,159 - Amadeus.Optimizer - INFO - 📈 Strategy Update | Agent: BUILDER | Operator: ADD
2026-04-26 17:42:22,159 - Amadeus.Optimizer - INFO - 📈 Meta-Gradient: When extracting writing advice, explicitly link the advice to specific mediums (e.g., books, genres) if the context implies a connection to writing practices.
2026-04-26 17:42:22,159 - Amadeus.Agent - INFO - 📈 Guideline Updated for [ADD]: When extracting writing advice, explicitly link the advice to specific mediums (e.g., books, genres) if the context implies a connection to writing practices.
2026-04-26 17:42:22,159 - Amadeus.Optimizer - INFO - 🔧 Graph Patch: [{"action": "ADD", "subject": "Joanna", "object": "Screenplay: Self-Discovery Journey", "content": {"relation": "MOTIVATED_BY", "type": "READING_GENRES"}}, {"action": "ADD", "subject": "Joanna", "object": "Books", "content": {"relation": "USES_FOR_WRITING", "type": "STAY_SHARP_AND_MOTIVATED"}}]
2026-04-26 17:42:22,159 - Amadeus.Builder - INFO - 🔧 FORCE UPDATE TRIGGERED: Apply these fixes: [{"action": "ADD", "subject": "Joanna", "object": "Screenplay: Self-Discovery Journey", "content": {"relation": "MOTIVATED_BY", "type": "READING_GENRES"}}, {"action": "ADD", "subject": "Joanna", "object": "Books", "content": {"relation": "USES_FOR_WRITING", "type": "STAY_SHARP_AND_MOTIVATED"}}]
2026-04-26 17:42:29,454 - Amadeus.Builder - INFO - 🔗 LINK: Joanna --MOTIVATED_BY READING_GENRES<MOTIVATED_BY>--> Screenplay: Self-Discovery Journey (Time: 2022-03-24)
2026-04-26 17:42:29,468 - Amadeus.Builder - INFO - 🔗 LINK: Joanna --USES_FOR_WRITING STAY_SHARP_AND_MOTIVATED<USES_FOR_WRITING>--> Books (Time: 2022-03-24)
2026-04-26 17:42:29,473 - Amadeus.Optimizer - INFO - 🔨 Builder re-processing buffer with updated strategy...
2026-04-26 17:42:33,874 - Amadeus.Builder - INFO - 🤔 Builder CoT: Step 1: The session context is 2022-03-24. The conversation between Nate and Joanna discusses their recent activities and writing advice. Step 2: The buffer contains multiple facts about their interactions, including the audition, tournament participation, and writing advice. Step 3: Check if these facts exist in the graph. The audition and tournament participation are already present, but the writing advice is new. Step 4: Add the writing advice as a new fact, linking it to the appropriate entities.
2026-04-26 17:42:33,874 - Amadeus.Builder - INFO - 🔗 LINK: Joanna --WRITING_ADVICE<RelationEdge>--> Hobbies (Time: 2022-03-24)
2026-04-26 17:42:33,880 - Amadeus.Builder - INFO - 🛠️ Builder execution summary | buffer_index=None | replay=False | ops=1 | waits=0
2026-04-26 17:42:33,880 - Amadeus.Optimizer - INFO - 🔄 Attempt 2/3
2026-04-26 17:42:33,880 - Amadeus.Answerer - INFO - ❓ Question: What role do books play in Joanna's writing process according to her advice to Nate?
2026-04-26 17:42:36,101 - Amadeus.Answerer - INFO - Step 2: SEARCH - {'tool': 'SEARCH', 'query': "What role do books play in Joanna's writing process according to her advice to Nate?", 'mode': 'hybrid', 'entry_edge_ids': ['E1'], 'entry_nodes': ['Joanna', 'Books']}
2026-04-26 17:42:36,109 - Amadeus.Answerer - INFO - walk_decision_raw={'tool': 'SEARCH', 'query': "What role do books play in Joanna's writing process according to her advice to Nate?", 'mode': 'hybrid', 'entry_edge_ids': ['E1'], 'entry_nodes': ['Joanna', 'Books']}
2026-04-26 17:42:36,642 - Amadeus.Answerer - INFO - evidence_pool_init=- Joanna uses books for staying sharp and motivated in her writing process.
2026-04-26 17:42:37,843 - Amadeus.Answerer - INFO - Step 3: READ - {'tool': 'READ', 'answer': "According to Joanna's advice to Nate, books play a role in her writing process by helping her stay sharp and motivated."}
2026-04-26 17:42:37,843 - Amadeus.Answerer - INFO - walk_decision_raw={'tool': 'READ', 'answer': "According to Joanna's advice to Nate, books play a role in her writing process by helping her stay sharp and motivated."}
2026-04-26 17:42:37,843 - Amadeus.Answerer - INFO - read_triggered_by=llm_decision
2026-04-26 17:42:37,843 - Amadeus.Optimizer - INFO - 🔄 Attempt 2 | Prediction: books play a role in her writing process by helping her stay sharp and motivated.
2026-04-26 17:42:43,828 - Amadeus.Optimizer - INFO - 📋 Judge CoT: Step 1: The Prediction states that books help Joanna stay sharp and motivated, while the Ground Truth adds that she advises reading different genres to build a solid understanding of literature. The Prediction is missing the genre advice component. Step 2: The Builder Log contains a link from Joanna to Hobbies under WRITING_ADVICE, but no explicit mention of books or genres. Step 3: This is a missing_causal_relation error because the Builder failed to connect writing advice to specific mediums like books or genres. Step 4: To prevent this, the Builder should explicitly link writing advice to specific mediums when the context implies a connection to writing practices.
2026-04-26 17:42:43,829 - Amadeus.Optimizer - WARNING - ❌ Attempt 2 FAIL | Blame: BUILDER | ErrorCat: missing_causal_relation | Reason: The Builder Log lacks a direct link between Joanna's writing advice and the specific medium of books or genres, which are essential to the Ground Truth.
2026-04-26 17:42:43,829 - Amadeus.Optimizer - INFO - 📈 Strategy Update | Agent: BUILDER | Operator: ADD
2026-04-26 17:42:43,829 - Amadeus.Optimizer - INFO - 📈 Meta-Gradient: When extracting writing advice, explicitly link the advice to specific mediums (e.g., books, genres) if the context implies a connection to writing practices.
2026-04-26 17:42:43,829 - Amadeus.Optimizer - INFO - 🔧 Graph Patch: [{"action": "ADD", "subject": "Joanna", "object": "Hobbies", "content": "reading different genres to build a solid understanding of literature"}]
2026-04-26 17:42:43,829 - Amadeus.Builder - INFO - 🔧 FORCE UPDATE TRIGGERED: Apply these fixes: [{"action": "ADD", "subject": "Joanna", "object": "Hobbies", "content": "reading different genres to build a solid understanding of literature"}]
2026-04-26 17:42:47,700 - Amadeus.Builder - INFO - 🔗 LINK: Joanna --reading different genres to build a solid understanding of literature<Hobbies>--> Hobbies (Time: 2022-03-24)
2026-04-26 17:42:47,705 - Amadeus.Optimizer - INFO - 🔨 Builder re-processing buffer with updated strategy...
