{
  "timestamp": "20251230_150709",
  "config": {
    "model_name": "qwen2.5-7b-instruct",
    "judge_model_name": "qwen2.5-32b-instruct",
    "data_file": "/home/ubuntu/hzy/crl/Amadeus/amadeus/experiments/data/locomo10.json"
  },
  "total_samples": 1,
  "total_questions": 152,
  "category_distribution": {
    "2": 37,
    "3": 13,
    "1": 32,
    "4": 70
  },
  "aggregate_metrics": {
    "overall": {
      "mean": 0.4868421052631579,
      "std": 0.49982683982164683,
      "count": 152
    },
    "category_2": {
      "mean": 0.24324324324324326,
      "std": 0.4290407531456093,
      "count": 37
    },
    "category_3": {
      "mean": 0.6153846153846154,
      "std": 0.48650425541051995,
      "count": 13
    },
    "category_1": {
      "mean": 0.46875,
      "std": 0.4990224819584785,
      "count": 32
    },
    "category_4": {
      "mean": 0.6,
      "std": 0.48989794855663565,
      "count": 70
    }
  }
}