{
  "timestamp": "20251231_164844",
  "config": {
    "model_name": "qwen2.5-7b-instruct",
    "judge_model_name": "qwen2.5-32b-instruct",
    "data_file": "/home/ubuntu/hzy/crl/Amadeus/amadeus/experiments/data/locomo10.json"
  },
  "total_samples": 1,
  "total_questions": 158,
  "category_distribution": {
    "2": 32,
    "1": 32,
    "3": 7,
    "4": 87
  },
  "aggregate_metrics": {
    "overall": {
      "mean": 0.46835443037974683,
      "std": 0.498997553023469,
      "count": 158
    },
    "category_2": {
      "mean": 0.40625,
      "std": 0.4911323014219285,
      "count": 32
    },
    "category_1": {
      "mean": 0.34375,
      "std": 0.47495887979908324,
      "count": 32
    },
    "category_3": {
      "mean": 0.5714285714285714,
      "std": 0.4948716593053935,
      "count": 7
    },
    "category_4": {
      "mean": 0.5287356321839081,
      "std": 0.49917358047375787,
      "count": 87
    }
  }
}