
2026-03-04 20:43:20,470 [INFO] Mode: Amadeus Memory
2026-03-04 20:43:20,471 [INFO] Model: /data/hzy/models/Qwen2.5-7B-Instruct
2026-03-04 20:43:20,471 [INFO] API Base: http://localhost:8000/v1
2026-03-04 20:43:20,471 [INFO] Output: /data/hzy/Amadeus/amadeus/MATH/logs/run_amadeus_20260304_204320
2026-03-04 20:43:20,471 [INFO] Loading MATH-500 dataset...
2026-03-04 20:43:23,848 [INFO] Loaded 500 problems
2026-03-04 20:43:23,887 [INFO] Loading embedding model: /data/hzy/Amadeus/amadeus/models/all-MiniLM-L6-v2
2026-03-04 20:43:25,124 [INFO] Amadeus memory system initialized
2026-03-04 20:43:25,124 [INFO] [1/500] Solving problem #0...
2026-03-04 20:43:29,462 [INFO]   [+] pred=(3, \frac{\pi}{2}), gold=\left( 3, \frac{\pi}{2} \right), running_acc=1/1 (100.0%)
2026-03-04 20:43:29,750 [INFO] [2/500] Solving problem #1...
2026-03-04 20:43:29,765 [INFO]   Retrieved 615 chars of memory context
2026-03-04 20:43:42,769 [INFO]   [+] pred=p - q, gold=p - q, running_acc=2/2 (100.0%)
2026-03-04 20:43:42,787 [INFO] [3/500] Solving problem #2...
2026-03-04 20:43:42,800 [INFO]   Retrieved 1257 chars of memory context
2026-03-04 20:43:49,666 [INFO]   [+] pred=\frac{14}{3}, gold=\frac{14}{3}, running_acc=3/3 (100.0%)
2026-03-04 20:43:49,699 [INFO] [4/500] Solving problem #3...
2026-03-04 20:43:49,784 [INFO]   Retrieved 1819 chars of memory context
2026-03-04 20:43:57,768 [INFO]   [+] pred=9, gold=9, running_acc=4/4 (100.0%)
2026-03-04 20:43:57,811 [INFO] [5/500] Solving problem #4...
2026-03-04 20:43:57,853 [INFO]   Retrieved 1819 chars of memory context
2026-03-04 20:44:05,153 [INFO]   [+] pred=Evelyn, gold=\text{Evelyn}, running_acc=5/5 (100.0%)
2026-03-04 20:44:05,170 [INFO] [6/500] Solving problem #5...
2026-03-04 20:44:05,184 [INFO]   Retrieved 1750 chars of memory context
2026-03-04 20:44:10,546 [INFO]   [+] pred=42, gold=42, running_acc=6/6 (100.0%)
2026-03-04 20:44:10,567 [INFO] [7/500] Solving problem #6...
2026-03-04 20:44:10,580 [INFO]   Retrieved 1749 chars of memory context
2026-03-04 20:44:16,940 [INFO]   [+] pred=27, gold=27, running_acc=7/7 (100.0%)
2026-03-04 20:44:16,958 [INFO] [8/500] Solving problem #7...
2026-03-04 20:44:16,964 [INFO]   Retrieved 1793 chars of memory context
2026-03-04 20:44:30,562 [INFO]   [+] pred=90, gold=90^\circ, running_acc=8/8 (100.0%)
2026-03-04 20:44:30,583 [INFO] [9/500] Solving problem #8...
2026-03-04 20:44:30,597 [INFO]   Retrieved 1889 chars of memory context
2026-03-04 20:44:36,452 [INFO]   [+] pred=\(3\sqrt{13}\), gold=3\sqrt{13}, running_acc=9/9 (100.0%)
2026-03-04 20:44:36,475 [INFO] [10/500] Solving problem #9...
2026-03-04 20:44:36,492 [INFO]   Retrieved 1695 chars of memory context
2026-03-04 20:44:49,508 [INFO]   [x] pred=1, gold=4, running_acc=9/10 (90.0%)
2026-03-04 20:44:49,515 [INFO] [11/500] Solving problem #10...
2026-03-04 20:44:49,571 [INFO]   Retrieved 1650 chars of memory context
2026-03-04 20:44:58,186 [INFO]   [x] pred=20202, gold=2220, running_acc=9/11 (81.8%)
2026-03-04 20:44:58,186 [INFO] [12/500] Solving problem #11...
2026-03-04 20:44:58,201 [INFO]   Retrieved 1596 chars of memory context
2026-03-04 20:45:08,971 [INFO]   [x] pred=0, gold=\frac{3}{56}, running_acc=9/12 (75.0%)
2026-03-04 20:45:08,972 [INFO] [13/500] Solving problem #12...
2026-03-04 20:45:08,990 [INFO]   Retrieved 1676 chars of memory context
2026-03-04 20:45:19,811 [INFO]   [x] pred=112, gold=284, running_acc=9/13 (69.2%)
2026-03-04 20:45:19,812 [INFO] [14/500] Solving problem #13...
2026-03-04 20:45:19,827 [INFO]   Retrieved 1818 chars of memory context
2026-03-04 20:45:23,884 [INFO]   [+] pred=5, gold=5, running_acc=10/14 (71.4%)
2026-03-04 20:45:23,908 [INFO] [15/500] Solving problem #14...
2026-03-04 20:45:23,922 [INFO]   Retrieved 1845 chars of memory context
2026-03-04 20:45:27,925 [INFO]   [x] pred=10, gold=\sqrt{51}, running_acc=10/15 (66.7%)
2026-03-04 20:45:27,926 [INFO] [16/500] Solving problem #15...
2026-03-04 20:45:27,988 [INFO]   Retrieved 1841 chars of memory context
2026-03-04 20:45:52,888 [INFO]   [x] pred=6 - \frac{3\sqrt{2}}{2} - \frac{4 + 3\sqrt{2}}{2}i, gold=6 - 5i, running_acc=10/16 (62.5%)
2026-03-04 20:45:52,888 [INFO] [17/500] Solving problem #16...
2026-03-04 20:45:52,939 [INFO]   Retrieved 1596 chars of memory context
2026-03-04 20:45:57,259 [INFO]   [+] pred=-50, gold=-50, running_acc=11/17 (64.7%)
2026-03-04 20:45:57,353 [INFO] [18/500] Solving problem #17...
2026-03-04 20:45:57,387 [INFO]   Retrieved 1853 chars of memory context
2026-03-04 20:46:04,821 [INFO]   [x] pred=\frac{\pi}{2}, gold=\pi, running_acc=11/18 (61.1%)
2026-03-04 20:46:04,822 [INFO] [19/500] Solving problem #18...
2026-03-04 20:46:04,837 [INFO]   Retrieved 1818 chars of memory context
2026-03-04 20:46:13,955 [INFO]   [+] pred=28, gold=28, running_acc=12/19 (63.2%)
2026-03-04 20:46:14,001 [INFO] [20/500] Solving problem #19...
2026-03-04 20:46:14,030 [INFO]   Retrieved 1730 chars of memory context
2026-03-04 20:46:26,938 [INFO]   [+] pred=3, gold=3, running_acc=13/20 (65.0%)
2026-03-04 20:46:26,960 [INFO] [21/500] Solving problem #20...
2026-03-04 20:46:26,973 [INFO]   Retrieved 1581 chars of memory context
2026-03-04 20:46:29,807 [INFO]   [+] pred=6 + 9i, gold=6+9i, running_acc=14/21 (66.7%)
2026-03-04 20:46:29,833 [INFO] [22/500] Solving problem #21...
2026-03-04 20:46:29,849 [INFO]   Retrieved 1692 chars of memory context
2026-03-04 20:46:45,960 [INFO]   [x] pred=2094, gold=13535, running_acc=14/22 (63.6%)
2026-03-04 20:46:45,962 [INFO] [23/500] Solving problem #22...
2026-03-04 20:46:45,981 [INFO]   Retrieved 1843 chars of memory context
2026-03-04 20:46:56,948 [INFO]   [+] pred=5, gold=5, running_acc=15/23 (65.2%)
2026-03-04 20:46:56,970 [INFO] [24/500] Solving problem #23...
2026-03-04 20:46:56,984 [INFO]   Retrieved 1599 chars of memory context
2026-03-04 20:47:10,226 [INFO]   [x] pred=The value of \( x \) that satisfies the equation is \( \boxe, gold=x=5, running_acc=15/24 (62.5%)
2026-03-04 20:47:10,226 [INFO] [25/500] Solving problem #24...
2026-03-04 20:47:10,254 [INFO]   Retrieved 1859 chars of memory context
2026-03-04 20:47:35,190 [INFO]   [+] pred=10, gold=10, running_acc=16/25 (64.0%)
2026-03-04 20:47:35,214 [INFO] [26/500] Solving problem #25...
2026-03-04 20:47:35,230 [INFO]   Retrieved 1581 chars of memory context
2026-03-04 20:47:53,010 [INFO]   [+] pred=1, -2, gold=1,-2, running_acc=17/26 (65.4%)
2026-03-04 20:47:53,045 [INFO] [27/500] Solving problem #26...
2026-03-04 20:47:53,060 [INFO]   Retrieved 1797 chars of memory context
2026-03-04 20:48:08,492 [INFO]   [+] pred=144, gold=144, running_acc=18/27 (66.7%)
2026-03-04 20:48:08,527 [INFO] [28/500] Solving problem #27...
2026-03-04 20:48:08,543 [INFO]   Retrieved 1921 chars of memory context
2026-03-04 20:48:14,077 [INFO]   [+] pred=78, gold=78, running_acc=19/28 (67.9%)
2026-03-04 20:48:14,121 [INFO] [29/500] Solving problem #28...
2026-03-04 20:48:14,148 [INFO]   Retrieved 1746 chars of memory context
2026-03-04 20:48:17,926 [INFO]   [+] pred=-2 + 7i, gold=-2 + 7i, running_acc=20/29 (69.0%)
2026-03-04 20:48:17,964 [INFO] [30/500] Solving problem #29...
2026-03-04 20:48:17,978 [INFO]   Retrieved 1921 chars of memory context
2026-03-04 20:48:24,359 [INFO]   [+] pred=225, gold=225, running_acc=21/30 (70.0%)
2026-03-04 20:48:24,410 [INFO] [31/500] Solving problem #30...
2026-03-04 20:48:24,430 [INFO]   Retrieved 1793 chars of memory context
2026-03-04 20:48:30,044 [INFO]   [x] pred=52, gold=52_8, running_acc=21/31 (67.7%)
2026-03-04 20:48:30,045 [INFO] [32/500] Solving problem #31...
2026-03-04 20:48:30,111 [INFO]   Retrieved 1645 chars of memory context
2026-03-04 20:48:36,343 [INFO]   [x] pred=\(11 \sqrt{2}\), gold=11\sqrt2, running_acc=21/32 (65.6%)
2026-03-04 20:48:36,348 [INFO] [33/500] Solving problem #32...
2026-03-04 20:48:36,389 [INFO]   Retrieved 1921 chars of memory context
2026-03-04 20:48:42,347 [INFO]   [+] pred=720, gold=720, running_acc=22/33 (66.7%)
2026-03-04 20:48:42,410 [INFO] [34/500] Solving problem #33...
2026-03-04 20:48:42,432 [INFO]   Retrieved 1660 chars of memory context
2026-03-04 20:48:55,927 [INFO]   [x] pred=\frac{7}{18}, gold=\frac{243}{625}, running_acc=22/34 (64.7%)
2026-03-04 20:48:55,928 [INFO] [35/500] Solving problem #34...
2026-03-04 20:48:55,946 [INFO]   Retrieved 1680 chars of memory context
2026-03-04 20:49:08,010 [INFO]   [+] pred=\(-125\), gold=-125, running_acc=23/35 (65.7%)
2026-03-04 20:49:08,056 [INFO] [36/500] Solving problem #35...
2026-03-04 20:49:08,072 [INFO]   Retrieved 1550 chars of memory context
2026-03-04 20:49:16,250 [INFO]   [+] pred=3, gold=3, running_acc=24/36 (66.7%)
2026-03-04 20:49:16,295 [INFO] [37/500] Solving problem #36...
2026-03-04 20:49:16,314 [INFO]   Retrieved 1650 chars of memory context
2026-03-04 20:49:54,707 [INFO]   [x] pred=4, gold=3, 5, 7, running_acc=24/37 (64.9%)
2026-03-04 20:49:54,708 [INFO] [38/500] Solving problem #37...
2026-03-04 20:49:54,727 [INFO]   Retrieved 1838 chars of memory context
2026-03-04 20:49:59,925 [INFO]   [+] pred=72, gold=72, running_acc=25/38 (65.8%)
2026-03-04 20:49:59,961 [INFO] [39/500] Solving problem #38...
2026-03-04 20:49:59,979 [INFO]   Retrieved 1919 chars of memory context
2026-03-04 20:50:04,445 [INFO]   [+] pred=2000, gold=2000, running_acc=26/39 (66.7%)
2026-03-04 20:50:04,503 [INFO] [40/500] Solving problem #39...
2026-03-04 20:50:04,529 [INFO]   Retrieved 1396 chars of memory context
2026-03-04 20:50:12,418 [INFO]   [+] pred=23, gold=23, running_acc=27/40 (67.5%)
2026-03-04 20:50:12,452 [INFO] [41/500] Solving problem #40...
2026-03-04 20:50:12,470 [INFO]   Retrieved 1696 chars of memory context
2026-03-04 20:50:19,292 [INFO]   [+] pred=12, gold=12, running_acc=28/41 (68.3%)
2026-03-04 20:50:19,321 [INFO] [42/500] Solving problem #41...
2026-03-04 20:50:19,335 [INFO]   Retrieved 1854 chars of memory context
2026-03-04 20:50:30,416 [INFO]   [+] pred=17, gold=17, running_acc=29/42 (69.0%)
2026-03-04 20:50:30,489 [INFO] [43/500] Solving problem #42...
2026-03-04 20:50:30,519 [INFO]   Retrieved 1774 chars of memory context
2026-03-04 20:50:34,617 [INFO]   [+] pred=4, gold=4, running_acc=30/43 (69.8%)
2026-03-04 20:50:34,685 [INFO] [44/500] Solving problem #43...
2026-03-04 20:50:34,704 [INFO]   Retrieved 1569 chars of memory context
2026-03-04 20:51:05,193 [INFO]   [x] pred=10(\sqrt{13} + \sqrt{23}), gold=70 \sqrt{2}, running_acc=30/44 (68.2%)
2026-03-04 20:51:05,197 [INFO] [45/500] Solving problem #44...
2026-03-04 20:51:05,235 [INFO]   Retrieved 1845 chars of memory context
2026-03-04 20:51:12,058 [INFO]   [+] pred=1.25, gold=1.25, running_acc=31/45 (68.9%)
2026-03-04 20:51:12,118 [INFO] [46/500] Solving problem #45...
2026-03-04 20:51:12,139 [INFO]   Retrieved 1828 chars of memory context
2026-03-04 20:51:20,576 [INFO]   [+] pred=2, gold=2, running_acc=32/46 (69.6%)
2026-03-04 20:51:20,598 [INFO] [47/500] Solving problem #46...
2026-03-04 20:51:20,612 [INFO]   Retrieved 1702 chars of memory context
2026-03-04 20:51:32,628 [INFO]   [x] pred=12, gold=6, running_acc=32/47 (68.1%)
2026-03-04 20:51:32,629 [INFO] [48/500] Solving problem #47...
2026-03-04 20:51:32,648 [INFO]   Retrieved 1657 chars of memory context
2026-03-04 20:51:39,871 [INFO]   [+] pred=5, gold=5, running_acc=33/48 (68.8%)
2026-03-04 20:51:39,930 [INFO] [49/500] Solving problem #48...
2026-03-04 20:51:39,960 [INFO]   Retrieved 1457 chars of memory context
2026-03-04 20:51:44,419 [INFO]   [+] pred=\(\frac{3}{2}\), gold=\frac{3}{2}, running_acc=34/49 (69.4%)
2026-03-04 20:51:44,482 [INFO] [50/500] Solving problem #49...
2026-03-04 20:51:44,500 [INFO]   Retrieved 1487 chars of memory context
2026-03-04 20:51:48,728 [INFO]   [+] pred=83, gold=83, running_acc=35/50 (70.0%)
2026-03-04 20:51:48,767 [INFO] [51/500] Solving problem #50...
2026-03-04 20:51:48,785 [INFO]   Retrieved 1642 chars of memory context
2026-03-04 20:51:58,390 [INFO]   [+] pred=203, gold=203, running_acc=36/51 (70.6%)
2026-03-04 20:51:58,428 [INFO] [52/500] Solving problem #51...
2026-03-04 20:51:58,443 [INFO]   Retrieved 1336 chars of memory context
2026-03-04 20:52:11,751 [INFO]   [+] pred=\( x^5 - x^4 + x^3 - x^2 + x - 1 \), gold=x^5 - x^4 + x^3 - x^2 + x - 1, running_acc=37/52 (71.2%)
2026-03-04 20:52:11,801 [INFO] [53/500] Solving problem #52...
2026-03-04 20:52:11,817 [INFO]   Retrieved 1675 chars of memory context
2026-03-04 20:52:17,413 [INFO]   [+] pred=12, gold=12, running_acc=38/53 (71.7%)
2026-03-04 20:52:17,484 [INFO] [54/500] Solving problem #53...
2026-03-04 20:52:17,521 [INFO]   Retrieved 1690 chars of memory context
2026-03-04 20:52:23,668 [INFO]   [+] pred=\(-\frac{\pi}{6}\), gold=-\frac{\pi}{6}, running_acc=39/54 (72.2%)
2026-03-04 20:52:23,729 [INFO] [55/500] Solving problem #54...
2026-03-04 20:52:23,759 [INFO]   Retrieved 1478 chars of memory context
2026-03-04 20:52:27,358 [INFO]   [+] pred=0.15, gold=0.15, running_acc=40/55 (72.7%)
2026-03-04 20:52:27,441 [INFO] [56/500] Solving problem #55...
2026-03-04 20:52:27,471 [INFO]   Retrieved 1583 chars of memory context
2026-03-04 20:52:32,679 [INFO]   [+] pred=3, gold=3, running_acc=41/56 (73.2%)
2026-03-04 20:52:32,704 [INFO] [57/500] Solving problem #56...
2026-03-04 20:52:32,712 [INFO]   Retrieved 1545 chars of memory context
2026-03-04 20:52:36,178 [INFO]   [+] pred=11, gold=11, running_acc=42/57 (73.7%)
2026-03-04 20:52:36,208 [INFO] [58/500] Solving problem #57...
2026-03-04 20:52:36,223 [INFO]   Retrieved 1531 chars of memory context
2026-03-04 20:52:42,060 [INFO]   [+] pred=16, gold=16, running_acc=43/58 (74.1%)
2026-03-04 20:52:42,091 [INFO] [59/500] Solving problem #58...
2026-03-04 20:52:42,106 [INFO]   Retrieved 1487 chars of memory context
2026-03-04 20:52:45,403 [INFO]   [+] pred=9901, gold=9901, running_acc=44/59 (74.6%)
2026-03-04 20:52:45,434 [INFO] [60/500] Solving problem #59...
2026-03-04 20:52:45,448 [INFO]   Retrieved 1921 chars of memory context
2026-03-04 20:52:52,130 [INFO]   [+] pred=5, gold=5, running_acc=45/60 (75.0%)
2026-03-04 20:52:52,184 [INFO] [61/500] Solving problem #60...
2026-03-04 20:52:52,203 [INFO]   Retrieved 1408 chars of memory context
2026-03-04 20:53:06,336 [INFO]   [x] pred=(0, 0, 0), gold=(6,31,-1), running_acc=45/61 (73.8%)
2026-03-04 20:53:06,336 [INFO] [62/500] Solving problem #61...
2026-03-04 20:53:06,352 [INFO]   Retrieved 1425 chars of memory context
2026-03-04 20:53:13,070 [INFO]   [+] pred=-256, gold=-256, running_acc=46/62 (74.2%)
2026-03-04 20:53:13,118 [INFO] [63/500] Solving problem #62...
2026-03-04 20:53:13,134 [INFO]   Retrieved 1706 chars of memory context
2026-03-04 20:53:28,323 [INFO]   [x] pred=2, gold=4, running_acc=46/63 (73.0%)
2026-03-04 20:53:28,323 [INFO] [64/500] Solving problem #63...
2026-03-04 20:53:28,349 [INFO]   Retrieved 1139 chars of memory context
2026-03-04 20:53:36,905 [INFO]   [x] pred=9, gold=10, running_acc=46/64 (71.9%)
2026-03-04 20:53:36,906 [INFO] [65/500] Solving problem #64...
2026-03-04 20:53:36,926 [INFO]   Retrieved 1504 chars of memory context
2026-03-04 20:53:46,334 [INFO]   [x] pred=\frac{7}{128}, gold=\frac{35}{64}, running_acc=46/65 (70.8%)
2026-03-04 20:53:46,335 [INFO] [66/500] Solving problem #65...
2026-03-04 20:53:46,351 [INFO]   Retrieved 1382 chars of memory context
2026-03-04 20:53:49,528 [INFO]   [+] pred=1, gold=1, running_acc=47/66 (71.2%)
2026-03-04 20:53:49,559 [INFO] [67/500] Solving problem #66...
2026-03-04 20:53:49,575 [INFO]   Retrieved 1471 chars of memory context
2026-03-04 20:53:57,116 [INFO]   [+] pred=x^3 + 3x - 6, gold=x^3+3x-6, running_acc=48/67 (71.6%)
2026-03-04 20:53:57,216 [INFO] [68/500] Solving problem #67...
2026-03-04 20:53:57,244 [INFO]   Retrieved 1690 chars of memory context
2026-03-04 20:54:05,114 [INFO]   [x] pred=10%, gold=10, running_acc=48/68 (70.6%)
2026-03-04 20:54:05,115 [INFO] [69/500] Solving problem #68...
2026-03-04 20:54:05,144 [INFO]   Retrieved 1817 chars of memory context
2026-03-04 20:54:12,848 [INFO]   [+] pred=46, gold=46, running_acc=49/69 (71.0%)
2026-03-04 20:54:12,928 [INFO] [70/500] Solving problem #69...
2026-03-04 20:54:12,955 [INFO]   Retrieved 1491 chars of memory context
2026-03-04 20:54:21,318 [INFO]   [+] pred=-1, gold=-1, running_acc=50/70 (71.4%)
2026-03-04 20:54:21,362 [INFO] [71/500] Solving problem #70...
2026-03-04 20:54:21,378 [INFO]   Retrieved 1259 chars of memory context
2026-03-04 20:54:26,820 [INFO]   [+] pred=40_9, gold=40_9, running_acc=51/71 (71.8%)
2026-03-04 20:54:26,853 [INFO] [72/500] Solving problem #71...
2026-03-04 20:54:26,868 [INFO]   Retrieved 1440 chars of memory context
2026-03-04 20:54:38,377 [INFO]   [x] pred=12470, gold=2516_8, running_acc=51/72 (70.8%)
2026-03-04 20:54:38,377 [INFO] [73/500] Solving problem #72...
2026-03-04 20:54:38,398 [INFO]   Retrieved 1697 chars of memory context
2026-03-04 20:54:44,130 [INFO]   [+] pred=3, gold=3, running_acc=52/73 (71.2%)
2026-03-04 20:54:44,185 [INFO] [74/500] Solving problem #73...
2026-03-04 20:54:44,202 [INFO]   Retrieved 1270 chars of memory context
2026-03-04 20:54:49,683 [INFO]   [+] pred=\frac{3\sqrt{3}}{4}, gold=\frac{3\sqrt{3}}{4}, running_acc=53/74 (71.6%)
2026-03-04 20:54:49,720 [INFO] [75/500] Solving problem #74...
2026-03-04 20:54:49,738 [INFO]   Retrieved 1559 chars of memory context
2026-03-04 20:54:55,474 [INFO]   [+] pred=\(\cot x\), gold=\cot x, running_acc=54/75 (72.0%)
2026-03-04 20:54:55,549 [INFO] [76/500] Solving problem #75...
2026-03-04 20:54:55,565 [INFO]   Retrieved 1341 chars of memory context
2026-03-04 20:55:02,699 [INFO]   [+] pred=\frac{11}{36}, gold=\frac{11}{36}, running_acc=55/76 (72.4%)
2026-03-04 20:55:02,734 [INFO] [77/500] Solving problem #76...
2026-03-04 20:55:02,749 [INFO]   Retrieved 1742 chars of memory context
2026-03-04 20:55:10,938 [INFO]   [+] pred=0, gold=0, running_acc=56/77 (72.7%)
2026-03-04 20:55:10,974 [INFO] [78/500] Solving problem #77...
2026-03-04 20:55:10,988 [INFO]   Retrieved 1359 chars of memory context
2026-03-04 20:55:14,208 [INFO]   [+] pred=4, gold=4, running_acc=57/78 (73.1%)
2026-03-04 20:55:14,244 [INFO] [79/500] Solving problem #78...
2026-03-04 20:55:14,259 [INFO]   Retrieved 1408 chars of memory context
2026-03-04 20:55:28,850 [INFO]   [x] pred=\left(-\frac{3}{2}, \frac{3}{2}\right), gold=(-2,1), running_acc=57/79 (72.2%)
2026-03-04 20:55:28,850 [INFO] [80/500] Solving problem #79...
2026-03-04 20:55:28,865 [INFO]   Retrieved 1255 chars of memory context
2026-03-04 20:55:34,369 [INFO]   [+] pred=2, gold=2, running_acc=58/80 (72.5%)
2026-03-04 20:55:34,431 [INFO] [81/500] Solving problem #80...
2026-03-04 20:55:34,447 [INFO]   Retrieved 1630 chars of memory context
2026-03-04 20:55:47,239 [INFO]   [x] pred=1, gold=501, running_acc=58/81 (71.6%)
2026-03-04 20:55:47,243 [INFO] [82/500] Solving problem #81...
2026-03-04 20:55:47,262 [INFO]   Retrieved 1606 chars of memory context
2026-03-04 20:55:53,216 [INFO]   [+] pred=3, gold=3, running_acc=59/82 (72.0%)
2026-03-04 20:55:53,303 [INFO] [83/500] Solving problem #82...
2026-03-04 20:55:53,330 [INFO]   Retrieved 1785 chars of memory context
2026-03-04 20:56:00,856 [INFO]   [+] pred=\frac{3}{2}, gold=\frac{3}{2}, running_acc=60/83 (72.3%)
2026-03-04 20:56:00,912 [INFO] [84/500] Solving problem #83...
2026-03-04 20:56:00,929 [INFO]   Retrieved 1359 chars of memory context
2026-03-04 20:56:08,127 [INFO]   [+] pred=2, gold=2, running_acc=61/84 (72.6%)
2026-03-04 20:56:08,200 [INFO] [85/500] Solving problem #84...
2026-03-04 20:56:08,217 [INFO]   Retrieved 1567 chars of memory context
2026-03-04 20:56:21,109 [INFO]   [+] pred=-1, gold=-1, running_acc=62/85 (72.9%)
2026-03-04 20:56:21,167 [INFO] [86/500] Solving problem #85...
2026-03-04 20:56:21,184 [INFO]   Retrieved 1721 chars of memory context
2026-03-04 20:56:26,336 [INFO]   [+] pred=\sqrt{5}, gold=\sqrt{5}, running_acc=63/86 (73.3%)
2026-03-04 20:56:26,399 [INFO] [87/500] Solving problem #86...
2026-03-04 20:56:26,416 [INFO]   Retrieved 1922 chars of memory context
2026-03-04 20:56:29,601 [INFO]   [+] pred=240, gold=240, running_acc=64/87 (73.6%)
2026-03-04 20:56:29,677 [INFO] [88/500] Solving problem #87...
2026-03-04 20:56:29,695 [INFO]   Retrieved 1676 chars of memory context
2026-03-04 20:56:38,276 [INFO]   [+] pred=1, gold=1, running_acc=65/88 (73.9%)
2026-03-04 20:56:38,334 [INFO] [89/500] Solving problem #88...
2026-03-04 20:56:38,353 [INFO]   Retrieved 1725 chars of memory context
2026-03-04 20:56:56,035 [INFO]   [x] pred=\infty, gold=2, running_acc=65/89 (73.0%)
2026-03-04 20:56:56,036 [INFO] [90/500] Solving problem #89...
2026-03-04 20:56:56,056 [INFO]   Retrieved 1469 chars of memory context
2026-03-04 20:57:04,017 [INFO]   [x] pred=3, gold=21, running_acc=65/90 (72.2%)
2026-03-04 20:57:04,021 [INFO] [91/500] Solving problem #90...
2026-03-04 20:57:04,044 [INFO]   Retrieved 1633 chars of memory context
2026-03-04 20:57:08,793 [INFO]   [+] pred=\(\frac{3}{2}\), gold=\frac{3}{2}, running_acc=66/91 (72.5%)
2026-03-04 20:57:08,888 [INFO] [92/500] Solving problem #91...
2026-03-04 20:57:08,910 [INFO]   Retrieved 1773 chars of memory context
2026-03-04 20:57:13,173 [INFO]   [x] pred=3, gold=1, running_acc=66/92 (71.7%)
2026-03-04 20:57:13,180 [INFO] [93/500] Solving problem #92...
2026-03-04 20:57:13,199 [INFO]   Retrieved 1890 chars of memory context
2026-03-04 20:57:23,221 [INFO]   [x] pred=\(\frac{2240}{78125}\), gold=\frac{448}{15625}, running_acc=66/93 (71.0%)
2026-03-04 20:57:23,222 [INFO] [94/500] Solving problem #93...
2026-03-04 20:57:23,238 [INFO]   Retrieved 1856 chars of memory context
2026-03-04 20:57:33,723 [INFO]   [+] pred=33, gold=33, running_acc=67/94 (71.3%)
2026-03-04 20:57:33,817 [INFO] [95/500] Solving problem #94...
2026-03-04 20:57:33,835 [INFO]   Retrieved 1775 chars of memory context
2026-03-04 20:57:50,250 [INFO]   [x] pred=70, gold=80, running_acc=67/95 (70.5%)
2026-03-04 20:57:50,250 [INFO] [96/500] Solving problem #95...
2026-03-04 20:57:50,270 [INFO]   Retrieved 1759 chars of memory context
2026-03-04 20:58:06,996 [INFO]   [+] pred=-4, gold=-4, running_acc=68/96 (70.8%)
2026-03-04 20:58:07,078 [INFO] [97/500] Solving problem #96...
2026-03-04 20:58:07,096 [INFO]   Retrieved 1624 chars of memory context
2026-03-04 20:58:58,518 [INFO]   [x] pred=-5, 7, gold=1 \pm \sqrt{19}, running_acc=68/97 (70.1%)
2026-03-04 20:58:58,519 [INFO] [98/500] Solving problem #97...
2026-03-04 20:58:58,537 [INFO]   Retrieved 1854 chars of memory context
2026-03-04 20:59:02,817 [INFO]   [x] pred=East, gold=\text{east}, running_acc=68/98 (69.4%)
2026-03-04 20:59:02,818 [INFO] [99/500] Solving problem #98...
2026-03-04 20:59:02,840 [INFO]   Retrieved 1546 chars of memory context
2026-03-04 20:59:05,608 [INFO]   [+] pred=2k + 2, gold=2k+2, running_acc=69/99 (69.7%)
2026-03-04 20:59:05,660 [INFO] [100/500] Solving problem #99...
2026-03-04 20:59:05,680 [INFO]   Retrieved 1571 chars of memory context
2026-03-04 20:59:20,281 [INFO]   [x] pred=\begin{pmatrix} -\frac{1}{3} \\ \frac{2}{3} \\ \frac{5}{3} \, gold=\begin{pmatrix} -1/3 \\ 2/3 \\ 5/3 \end{pmatrix}, running_acc=69/100 (69.0%)
2026-03-04 20:59:20,281 [INFO] [101/500] Solving problem #100...
2026-03-04 20:59:20,299 [INFO]   Retrieved 1843 chars of memory context
2026-03-04 20:59:38,011 [INFO]   [x] pred=70, gold=145^\circ, running_acc=69/101 (68.3%)
2026-03-04 20:59:38,012 [INFO] [102/500] Solving problem #101...
2026-03-04 20:59:38,035 [INFO]   Retrieved 1657 chars of memory context
2026-03-04 20:59:48,929 [INFO]   [x] pred=980, gold=850, running_acc=69/102 (67.6%)
2026-03-04 20:59:48,930 [INFO] [103/500] Solving problem #102...
2026-03-04 20:59:48,947 [INFO]   Retrieved 1460 chars of memory context
2026-03-04 20:59:52,008 [INFO]   [+] pred=(a + 5)(b + 2), gold=(a+5)(b+2), running_acc=70/103 (68.0%)
2026-03-04 20:59:52,169 [INFO] [104/500] Solving problem #103...
2026-03-04 20:59:52,192 [INFO]   Retrieved 1743 chars of memory context
2026-03-04 21:00:20,179 [INFO]   [x] pred=2, gold=(3,4], running_acc=70/104 (67.3%)
2026-03-04 21:00:20,179 [INFO] [105/500] Solving problem #104...
2026-03-04 21:00:20,222 [INFO]   Retrieved 1677 chars of memory context
2026-03-04 21:00:46,016 [INFO]   [x] pred=2(\sqrt{209} + \sqrt{21}), gold=40, running_acc=70/105 (66.7%)
2026-03-04 21:00:46,023 [INFO] [106/500] Solving problem #105...
2026-03-04 21:00:46,065 [INFO]   Retrieved 1916 chars of memory context
2026-03-04 21:00:51,173 [INFO]   [+] pred=29, gold=29, running_acc=71/106 (67.0%)
2026-03-04 21:00:51,262 [INFO] [107/500] Solving problem #106...
2026-03-04 21:00:51,280 [INFO]   Retrieved 1397 chars of memory context
2026-03-04 21:00:55,105 [INFO]   [x] pred=\(\frac{4}{3}\), gold=\frac43, running_acc=71/107 (66.4%)
2026-03-04 21:00:55,109 [INFO] [108/500] Solving problem #107...
2026-03-04 21:00:55,140 [INFO]   Retrieved 1733 chars of memory context
2026-03-04 21:01:01,394 [INFO]   [+] pred=9, gold=9, running_acc=72/108 (66.7%)
2026-03-04 21:01:01,499 [INFO] [109/500] Solving problem #108...
2026-03-04 21:01:01,533 [INFO]   Retrieved 1736 chars of memory context
2026-03-04 21:01:17,888 [INFO]   [+] pred=2, gold=2, running_acc=73/109 (67.0%)
2026-03-04 21:01:17,936 [INFO] [110/500] Solving problem #109...
2026-03-04 21:01:17,956 [INFO]   Retrieved 1556 chars of memory context
2026-03-04 21:01:40,053 [INFO]   [x] pred=65, gold=120^\circ, running_acc=73/110 (66.4%)
2026-03-04 21:01:40,053 [INFO] [111/500] Solving problem #110...
2026-03-04 21:01:40,099 [INFO]   Retrieved 1499 chars of memory context
2026-03-04 21:02:44,177 [INFO]   [x] pred=To solve for \(a_1\) given the conditions of the sequence, l, gold=504, running_acc=73/111 (65.8%)
2026-03-04 21:02:44,178 [INFO] [112/500] Solving problem #111...
2026-03-04 21:02:44,199 [INFO]   Retrieved 1858 chars of memory context
2026-03-04 21:02:54,586 [INFO]   [+] pred=210, gold=210, running_acc=74/112 (66.1%)
2026-03-04 21:02:54,688 [INFO] [113/500] Solving problem #112...
2026-03-04 21:02:54,716 [INFO]   Retrieved 1687 chars of memory context
2026-03-04 21:03:02,393 [INFO]   [+] pred=13, gold=13, running_acc=75/113 (66.4%)
2026-03-04 21:03:02,459 [INFO] [114/500] Solving problem #113...
2026-03-04 21:03:02,484 [INFO]   Retrieved 1561 chars of memory context
2026-03-04 21:03:07,328 [INFO]   [+] pred=8000, gold=8000, running_acc=76/114 (66.7%)
2026-03-04 21:03:07,390 [INFO] [115/500] Solving problem #114...
2026-03-04 21:03:07,407 [INFO]   Retrieved 1524 chars of memory context
2026-03-04 21:03:17,334 [INFO]   [+] pred=-5, gold=-5, running_acc=77/115 (67.0%)
2026-03-04 21:03:17,444 [INFO] [116/500] Solving problem #115...
2026-03-04 21:03:17,475 [INFO]   Retrieved 1922 chars of memory context
2026-03-04 21:03:25,183 [INFO]   [+] pred=1260, gold=1260, running_acc=78/116 (67.2%)
2026-03-04 21:03:25,255 [INFO] [117/500] Solving problem #116...
2026-03-04 21:03:25,273 [INFO]   Retrieved 1419 chars of memory context
2026-03-04 21:03:30,325 [INFO]   [+] pred=2, gold=2, running_acc=79/117 (67.5%)
2026-03-04 21:03:30,366 [INFO] [118/500] Solving problem #117...
2026-03-04 21:03:30,383 [INFO]   Retrieved 1667 chars of memory context
2026-03-04 21:03:35,745 [INFO]   [+] pred=3, gold=3, running_acc=80/118 (67.8%)
2026-03-04 21:03:35,789 [INFO] [119/500] Solving problem #118...
2026-03-04 21:03:35,804 [INFO]   Retrieved 1555 chars of memory context
2026-03-04 21:03:50,718 [INFO]   [x] pred=71, gold=81, running_acc=80/119 (67.2%)
2026-03-04 21:03:50,718 [INFO] [120/500] Solving problem #119...
2026-03-04 21:03:50,737 [INFO]   Retrieved 1539 chars of memory context
2026-03-04 21:04:01,876 [INFO]   [x] pred=3, gold=-9, running_acc=80/120 (66.7%)
2026-03-04 21:04:01,877 [INFO] [121/500] Solving problem #120...
2026-03-04 21:04:01,916 [INFO]   Retrieved 1748 chars of memory context
2026-03-04 21:04:10,953 [INFO]   [x] pred=odd, gold=\text{even}, running_acc=80/121 (66.1%)
2026-03-04 21:04:10,954 [INFO] [122/500] Solving problem #121...
2026-03-04 21:04:10,961 [INFO]   Retrieved 1301 chars of memory context
2026-03-04 21:04:17,186 [INFO]   [+] pred=6, gold=6, running_acc=81/122 (66.4%)
2026-03-04 21:04:17,236 [INFO] [123/500] Solving problem #122...
2026-03-04 21:04:17,252 [INFO]   Retrieved 1886 chars of memory context
2026-03-04 21:04:22,543 [INFO]   [+] pred=9, gold=9, running_acc=82/123 (66.7%)
2026-03-04 21:04:22,589 [INFO] [124/500] Solving problem #123...
2026-03-04 21:04:22,605 [INFO]   Retrieved 1768 chars of memory context
2026-03-04 21:04:35,547 [INFO]   [+] pred=8, gold=8, running_acc=83/124 (66.9%)
2026-03-04 21:04:35,705 [INFO] [125/500] Solving problem #124...
2026-03-04 21:04:35,732 [INFO]   Retrieved 1337 chars of memory context
2026-03-04 21:04:47,906 [INFO]   [+] pred=\frac{11}{2}, gold=\frac{11}{2}, running_acc=84/125 (67.2%)
2026-03-04 21:04:48,022 [INFO] [126/500] Solving problem #125...
2026-03-04 21:04:48,040 [INFO]   Retrieved 1456 chars of memory context
2026-03-04 21:04:56,110 [INFO]   [+] pred=-3, gold=-3, running_acc=85/126 (67.5%)
2026-03-04 21:04:56,166 [INFO] [127/500] Solving problem #126...
2026-03-04 21:04:56,184 [INFO]   Retrieved 1582 chars of memory context
2026-03-04 21:05:20,031 [INFO]   [+] pred=1 + 274i, gold=1+274i, running_acc=86/127 (67.7%)
2026-03-04 21:05:20,116 [INFO] [128/500] Solving problem #127...
2026-03-04 21:05:20,132 [INFO]   Retrieved 1377 chars of memory context
2026-03-04 21:05:25,493 [INFO]   [x] pred=4210_5, gold=4210_{5}, running_acc=86/128 (67.2%)
2026-03-04 21:05:25,493 [INFO] [129/500] Solving problem #128...
2026-03-04 21:05:25,511 [INFO]   Retrieved 1670 chars of memory context
2026-03-04 21:05:31,918 [INFO]   [x] pred=0, gold=36, running_acc=86/129 (66.7%)
2026-03-04 21:05:31,920 [INFO] [130/500] Solving problem #129...
2026-03-04 21:05:31,942 [INFO]   Retrieved 1812 chars of memory context
2026-03-04 21:05:56,466 [INFO]   [x] pred=24, gold=\frac{3840}{289}, running_acc=86/130 (66.2%)
2026-03-04 21:05:56,467 [INFO] [131/500] Solving problem #130...
2026-03-04 21:05:56,488 [INFO]   Retrieved 1372 chars of memory context
2026-03-04 21:06:05,933 [INFO]   [+] pred=13, gold=13, running_acc=87/131 (66.4%)
2026-03-04 21:06:06,039 [INFO] [132/500] Solving problem #131...
2026-03-04 21:06:06,068 [INFO]   Retrieved 1585 chars of memory context
2026-03-04 21:06:12,799 [INFO]   [+] pred=8, gold=8, running_acc=88/132 (66.7%)
2026-03-04 21:06:12,901 [INFO] [133/500] Solving problem #132...
2026-03-04 21:06:12,919 [INFO]   Retrieved 1771 chars of memory context
2026-03-04 21:06:16,678 [INFO]   [+] pred=4, gold=4, running_acc=89/133 (66.9%)
2026-03-04 21:06:16,815 [INFO] [134/500] Solving problem #133...
2026-03-04 21:06:16,834 [INFO]   Retrieved 1565 chars of memory context
2026-03-04 21:06:24,124 [INFO]   [+] pred=120, gold=120, running_acc=90/134 (67.2%)
2026-03-04 21:06:24,172 [INFO] [135/500] Solving problem #134...
2026-03-04 21:06:24,188 [INFO]   Retrieved 1760 chars of memory context
2026-03-04 21:06:34,960 [INFO]   [+] pred=16, gold=16, running_acc=91/135 (67.4%)
2026-03-04 21:06:35,102 [INFO] [136/500] Solving problem #135...
2026-03-04 21:06:35,165 [INFO]   Retrieved 1374 chars of memory context
2026-03-04 21:06:42,168 [INFO]   [+] pred=9, gold=9, running_acc=92/136 (67.6%)
2026-03-04 21:06:42,261 [INFO] [137/500] Solving problem #136...
2026-03-04 21:06:42,284 [INFO]   Retrieved 1538 chars of memory context
2026-03-04 21:07:01,580 [INFO]   [+] pred=64, gold=64, running_acc=93/137 (67.9%)
2026-03-04 21:07:01,706 [INFO] [138/500] Solving problem #137...
2026-03-04 21:07:01,724 [INFO]   Retrieved 1595 chars of memory context
2026-03-04 21:07:10,163 [INFO]   [+] pred=204_5, gold=204_5, running_acc=94/138 (68.1%)
2026-03-04 21:07:10,254 [INFO] [139/500] Solving problem #138...
2026-03-04 21:07:10,277 [INFO]   Retrieved 1826 chars of memory context
2026-03-04 21:07:19,907 [INFO]   [x] pred=\(\frac{1}{6}\), gold=\frac{1}{3}, running_acc=94/139 (67.6%)
2026-03-04 21:07:19,907 [INFO] [140/500] Solving problem #139...
2026-03-04 21:07:19,924 [INFO]   Retrieved 1837 chars of memory context
2026-03-04 21:07:32,885 [INFO]   [+] pred=1, gold=1, running_acc=95/140 (67.9%)
2026-03-04 21:07:32,971 [INFO] [141/500] Solving problem #140...
2026-03-04 21:07:32,990 [INFO]   Retrieved 1406 chars of memory context
2026-03-04 21:07:42,544 [INFO]   [+] pred=13, gold=13, running_acc=96/141 (68.1%)
2026-03-04 21:07:42,688 [INFO] [142/500] Solving problem #141...
2026-03-04 21:07:42,706 [INFO]   Retrieved 1922 chars of memory context
2026-03-04 21:07:46,951 [INFO]   [+] pred=2, gold=2, running_acc=97/142 (68.3%)
2026-03-04 21:07:47,184 [INFO] [143/500] Solving problem #142...
2026-03-04 21:07:47,224 [INFO]   Retrieved 1722 chars of memory context
2026-03-04 21:07:54,768 [INFO]   [x] pred=1152, gold=28800, running_acc=97/143 (67.8%)
2026-03-04 21:07:54,769 [INFO] [144/500] Solving problem #143...
2026-03-04 21:07:54,787 [INFO]   Retrieved 1912 chars of memory context
2026-03-04 21:08:03,218 [INFO]   [+] pred=\(3\sqrt{5}\), gold=3 \sqrt{5}, running_acc=98/144 (68.1%)
2026-03-04 21:08:03,385 [INFO] [145/500] Solving problem #144...
2026-03-04 21:08:03,420 [INFO]   Retrieved 1818 chars of memory context
2026-03-04 21:08:08,609 [INFO]   [+] pred=(15, -29), gold=(15,-29), running_acc=99/145 (68.3%)
2026-03-04 21:08:08,696 [INFO] [146/500] Solving problem #145...
2026-03-04 21:08:08,714 [INFO]   Retrieved 1751 chars of memory context
2026-03-04 21:08:26,257 [INFO]   [x] pred=1, gold=-2, running_acc=99/146 (67.8%)
2026-03-04 21:08:26,257 [INFO] [147/500] Solving problem #146...
2026-03-04 21:08:26,278 [INFO]   Retrieved 1776 chars of memory context
2026-03-04 21:08:30,555 [INFO]   [+] pred=\(\frac{\sqrt{3}}{3}\), gold=\frac{\sqrt{3}}{3}, running_acc=100/147 (68.0%)
2026-03-04 21:08:30,677 [INFO] [148/500] Solving problem #147...
2026-03-04 21:08:30,716 [INFO]   Retrieved 1867 chars of memory context
2026-03-04 21:08:47,486 [INFO]   [+] pred=16, gold=16, running_acc=101/148 (68.2%)
2026-03-04 21:08:47,573 [INFO] [149/500] Solving problem #148...
2026-03-04 21:08:47,592 [INFO]   Retrieved 1319 chars of memory context
2026-03-04 21:08:52,925 [INFO]   [+] pred=11, gold=11, running_acc=102/149 (68.5%)
2026-03-04 21:08:52,976 [INFO] [150/500] Solving problem #149...
2026-03-04 21:08:52,992 [INFO]   Retrieved 1383 chars of memory context
2026-03-04 21:09:06,133 [INFO]   [+] pred=49, gold=49, running_acc=103/150 (68.7%)
2026-03-04 21:09:06,267 [INFO] [151/500] Solving problem #150...
2026-03-04 21:09:06,291 [INFO]   Retrieved 1749 chars of memory context
2026-03-04 21:09:22,679 [INFO]   [x] pred=2, gold=1, running_acc=103/151 (68.2%)
2026-03-04 21:09:22,680 [INFO] [152/500] Solving problem #151...
2026-03-04 21:09:22,692 [INFO]   Retrieved 1847 chars of memory context
2026-03-04 21:09:33,824 [INFO]   [x] pred=36, gold=144, running_acc=103/152 (67.8%)
2026-03-04 21:09:33,824 [INFO] [153/500] Solving problem #152...
2026-03-04 21:09:33,844 [INFO]   Retrieved 1848 chars of memory context
2026-03-04 21:09:43,643 [INFO]   [x] pred=\frac{16}{9}, gold=8, running_acc=103/153 (67.3%)
2026-03-04 21:09:43,643 [INFO] [154/500] Solving problem #153...
2026-03-04 21:09:43,662 [INFO]   Retrieved 1845 chars of memory context
2026-03-04 21:09:55,542 [INFO]   [+] pred=\frac{2}{21}, gold=\frac{2}{21}, running_acc=104/154 (67.5%)
2026-03-04 21:09:55,599 [INFO] [155/500] Solving problem #154...
2026-03-04 21:09:55,618 [INFO]   Retrieved 1903 chars of memory context
2026-03-04 21:10:05,288 [INFO]   [x] pred=\(\sqrt{269}\), gold=2\sqrt{113}, running_acc=104/155 (67.1%)
2026-03-04 21:10:05,289 [INFO] [156/500] Solving problem #155...
2026-03-04 21:10:05,311 [INFO]   Retrieved 1816 chars of memory context
2026-03-04 21:10:11,709 [INFO]   [+] pred=\frac{1}{4}, gold=\frac{1}{4}, running_acc=105/156 (67.3%)
2026-03-04 21:10:11,802 [INFO] [157/500] Solving problem #156...
2026-03-04 21:10:11,822 [INFO]   Retrieved 1933 chars of memory context
2026-03-04 21:10:27,577 [INFO]   [x] pred=45, gold=30^\circ, running_acc=105/157 (66.9%)
2026-03-04 21:10:27,581 [INFO] [158/500] Solving problem #157...
2026-03-04 21:10:27,621 [INFO]   Retrieved 1765 chars of memory context
2026-03-04 21:10:33,310 [INFO]   [x] pred=\frac{6}{5}, gold=\frac65, running_acc=105/158 (66.5%)
2026-03-04 21:10:33,311 [INFO] [159/500] Solving problem #158...
2026-03-04 21:10:33,328 [INFO]   Retrieved 1636 chars of memory context
2026-03-04 21:10:40,369 [INFO]   [x] pred=1407, gold=2107, running_acc=105/159 (66.0%)
2026-03-04 21:10:40,370 [INFO] [160/500] Solving problem #159...
2026-03-04 21:10:40,411 [INFO]   Retrieved 1169 chars of memory context
2026-03-04 21:10:49,915 [INFO]   [+] pred=3.21, gold=3.21, running_acc=106/160 (66.2%)
2026-03-04 21:10:49,969 [INFO] [161/500] Solving problem #160...
2026-03-04 21:10:49,985 [INFO]   Retrieved 1766 chars of memory context
2026-03-04 21:10:56,379 [INFO]   [+] pred=18, gold=18, running_acc=107/161 (66.5%)
2026-03-04 21:10:56,569 [INFO] [162/500] Solving problem #161...
2026-03-04 21:10:56,602 [INFO]   Retrieved 1409 chars of memory context
2026-03-04 21:11:00,393 [INFO]   [+] pred=6, gold=6, running_acc=108/162 (66.7%)
2026-03-04 21:11:00,461 [INFO] [163/500] Solving problem #162...
2026-03-04 21:11:00,484 [INFO]   Retrieved 1357 chars of memory context
2026-03-04 21:11:14,372 [INFO]   [+] pred=\frac{17}{50}, gold=\dfrac{17}{50}, running_acc=109/163 (66.9%)
2026-03-04 21:11:14,445 [INFO] [164/500] Solving problem #163...
2026-03-04 21:11:14,464 [INFO]   Retrieved 1392 chars of memory context
2026-03-04 21:11:22,187 [INFO]   [+] pred=-\frac{35}{9}, gold=-\frac{35}{9}, running_acc=110/164 (67.1%)
2026-03-04 21:11:22,282 [INFO] [165/500] Solving problem #164...
2026-03-04 21:11:22,303 [INFO]   Retrieved 1591 chars of memory context
2026-03-04 21:11:32,463 [INFO]   [x] pred=\tan 100^\circ + 4 \sin 100^\circ, gold=-\sqrt{3}, running_acc=110/165 (66.7%)
2026-03-04 21:11:32,467 [INFO] [166/500] Solving problem #165...
2026-03-04 21:11:32,513 [INFO]   Retrieved 1912 chars of memory context
2026-03-04 21:11:38,937 [INFO]   [+] pred=\(\frac{4}{9}\), gold=\frac{4}{9}, running_acc=111/166 (66.9%)
2026-03-04 21:11:39,062 [INFO] [167/500] Solving problem #166...
2026-03-04 21:11:39,085 [INFO]   Retrieved 1784 chars of memory context
2026-03-04 21:11:48,990 [INFO]   [x] pred=\frac{270}{7}, gold=\frac{270}7\text{ degrees}, running_acc=111/167 (66.5%)
2026-03-04 21:11:48,990 [INFO] [168/500] Solving problem #167...
2026-03-04 21:11:49,008 [INFO]   Retrieved 1728 chars of memory context
2026-03-04 21:11:52,666 [INFO]   [+] pred=65, gold=65, running_acc=112/168 (66.7%)
2026-03-04 21:11:52,773 [INFO] [169/500] Solving problem #168...
2026-03-04 21:11:52,805 [INFO]   Retrieved 1847 chars of memory context
2026-03-04 21:12:07,060 [INFO]   [x] pred=14, gold=19, running_acc=112/169 (66.3%)
2026-03-04 21:12:07,061 [INFO] [170/500] Solving problem #169...
2026-03-04 21:12:07,078 [INFO]   Retrieved 1855 chars of memory context
2026-03-04 21:12:13,720 [INFO]   [+] pred=12, gold=12, running_acc=113/170 (66.5%)
2026-03-04 21:12:13,886 [INFO] [171/500] Solving problem #170...
2026-03-04 21:12:13,916 [INFO]   Retrieved 1731 chars of memory context
2026-03-04 21:12:53,257 [INFO]   [x] pred=544, gold=1736, running_acc=113/171 (66.1%)
2026-03-04 21:12:53,264 [INFO] [172/500] Solving problem #171...
2026-03-04 21:12:53,291 [INFO]   Retrieved 1207 chars of memory context
2026-03-04 21:12:59,009 [INFO]   [+] pred=\(\frac{13}{15}\), gold=\frac{13}{15}, running_acc=114/172 (66.3%)
2026-03-04 21:12:59,068 [INFO] [173/500] Solving problem #172...
2026-03-04 21:12:59,087 [INFO]   Retrieved 1511 chars of memory context
2026-03-04 21:13:06,594 [INFO]   [+] pred=350, gold=350, running_acc=115/173 (66.5%)
2026-03-04 21:13:06,649 [INFO] [174/500] Solving problem #173...
2026-03-04 21:13:06,668 [INFO]   Retrieved 1717 chars of memory context
2026-03-04 21:13:20,616 [INFO]   [+] pred=4, gold=4, running_acc=116/174 (66.7%)
2026-03-04 21:13:20,675 [INFO] [175/500] Solving problem #174...
2026-03-04 21:13:20,692 [INFO]   Retrieved 1517 chars of memory context
2026-03-04 21:13:26,982 [INFO]   [+] pred=2, gold=2, running_acc=117/175 (66.9%)
2026-03-04 21:13:27,096 [INFO] [176/500] Solving problem #175...
2026-03-04 21:13:27,117 [INFO]   Retrieved 1562 chars of memory context
2026-03-04 21:13:41,294 [INFO]   [+] pred=3, gold=3, running_acc=118/176 (67.0%)
2026-03-04 21:13:41,390 [INFO] [177/500] Solving problem #176...
2026-03-04 21:13:41,416 [INFO]   Retrieved 1271 chars of memory context
2026-03-04 21:13:47,159 [INFO]   [x] pred=0.000525, gold=.0000672, running_acc=118/177 (66.7%)
2026-03-04 21:13:47,160 [INFO] [178/500] Solving problem #177...
2026-03-04 21:13:47,180 [INFO]   Retrieved 1828 chars of memory context
2026-03-04 21:13:50,738 [INFO]   [x] pred=60, gold=30^\circ, running_acc=118/178 (66.3%)
2026-03-04 21:13:50,738 [INFO] [179/500] Solving problem #178...
2026-03-04 21:13:50,757 [INFO]   Retrieved 1693 chars of memory context
2026-03-04 21:13:54,905 [INFO]   [+] pred=60, gold=60, running_acc=119/179 (66.5%)
2026-03-04 21:13:54,964 [INFO] [180/500] Solving problem #179...
2026-03-04 21:13:54,981 [INFO]   Retrieved 1647 chars of memory context
2026-03-04 21:14:11,073 [INFO]   [+] pred=5x - 7y + 11z + 4 = 0, gold=5x - 7y + 11z + 4 = 0, running_acc=120/180 (66.7%)
2026-03-04 21:14:11,153 [INFO] [181/500] Solving problem #180...
2026-03-04 21:14:11,171 [INFO]   Retrieved 1740 chars of memory context
2026-03-04 21:14:17,671 [INFO]   [+] pred=3, gold=3, running_acc=121/181 (66.9%)
2026-03-04 21:14:17,896 [INFO] [182/500] Solving problem #181...
2026-03-04 21:14:17,940 [INFO]   Retrieved 1520 chars of memory context
2026-03-04 21:14:26,106 [INFO]   [+] pred=\(\frac{\sqrt{3}}{3}\), gold=\frac{\sqrt{3}}{3}, running_acc=122/182 (67.0%)
2026-03-04 21:14:26,226 [INFO] [183/500] Solving problem #182...
2026-03-04 21:14:26,247 [INFO]   Retrieved 1926 chars of memory context
2026-03-04 21:14:30,206 [INFO]   [+] pred=1251, gold=1251, running_acc=123/183 (67.2%)
2026-03-04 21:14:30,266 [INFO] [184/500] Solving problem #183...
2026-03-04 21:14:30,283 [INFO]   Retrieved 1737 chars of memory context
2026-03-04 21:14:42,377 [INFO]   [+] pred=23, gold=23, running_acc=124/184 (67.4%)
2026-03-04 21:14:42,607 [INFO] [185/500] Solving problem #184...
2026-03-04 21:14:42,630 [INFO]   Retrieved 1925 chars of memory context
2026-03-04 21:14:58,208 [INFO]   [x] pred=[3, \infty), gold=(2,\infty), running_acc=124/185 (67.0%)
2026-03-04 21:14:58,209 [INFO] [186/500] Solving problem #185...
2026-03-04 21:14:58,238 [INFO]   Retrieved 1194 chars of memory context
2026-03-04 21:15:01,621 [INFO]   [+] pred=1, gold=1, running_acc=125/186 (67.2%)
2026-03-04 21:15:01,681 [INFO] [187/500] Solving problem #186...
2026-03-04 21:15:01,700 [INFO]   Retrieved 1043 chars of memory context
2026-03-04 21:15:08,485 [INFO]   [x] pred=6, gold=7, running_acc=125/187 (66.8%)
2026-03-04 21:15:08,485 [INFO] [188/500] Solving problem #187...
2026-03-04 21:15:08,520 [INFO]   Retrieved 1934 chars of memory context
2026-03-04 21:15:14,513 [INFO]   [+] pred=7, gold=7, running_acc=126/188 (67.0%)
2026-03-04 21:15:14,710 [INFO] [189/500] Solving problem #188...
2026-03-04 21:15:14,732 [INFO]   Retrieved 1684 chars of memory context
2026-03-04 21:15:35,903 [INFO]   [+] pred=6, gold=6, running_acc=127/189 (67.2%)
2026-03-04 21:15:36,049 [INFO] [190/500] Solving problem #189...
2026-03-04 21:15:36,075 [INFO]   Retrieved 1920 chars of memory context
2026-03-04 21:15:59,262 [INFO]   [x] pred=82, gold=160, running_acc=127/190 (66.8%)
2026-03-04 21:15:59,262 [INFO] [191/500] Solving problem #190...
2026-03-04 21:15:59,283 [INFO]   Retrieved 1821 chars of memory context
2026-03-04 21:16:05,443 [INFO]   [x] pred=\frac{1}{36}, gold=\frac{13}{18}, running_acc=127/191 (66.5%)
2026-03-04 21:16:05,444 [INFO] [192/500] Solving problem #191...
2026-03-04 21:16:05,491 [INFO]   Retrieved 1558 chars of memory context
2026-03-04 21:16:08,936 [INFO]   [+] pred=0, gold=0, running_acc=128/192 (66.7%)
2026-03-04 21:16:08,999 [INFO] [193/500] Solving problem #192...
2026-03-04 21:16:09,017 [INFO]   Retrieved 1760 chars of memory context
2026-03-04 21:16:17,204 [INFO]   [+] pred=30, gold=30, running_acc=129/193 (66.8%)
2026-03-04 21:16:17,264 [INFO] [194/500] Solving problem #193...
2026-03-04 21:16:17,282 [INFO]   Retrieved 1467 chars of memory context
2026-03-04 21:16:22,656 [INFO]   [+] pred=4, gold=4, running_acc=130/194 (67.0%)
2026-03-04 21:16:22,805 [INFO] [195/500] Solving problem #194...
2026-03-04 21:16:22,830 [INFO]   Retrieved 1761 chars of memory context
2026-03-04 21:16:38,995 [INFO]   [+] pred=\frac{1}{4}, gold=\frac{1}{4}, running_acc=131/195 (67.2%)
2026-03-04 21:16:39,078 [INFO] [196/500] Solving problem #195...
2026-03-04 21:16:39,089 [INFO]   Retrieved 1634 chars of memory context
2026-03-04 21:16:44,285 [INFO]   [+] pred=24, gold=24, running_acc=132/196 (67.3%)
2026-03-04 21:16:44,415 [INFO] [197/500] Solving problem #196...
2026-03-04 21:16:44,434 [INFO]   Retrieved 1512 chars of memory context
2026-03-04 21:16:48,029 [INFO]   [+] pred=1600, gold=1600, running_acc=133/197 (67.5%)
2026-03-04 21:16:48,114 [INFO] [198/500] Solving problem #197...
2026-03-04 21:16:48,132 [INFO]   Retrieved 1645 chars of memory context
2026-03-04 21:17:01,020 [INFO]   [+] pred=6, gold=6, running_acc=134/198 (67.7%)
2026-03-04 21:17:01,177 [INFO] [199/500] Solving problem #198...
2026-03-04 21:17:01,198 [INFO]   Retrieved 1923 chars of memory context
2026-03-04 21:17:07,286 [INFO]   [x] pred=10080, gold=10,\!080, running_acc=134/199 (67.3%)
2026-03-04 21:17:07,287 [INFO] [200/500] Solving problem #199...
2026-03-04 21:17:07,305 [INFO]   Retrieved 1167 chars of memory context
2026-03-04 21:17:13,125 [INFO]   [+] pred=17, gold=17, running_acc=135/200 (67.5%)
2026-03-04 21:17:13,412 [INFO] [201/500] Solving problem #200...
2026-03-04 21:17:13,432 [INFO]   Retrieved 1720 chars of memory context
2026-03-04 21:17:20,194 [INFO]   [+] pred=40, gold=40, running_acc=136/201 (67.7%)
2026-03-04 21:17:20,370 [INFO] [202/500] Solving problem #201...
2026-03-04 21:17:20,395 [INFO]   Retrieved 1636 chars of memory context
2026-03-04 21:17:33,050 [INFO]   [+] pred=66, gold=66, running_acc=137/202 (67.8%)
2026-03-04 21:17:33,115 [INFO] [203/500] Solving problem #202...
2026-03-04 21:17:33,134 [INFO]   Retrieved 1576 chars of memory context
2026-03-04 21:17:42,554 [INFO]   [+] pred=\(\frac{2}{3}\), gold=\frac{2}{3}, running_acc=138/203 (68.0%)
2026-03-04 21:17:42,717 [INFO] [204/500] Solving problem #203...
2026-03-04 21:17:42,738 [INFO]   Retrieved 1492 chars of memory context
2026-03-04 21:17:52,515 [INFO]   [+] pred=12, gold=12, running_acc=139/204 (68.1%)
2026-03-04 21:17:52,579 [INFO] [205/500] Solving problem #204...
2026-03-04 21:17:52,598 [INFO]   Retrieved 1712 chars of memory context
2026-03-04 21:18:00,124 [INFO]   [+] pred=0, gold=0, running_acc=140/205 (68.3%)
2026-03-04 21:18:00,189 [INFO] [206/500] Solving problem #205...
2026-03-04 21:18:00,208 [INFO]   Retrieved 1935 chars of memory context
2026-03-04 21:18:16,928 [INFO]   [+] pred=\begin{pmatrix} -2 \\ -14 \\ -7 \end{pmatrix}, gold=\begin{pmatrix} -2 \\ -14 \\ -7 \end{pmatrix}, running_acc=141/206 (68.4%)
2026-03-04 21:18:17,007 [INFO] [207/500] Solving problem #206...
2026-03-04 21:18:17,027 [INFO]   Retrieved 1517 chars of memory context
2026-03-04 21:18:25,012 [INFO]   [+] pred=\(\left(\frac{3}{2}, -13\right)\), gold=\left( \frac{3}{2}, -13 \right), running_acc=142/207 (68.6%)
2026-03-04 21:18:25,078 [INFO] [208/500] Solving problem #207...
2026-03-04 21:18:25,096 [INFO]   Retrieved 1859 chars of memory context
2026-03-04 21:18:30,041 [INFO]   [+] pred=28, gold=28, running_acc=143/208 (68.8%)
2026-03-04 21:18:30,277 [INFO] [209/500] Solving problem #208...
2026-03-04 21:18:30,318 [INFO]   Retrieved 1695 chars of memory context
2026-03-04 21:18:38,454 [INFO]   [+] pred=1, gold=1, running_acc=144/209 (68.9%)
2026-03-04 21:18:38,540 [INFO] [210/500] Solving problem #209...
2026-03-04 21:18:38,559 [INFO]   Retrieved 1674 chars of memory context
2026-03-04 21:18:46,139 [INFO]   [+] pred=16, gold=16, running_acc=145/210 (69.0%)
2026-03-04 21:18:46,207 [INFO] [211/500] Solving problem #210...
2026-03-04 21:18:46,226 [INFO]   Retrieved 1766 chars of memory context
2026-03-04 21:18:54,724 [INFO]   [+] pred=10, gold=10, running_acc=146/211 (69.2%)
2026-03-04 21:18:54,792 [INFO] [212/500] Solving problem #211...
2026-03-04 21:18:54,812 [INFO]   Retrieved 1576 chars of memory context
2026-03-04 21:18:59,660 [INFO]   [+] pred=5, gold=5, running_acc=147/212 (69.3%)
2026-03-04 21:18:59,728 [INFO] [213/500] Solving problem #212...
2026-03-04 21:18:59,746 [INFO]   Retrieved 1311 chars of memory context
2026-03-04 21:19:07,316 [INFO]   [+] pred=56, gold=56, running_acc=148/213 (69.5%)
2026-03-04 21:19:07,459 [INFO] [214/500] Solving problem #213...
2026-03-04 21:19:07,523 [INFO]   Retrieved 1818 chars of memory context
2026-03-04 21:19:18,879 [INFO]   [x] pred=1, gold=2, running_acc=148/214 (69.2%)
2026-03-04 21:19:18,879 [INFO] [215/500] Solving problem #214...
2026-03-04 21:19:18,899 [INFO]   Retrieved 1635 chars of memory context
2026-03-04 21:19:35,747 [INFO]   [x] pred=66, gold=110, running_acc=148/215 (68.8%)
2026-03-04 21:19:35,748 [INFO] [216/500] Solving problem #215...
2026-03-04 21:19:35,780 [INFO]   Retrieved 1408 chars of memory context
2026-03-04 21:19:40,024 [INFO]   [+] pred=2, gold=2, running_acc=149/216 (69.0%)
2026-03-04 21:19:40,178 [INFO] [217/500] Solving problem #216...
2026-03-04 21:19:40,222 [INFO]   Retrieved 1631 chars of memory context
2026-03-04 21:19:45,897 [INFO]   [+] pred=6, gold=6, running_acc=150/217 (69.1%)
2026-03-04 21:19:46,116 [INFO] [218/500] Solving problem #217...
2026-03-04 21:19:46,166 [INFO]   Retrieved 1497 chars of memory context
2026-03-04 21:19:53,986 [INFO]   [x] pred=11111111100, gold=11,\! 111,\! 111,\! 100, running_acc=150/218 (68.8%)
2026-03-04 21:19:53,986 [INFO] [219/500] Solving problem #218...
2026-03-04 21:19:54,005 [INFO]   Retrieved 1466 chars of memory context
2026-03-04 21:19:59,138 [INFO]   [+] pred=\((-1, 6)\), gold=(-1,6), running_acc=151/219 (68.9%)
2026-03-04 21:19:59,284 [INFO] [220/500] Solving problem #219...
2026-03-04 21:19:59,301 [INFO]   Retrieved 1908 chars of memory context
2026-03-04 21:20:14,913 [INFO]   [x] pred=\frac{1}{5}, gold=\frac{1}{2}, running_acc=151/220 (68.6%)
2026-03-04 21:20:14,913 [INFO] [221/500] Solving problem #220...
2026-03-04 21:20:14,942 [INFO]   Retrieved 1926 chars of memory context
2026-03-04 21:20:20,936 [INFO]   [+] pred=\(\frac{16}{27}\), gold=\frac{16}{27}, running_acc=152/221 (68.8%)
2026-03-04 21:20:21,003 [INFO] [222/500] Solving problem #221...
2026-03-04 21:20:21,021 [INFO]   Retrieved 1599 chars of memory context
2026-03-04 21:20:27,325 [INFO]   [+] pred=900, gold=900, running_acc=153/222 (68.9%)
2026-03-04 21:20:27,487 [INFO] [223/500] Solving problem #222...
2026-03-04 21:20:27,510 [INFO]   Retrieved 1788 chars of memory context
2026-03-04 21:20:37,249 [INFO]   [x] pred=\(\frac{6}{25}\), gold=54, running_acc=153/223 (68.6%)
2026-03-04 21:20:37,249 [INFO] [224/500] Solving problem #223...
2026-03-04 21:20:37,269 [INFO]   Retrieved 1605 chars of memory context
2026-03-04 21:20:44,765 [INFO]   [x] pred=25, gold=14, running_acc=153/224 (68.3%)
2026-03-04 21:20:44,766 [INFO] [225/500] Solving problem #224...
2026-03-04 21:20:44,785 [INFO]   Retrieved 1629 chars of memory context
2026-03-04 21:21:00,835 [INFO]   [x] pred=\frac{\sqrt{3}}{16}, gold=\frac{9}{256}, running_acc=153/225 (68.0%)
2026-03-04 21:21:00,836 [INFO] [226/500] Solving problem #225...
2026-03-04 21:21:00,858 [INFO]   Retrieved 1566 chars of memory context
2026-03-04 21:21:07,388 [INFO]   [+] pred=11, gold=11, running_acc=154/226 (68.1%)
2026-03-04 21:21:07,505 [INFO] [227/500] Solving problem #226...
2026-03-04 21:21:07,524 [INFO]   Retrieved 1769 chars of memory context
2026-03-04 21:21:12,663 [INFO]   [+] pred=3, gold=3, running_acc=155/227 (68.3%)
2026-03-04 21:21:12,782 [INFO] [228/500] Solving problem #227...
2026-03-04 21:21:12,807 [INFO]   Retrieved 1828 chars of memory context
2026-03-04 21:21:16,057 [INFO]   [+] pred=C, gold=\text{(C)}, running_acc=156/228 (68.4%)
2026-03-04 21:21:16,128 [INFO] [229/500] Solving problem #228...
2026-03-04 21:21:16,147 [INFO]   Retrieved 1919 chars of memory context
2026-03-04 21:21:30,092 [INFO]   [x] pred=\text{a sphere with radius 6}, gold=288 \pi, running_acc=156/229 (68.1%)
2026-03-04 21:21:30,099 [INFO] [230/500] Solving problem #229...
2026-03-04 21:21:30,114 [INFO]   Retrieved 1802 chars of memory context
2026-03-04 21:21:32,996 [INFO]   [+] pred=90, gold=90, running_acc=157/230 (68.3%)
2026-03-04 21:21:33,073 [INFO] [231/500] Solving problem #230...
2026-03-04 21:21:33,094 [INFO]   Retrieved 1835 chars of memory context
2026-03-04 21:21:42,140 [INFO]   [x] pred=8, gold=\frac{16}{5}, running_acc=157/231 (68.0%)
2026-03-04 21:21:42,141 [INFO] [232/500] Solving problem #231...
2026-03-04 21:21:42,160 [INFO]   Retrieved 1007 chars of memory context
2026-03-04 21:21:54,233 [INFO]   [+] pred=10, gold=10, running_acc=158/232 (68.1%)
2026-03-04 21:21:54,305 [INFO] [233/500] Solving problem #232...
2026-03-04 21:21:54,324 [INFO]   Retrieved 1671 chars of memory context
2026-03-04 21:22:12,501 [INFO]   [x] pred=999, gold=\frac{1997}{2}, running_acc=158/233 (67.8%)
2026-03-04 21:22:12,502 [INFO] [234/500] Solving problem #233...
2026-03-04 21:22:12,528 [INFO]   Retrieved 1854 chars of memory context
2026-03-04 21:22:19,913 [INFO]   [+] pred=30, gold=30^\circ, running_acc=159/234 (67.9%)
2026-03-04 21:22:19,987 [INFO] [235/500] Solving problem #234...
2026-03-04 21:22:20,006 [INFO]   Retrieved 1535 chars of memory context
2026-03-04 21:22:29,297 [INFO]   [+] pred=34, gold=34, running_acc=160/235 (68.1%)
2026-03-04 21:22:29,460 [INFO] [236/500] Solving problem #235...
2026-03-04 21:22:29,485 [INFO]   Retrieved 1185 chars of memory context
2026-03-04 21:22:37,793 [INFO]   [x] pred=\frac{5}{9}, gold=\frac 59, running_acc=160/236 (67.8%)
2026-03-04 21:22:37,794 [INFO] [237/500] Solving problem #236...
2026-03-04 21:22:37,813 [INFO]   Retrieved 1609 chars of memory context
2026-03-04 21:23:11,905 [INFO]   [x] pred=6, gold=12, running_acc=160/237 (67.5%)
2026-03-04 21:23:11,906 [INFO] [238/500] Solving problem #237...
2026-03-04 21:23:11,929 [INFO]   Retrieved 1663 chars of memory context
2026-03-04 21:23:23,510 [INFO]   [+] pred=22, gold=22, running_acc=161/238 (67.6%)
2026-03-04 21:23:23,664 [INFO] [239/500] Solving problem #238...
2026-03-04 21:23:23,686 [INFO]   Retrieved 1632 chars of memory context
2026-03-04 21:23:33,590 [INFO]   [+] pred=-4, gold=-4, running_acc=162/239 (67.8%)
2026-03-04 21:23:33,830 [INFO] [240/500] Solving problem #239...
2026-03-04 21:23:33,858 [INFO]   Retrieved 1821 chars of memory context
2026-03-04 21:23:53,907 [INFO]   [+] pred=16, gold=16, running_acc=163/240 (67.9%)
2026-03-04 21:23:54,110 [INFO] [241/500] Solving problem #240...
2026-03-04 21:23:54,145 [INFO]   Retrieved 1836 chars of memory context
2026-03-04 21:24:08,368 [INFO]   [x] pred=52, gold=116, running_acc=163/241 (67.6%)
2026-03-04 21:24:08,368 [INFO] [242/500] Solving problem #241...
2026-03-04 21:24:08,388 [INFO]   Retrieved 1761 chars of memory context
2026-03-04 21:24:19,929 [INFO]   [+] pred=17, gold=17, running_acc=164/242 (67.8%)
2026-03-04 21:24:20,192 [INFO] [243/500] Solving problem #242...
2026-03-04 21:24:20,244 [INFO]   Retrieved 1756 chars of memory context
2026-03-04 21:24:26,313 [INFO]   [x] pred=32348, gold=\$32,\!348, running_acc=164/243 (67.5%)
2026-03-04 21:24:26,317 [INFO] [244/500] Solving problem #243...
2026-03-04 21:24:26,356 [INFO]   Retrieved 1510 chars of memory context
2026-03-04 21:24:30,834 [INFO]   [+] pred=3, gold=3, running_acc=165/244 (67.6%)
2026-03-04 21:24:30,921 [INFO] [245/500] Solving problem #244...
2026-03-04 21:24:30,942 [INFO]   Retrieved 1590 chars of memory context
2026-03-04 21:24:44,695 [INFO]   [+] pred=8, gold=8, running_acc=166/245 (67.8%)
2026-03-04 21:24:44,815 [INFO] [246/500] Solving problem #245...
2026-03-04 21:24:44,838 [INFO]   Retrieved 1298 chars of memory context
2026-03-04 21:24:58,398 [INFO]   [x] pred=-\frac{11}{2}x + \frac{9}{2}, gold=-13x+3, running_acc=166/246 (67.5%)
2026-03-04 21:24:58,398 [INFO] [247/500] Solving problem #246...
2026-03-04 21:24:58,441 [INFO]   Retrieved 1801 chars of memory context
2026-03-04 21:25:04,066 [INFO]   [x] pred=12, gold=8, running_acc=166/247 (67.2%)
2026-03-04 21:25:04,066 [INFO] [248/500] Solving problem #247...
2026-03-04 21:25:04,087 [INFO]   Retrieved 1399 chars of memory context
2026-03-04 21:25:12,351 [INFO]   [+] pred=\(\frac{10}{11}\), gold=\frac{10}{11}, running_acc=167/248 (67.3%)
2026-03-04 21:25:12,491 [INFO] [249/500] Solving problem #248...
2026-03-04 21:25:12,514 [INFO]   Retrieved 1906 chars of memory context
2026-03-04 21:26:01,212 [INFO]   [x] pred=\begin{pmatrix} 116066820 + 51887401 \sqrt{5} & 0 \\ 0 & 116, gold=\begin{pmatrix} -1 & 0 \\ 0 & -1 \end{pmatrix}, running_acc=167/249 (67.1%)
2026-03-04 21:26:01,212 [INFO] [250/500] Solving problem #249...
2026-03-04 21:26:01,244 [INFO]   Retrieved 1538 chars of memory context
2026-03-04 21:27:05,294 [INFO]   [x] pred=To find the unique odd integer \( t \) such that \( 0 < t < , gold=17, running_acc=167/250 (66.8%)
2026-03-04 21:27:05,295 [INFO] [251/500] Solving problem #250...
2026-03-04 21:27:05,338 [INFO]   Retrieved 1721 chars of memory context
2026-03-04 21:27:14,081 [INFO]   [+] pred=13, gold=13, running_acc=168/251 (66.9%)
2026-03-04 21:27:14,158 [INFO] [252/500] Solving problem #251...
2026-03-04 21:27:14,177 [INFO]   Retrieved 1875 chars of memory context
2026-03-04 21:27:22,288 [INFO]   [x] pred=723, gold=540, running_acc=168/252 (66.7%)
2026-03-04 21:27:22,292 [INFO] [253/500] Solving problem #252...
2026-03-04 21:27:22,334 [INFO]   Retrieved 1635 chars of memory context
2026-03-04 21:27:30,159 [INFO]   [+] pred=81, gold=81, running_acc=169/253 (66.8%)
2026-03-04 21:27:30,412 [INFO] [254/500] Solving problem #253...
2026-03-04 21:27:30,439 [INFO]   Retrieved 1242 chars of memory context
2026-03-04 21:27:35,017 [INFO]   [+] pred=\(\frac{1}{8}\), gold=\frac{1}{8}, running_acc=170/254 (66.9%)
2026-03-04 21:27:35,165 [INFO] [255/500] Solving problem #254...
2026-03-04 21:27:35,207 [INFO]   Retrieved 1600 chars of memory context
2026-03-04 21:27:41,306 [INFO]   [+] pred=28, gold=28, running_acc=171/255 (67.1%)
2026-03-04 21:27:41,483 [INFO] [256/500] Solving problem #255...
2026-03-04 21:27:41,505 [INFO]   Retrieved 1526 chars of memory context
2026-03-04 21:27:48,352 [INFO]   [+] pred=\text{E}, gold=\text{(E)}, running_acc=172/256 (67.2%)
2026-03-04 21:27:48,479 [INFO] [257/500] Solving problem #256...
2026-03-04 21:27:48,504 [INFO]   Retrieved 1367 chars of memory context
2026-03-04 21:27:54,949 [INFO]   [+] pred=\frac{8}{21}, gold=\frac{8}{21}, running_acc=173/257 (67.3%)
2026-03-04 21:27:55,029 [INFO] [258/500] Solving problem #257...
2026-03-04 21:27:55,047 [INFO]   Retrieved 1723 chars of memory context
2026-03-04 21:28:01,297 [INFO]   [x] pred=864, gold=864 \mbox{ inches}^2, running_acc=173/258 (67.1%)
2026-03-04 21:28:01,297 [INFO] [259/500] Solving problem #258...
2026-03-04 21:28:01,336 [INFO]   Retrieved 1613 chars of memory context
2026-03-04 21:28:07,633 [INFO]   [+] pred=16, gold=16, running_acc=174/259 (67.2%)
2026-03-04 21:28:07,880 [INFO] [260/500] Solving problem #259...
2026-03-04 21:28:07,905 [INFO]   Retrieved 1653 chars of memory context
2026-03-04 21:28:13,359 [INFO]   [+] pred=22, gold=22, running_acc=175/260 (67.3%)
2026-03-04 21:28:13,519 [INFO] [261/500] Solving problem #260...
2026-03-04 21:28:13,545 [INFO]   Retrieved 1807 chars of memory context
2026-03-04 21:28:25,783 [INFO]   [x] pred=60, gold=120^\circ, running_acc=175/261 (67.0%)
2026-03-04 21:28:25,783 [INFO] [262/500] Solving problem #261...
2026-03-04 21:28:25,813 [INFO]   Retrieved 1723 chars of memory context
2026-03-04 21:28:32,724 [INFO]   [+] pred=76, gold=76^\circ, running_acc=176/262 (67.2%)
2026-03-04 21:28:32,806 [INFO] [263/500] Solving problem #262...
2026-03-04 21:28:32,825 [INFO]   Retrieved 1331 chars of memory context
2026-03-04 21:28:37,549 [INFO]   [+] pred=4, gold=4, running_acc=177/263 (67.3%)
2026-03-04 21:28:37,636 [INFO] [264/500] Solving problem #263...
2026-03-04 21:28:37,659 [INFO]   Retrieved 1743 chars of memory context
2026-03-04 21:28:44,985 [INFO]   [+] pred=15, gold=15, running_acc=178/264 (67.4%)
2026-03-04 21:28:45,174 [INFO] [265/500] Solving problem #264...
2026-03-04 21:28:45,199 [INFO]   Retrieved 1836 chars of memory context
2026-03-04 21:28:52,949 [INFO]   [x] pred=3, gold=1\frac{4}{5}, running_acc=178/265 (67.2%)
2026-03-04 21:28:52,952 [INFO] [266/500] Solving problem #265...
2026-03-04 21:28:52,995 [INFO]   Retrieved 1544 chars of memory context
2026-03-04 21:28:57,550 [INFO]   [+] pred=4005, gold=4005, running_acc=179/266 (67.3%)
2026-03-04 21:28:57,787 [INFO] [267/500] Solving problem #266...
2026-03-04 21:28:57,821 [INFO]   Retrieved 1657 chars of memory context
2026-03-04 21:29:04,241 [INFO]   [+] pred=\(\frac{33}{100}\), gold=\dfrac{33}{100}, running_acc=180/267 (67.4%)
2026-03-04 21:29:04,395 [INFO] [268/500] Solving problem #267...
2026-03-04 21:29:04,436 [INFO]   Retrieved 1659 chars of memory context
2026-03-04 21:29:16,506 [INFO]   [+] pred=180, gold=180^\circ, running_acc=181/268 (67.5%)
2026-03-04 21:29:16,612 [INFO] [269/500] Solving problem #268...
2026-03-04 21:29:16,632 [INFO]   Retrieved 1330 chars of memory context
2026-03-04 21:29:21,450 [INFO]   [+] pred=1, gold=1, running_acc=182/269 (67.7%)
2026-03-04 21:29:21,651 [INFO] [270/500] Solving problem #269...
2026-03-04 21:29:21,680 [INFO]   Retrieved 1770 chars of memory context
2026-03-04 21:29:27,635 [INFO]   [+] pred=6, gold=6, running_acc=183/270 (67.8%)
2026-03-04 21:29:27,855 [INFO] [271/500] Solving problem #270...
2026-03-04 21:29:27,903 [INFO]   Retrieved 1629 chars of memory context
2026-03-04 21:29:33,191 [INFO]   [+] pred=10, gold=10, running_acc=184/271 (67.9%)
2026-03-04 21:29:33,354 [INFO] [272/500] Solving problem #271...
2026-03-04 21:29:33,389 [INFO]   Retrieved 1262 chars of memory context
2026-03-04 21:29:41,271 [INFO]   [+] pred=333, gold=333, running_acc=185/272 (68.0%)
2026-03-04 21:29:41,505 [INFO] [273/500] Solving problem #272...
2026-03-04 21:29:41,566 [INFO]   Retrieved 1367 chars of memory context
2026-03-04 21:29:49,516 [INFO]   [x] pred=11330, gold=1030, running_acc=185/273 (67.8%)
2026-03-04 21:29:49,516 [INFO] [274/500] Solving problem #273...
2026-03-04 21:29:49,540 [INFO]   Retrieved 1740 chars of memory context
2026-03-04 21:29:55,476 [INFO]   [+] pred=1250, gold=1250, running_acc=186/274 (67.9%)
2026-03-04 21:29:55,560 [INFO] [275/500] Solving problem #274...
2026-03-04 21:29:55,579 [INFO]   Retrieved 1653 chars of memory context
2026-03-04 21:30:06,701 [INFO]   [x] pred=54 - \frac{9\pi}{2}, gold=18+2\pi, running_acc=186/275 (67.6%)
2026-03-04 21:30:06,702 [INFO] [276/500] Solving problem #275...
2026-03-04 21:30:06,752 [INFO]   Retrieved 1649 chars of memory context
2026-03-04 21:30:11,624 [INFO]   [+] pred=7, gold=7, running_acc=187/276 (67.8%)
2026-03-04 21:30:11,766 [INFO] [277/500] Solving problem #276...
2026-03-04 21:30:11,787 [INFO]   Retrieved 1383 chars of memory context
2026-03-04 21:30:27,962 [INFO]   [+] pred=11, gold=11, running_acc=188/277 (67.9%)
2026-03-04 21:30:28,140 [INFO] [278/500] Solving problem #277...
2026-03-04 21:30:28,162 [INFO]   Retrieved 1266 chars of memory context
2026-03-04 21:30:32,379 [INFO]   [+] pred=\(\sqrt{53}\), gold=\sqrt{53}, running_acc=189/278 (68.0%)
2026-03-04 21:30:32,460 [INFO] [279/500] Solving problem #278...
2026-03-04 21:30:32,481 [INFO]   Retrieved 1096 chars of memory context
2026-03-04 21:30:41,118 [INFO]   [+] pred=255, gold=255, running_acc=190/279 (68.1%)
2026-03-04 21:30:41,310 [INFO] [280/500] Solving problem #279...
2026-03-04 21:30:41,336 [INFO]   Retrieved 1921 chars of memory context
2026-03-04 21:30:50,818 [INFO]   [x] pred=\[ 33\pi \], gold=7\pi, running_acc=190/280 (67.9%)
2026-03-04 21:30:50,818 [INFO] [281/500] Solving problem #280...
2026-03-04 21:30:50,844 [INFO]   Retrieved 1523 chars of memory context
2026-03-04 21:30:56,478 [INFO]   [+] pred=8, gold=8, running_acc=191/281 (68.0%)
2026-03-04 21:30:56,599 [INFO] [282/500] Solving problem #281...
2026-03-04 21:30:56,624 [INFO]   Retrieved 1721 chars of memory context
2026-03-04 21:31:04,941 [INFO]   [+] pred=36, gold=36^\circ, running_acc=192/282 (68.1%)
2026-03-04 21:31:05,111 [INFO] [283/500] Solving problem #282...
2026-03-04 21:31:05,136 [INFO]   Retrieved 1543 chars of memory context
2026-03-04 21:31:10,978 [INFO]   [x] pred=150, gold=129, running_acc=192/283 (67.8%)
2026-03-04 21:31:10,983 [INFO] [284/500] Solving problem #283...
2026-03-04 21:31:11,025 [INFO]   Retrieved 1057 chars of memory context
2026-03-04 21:31:17,808 [INFO]   [+] pred=1, gold=1, running_acc=193/284 (68.0%)
2026-03-04 21:31:18,102 [INFO] [285/500] Solving problem #284...
2026-03-04 21:31:18,126 [INFO]   Retrieved 1583 chars of memory context
2026-03-04 21:31:31,230 [INFO]   [x] pred=\text{No solutions}, gold=3 \pm 2 \sqrt{2}, running_acc=193/285 (67.7%)
2026-03-04 21:31:31,234 [INFO] [286/500] Solving problem #285...
2026-03-04 21:31:31,280 [INFO]   Retrieved 1823 chars of memory context
2026-03-04 21:32:28,118 [INFO]   [x] pred=280, gold=440, running_acc=193/286 (67.5%)
2026-03-04 21:32:28,119 [INFO] [287/500] Solving problem #286...
2026-03-04 21:32:28,149 [INFO]   Retrieved 1746 chars of memory context
2026-03-04 21:33:07,719 [INFO]   [x] pred=1, gold=\frac{17}{21}, running_acc=193/287 (67.2%)
2026-03-04 21:33:07,720 [INFO] [288/500] Solving problem #287...
2026-03-04 21:33:07,774 [INFO]   Retrieved 1749 chars of memory context
2026-03-04 21:33:16,834 [INFO]   [x] pred=1620, gold=36, running_acc=193/288 (67.0%)
2026-03-04 21:33:16,835 [INFO] [289/500] Solving problem #288...
2026-03-04 21:33:16,862 [INFO]   Retrieved 1968 chars of memory context
2026-03-04 21:33:34,460 [INFO]   [+] pred=7, gold=7, running_acc=194/289 (67.1%)
2026-03-04 21:33:34,578 [INFO] [290/500] Solving problem #289...
2026-03-04 21:33:34,601 [INFO]   Retrieved 1894 chars of memory context
2026-03-04 21:33:40,999 [INFO]   [+] pred=16, gold=16, running_acc=195/290 (67.2%)
2026-03-04 21:33:41,085 [INFO] [291/500] Solving problem #290...
2026-03-04 21:33:41,106 [INFO]   Retrieved 1551 chars of memory context
2026-03-04 21:33:52,755 [INFO]   [+] pred=4, gold=4, running_acc=196/291 (67.4%)
2026-03-04 21:33:52,964 [INFO] [292/500] Solving problem #291...
2026-03-04 21:33:53,003 [INFO]   Retrieved 1822 chars of memory context
2026-03-04 21:34:00,858 [INFO]   [+] pred=63, gold=63, running_acc=197/292 (67.5%)
2026-03-04 21:34:00,998 [INFO] [293/500] Solving problem #292...
2026-03-04 21:34:01,022 [INFO]   Retrieved 1707 chars of memory context
2026-03-04 21:34:26,716 [INFO]   [x] pred=-633, gold=898, running_acc=197/293 (67.2%)
2026-03-04 21:34:26,716 [INFO] [294/500] Solving problem #293...
2026-03-04 21:34:26,741 [INFO]   Retrieved 1742 chars of memory context
2026-03-04 21:34:37,529 [INFO]   [+] pred=\(\left( \frac{3}{5}, \frac{8}{3} \right]\), gold=\left(\frac{3}{5},\frac{8}{3}\right], running_acc=198/294 (67.3%)
2026-03-04 21:34:37,799 [INFO] [295/500] Solving problem #294...
2026-03-04 21:34:37,834 [INFO]   Retrieved 1670 chars of memory context
2026-03-04 21:34:57,319 [INFO]   [x] pred=73, gold=58, running_acc=198/295 (67.1%)
2026-03-04 21:34:57,324 [INFO] [296/500] Solving problem #295...
2026-03-04 21:34:57,419 [INFO]   Retrieved 1766 chars of memory context
2026-03-04 21:35:11,919 [INFO]   [x] pred=5, gold=11, running_acc=198/296 (66.9%)
2026-03-04 21:35:11,919 [INFO] [297/500] Solving problem #296...
2026-03-04 21:35:11,940 [INFO]   Retrieved 1144 chars of memory context
2026-03-04 21:35:25,245 [INFO]   [x] pred=\text{A}, gold=\text{(B)}, running_acc=198/297 (66.7%)
2026-03-04 21:35:25,246 [INFO] [298/500] Solving problem #297...
2026-03-04 21:35:25,289 [INFO]   Retrieved 1851 chars of memory context
2026-03-04 21:35:33,598 [INFO]   [+] pred=103, gold=103, running_acc=199/298 (66.8%)
2026-03-04 21:35:33,783 [INFO] [299/500] Solving problem #298...
2026-03-04 21:35:33,807 [INFO]   Retrieved 1947 chars of memory context
2026-03-04 21:35:51,169 [INFO]   [+] pred=\begin{pmatrix} -18 \\ -49 \\ 96 \end{pmatrix}, gold=\begin{pmatrix} -18 \\ -49 \\ 96 \end{pmatrix}, running_acc=200/299 (66.9%)
2026-03-04 21:35:51,318 [INFO] [300/500] Solving problem #299...
2026-03-04 21:35:51,343 [INFO]   Retrieved 1814 chars of memory context
2026-03-04 21:35:58,100 [INFO]   [+] pred=63, gold=63, running_acc=201/300 (67.0%)
2026-03-04 21:35:58,190 [INFO] [301/500] Solving problem #300...
2026-03-04 21:35:58,215 [INFO]   Retrieved 1697 chars of memory context
2026-03-04 21:36:02,638 [INFO]   [+] pred=12, gold=12, running_acc=202/301 (67.1%)
2026-03-04 21:36:02,846 [INFO] [302/500] Solving problem #301...
2026-03-04 21:36:02,874 [INFO]   Retrieved 1923 chars of memory context
2026-03-04 21:36:12,726 [INFO]   [x] pred=5.4, gold=5.4 \text{ cents}, running_acc=202/302 (66.9%)
2026-03-04 21:36:12,728 [INFO] [303/500] Solving problem #302...
2026-03-04 21:36:12,782 [INFO]   Retrieved 1238 chars of memory context
2026-03-04 21:36:20,994 [INFO]   [x] pred=4, gold=5, running_acc=202/303 (66.7%)
2026-03-04 21:36:20,998 [INFO] [304/500] Solving problem #303...
2026-03-04 21:36:21,038 [INFO]   Retrieved 1848 chars of memory context
2026-03-04 21:36:35,978 [INFO]   [x] pred=21, gold=28, running_acc=202/304 (66.4%)
2026-03-04 21:36:35,982 [INFO] [305/500] Solving problem #304...
2026-03-04 21:36:36,022 [INFO]   Retrieved 1399 chars of memory context
2026-03-04 21:36:48,281 [INFO]   [+] pred=9, gold=9, running_acc=203/305 (66.6%)
2026-03-04 21:36:48,430 [INFO] [306/500] Solving problem #305...
2026-03-04 21:36:48,462 [INFO]   Retrieved 1332 chars of memory context
2026-03-04 21:36:57,016 [INFO]   [x] pred=\frac{9}{19}, gold=\frac9{19}, running_acc=203/306 (66.3%)
2026-03-04 21:36:57,020 [INFO] [307/500] Solving problem #306...
2026-03-04 21:36:57,063 [INFO]   Retrieved 1731 chars of memory context
2026-03-04 21:37:18,618 [INFO]   [x] pred=1, gold=6, running_acc=203/307 (66.1%)
2026-03-04 21:37:18,622 [INFO] [308/500] Solving problem #307...
2026-03-04 21:37:18,661 [INFO]   Retrieved 1268 chars of memory context
2026-03-04 21:37:26,285 [INFO]   [+] pred=(-\infty, 0], gold=(-\infty, 0], running_acc=204/308 (66.2%)
2026-03-04 21:37:26,391 [INFO] [309/500] Solving problem #308...
2026-03-04 21:37:26,415 [INFO]   Retrieved 1932 chars of memory context
2026-03-04 21:37:42,616 [INFO]   [x] pred=\frac{15\sqrt{3}}{4}, gold=1+2\sqrt{3}, running_acc=204/309 (66.0%)
2026-03-04 21:37:42,620 [INFO] [310/500] Solving problem #309...
2026-03-04 21:37:42,676 [INFO]   Retrieved 1619 chars of memory context
2026-03-04 21:37:55,170 [INFO]   [x] pred=15, gold=14, running_acc=204/310 (65.8%)
2026-03-04 21:37:55,173 [INFO] [311/500] Solving problem #310...
2026-03-04 21:37:55,216 [INFO]   Retrieved 1420 chars of memory context
2026-03-04 21:38:01,468 [INFO]   [+] pred=49, gold=49, running_acc=205/311 (65.9%)
2026-03-04 21:38:01,719 [INFO] [312/500] Solving problem #311...
2026-03-04 21:38:01,761 [INFO]   Retrieved 1314 chars of memory context
2026-03-04 21:38:12,968 [INFO]   [+] pred=3, gold=3, running_acc=206/312 (66.0%)
2026-03-04 21:38:13,061 [INFO] [313/500] Solving problem #312...
2026-03-04 21:38:13,081 [INFO]   Retrieved 1365 chars of memory context
2026-03-04 21:38:17,508 [INFO]   [+] pred=\((5, \infty)\), gold=(5,\infty), running_acc=207/313 (66.1%)
2026-03-04 21:38:17,623 [INFO] [314/500] Solving problem #313...
2026-03-04 21:38:17,651 [INFO]   Retrieved 1659 chars of memory context
2026-03-04 21:38:23,789 [INFO]   [+] pred=\( 12 \pi \), gold=12\pi, running_acc=208/314 (66.2%)
2026-03-04 21:38:23,976 [INFO] [315/500] Solving problem #314...
2026-03-04 21:38:23,991 [INFO]   Retrieved 1510 chars of memory context
2026-03-04 21:38:31,570 [INFO]   [+] pred=(2, 4), gold=(2,4), running_acc=209/315 (66.3%)
2026-03-04 21:38:31,751 [INFO] [316/500] Solving problem #315...
2026-03-04 21:38:31,772 [INFO]   Retrieved 1683 chars of memory context
2026-03-04 21:38:42,877 [INFO]   [+] pred=41, gold=41, running_acc=210/316 (66.5%)
2026-03-04 21:38:42,987 [INFO] [317/500] Solving problem #316...
2026-03-04 21:38:43,007 [INFO]   Retrieved 1483 chars of memory context
2026-03-04 21:38:56,993 [INFO]   [+] pred=12, gold=12, running_acc=211/317 (66.6%)
2026-03-04 21:38:57,083 [INFO] [318/500] Solving problem #317...
2026-03-04 21:38:57,104 [INFO]   Retrieved 1543 chars of memory context
2026-03-04 21:39:04,200 [INFO]   [x] pred=2, gold=0, running_acc=211/318 (66.4%)
2026-03-04 21:39:04,201 [INFO] [319/500] Solving problem #318...
2026-03-04 21:39:04,222 [INFO]   Retrieved 1368 chars of memory context
2026-03-04 21:39:10,921 [INFO]   [+] pred=\(\frac{11 + 9a}{20}\), gold=\frac{11+9a}{20}, running_acc=212/319 (66.5%)
2026-03-04 21:39:11,120 [INFO] [320/500] Solving problem #319...
2026-03-04 21:39:11,145 [INFO]   Retrieved 1403 chars of memory context
2026-03-04 21:39:15,909 [INFO]   [+] pred=-128, gold=-128, running_acc=213/320 (66.6%)
2026-03-04 21:39:16,085 [INFO] [321/500] Solving problem #320...
2026-03-04 21:39:16,109 [INFO]   Retrieved 1644 chars of memory context
2026-03-04 21:39:23,565 [INFO]   [+] pred=-\frac{24}{25}, gold=-\frac{24}{25}, running_acc=214/321 (66.7%)
2026-03-04 21:39:23,656 [INFO] [322/500] Solving problem #321...
2026-03-04 21:39:23,677 [INFO]   Retrieved 1913 chars of memory context
2026-03-04 21:39:30,892 [INFO]   [+] pred=10, gold=10, running_acc=215/322 (66.8%)
2026-03-04 21:39:31,142 [INFO] [323/500] Solving problem #322...
2026-03-04 21:39:31,166 [INFO]   Retrieved 1398 chars of memory context
2026-03-04 21:39:38,780 [INFO]   [+] pred=\(-1\), gold=-1, running_acc=216/323 (66.9%)
2026-03-04 21:39:38,951 [INFO] [324/500] Solving problem #323...
2026-03-04 21:39:38,989 [INFO]   Retrieved 1822 chars of memory context
2026-03-04 21:39:47,542 [INFO]   [+] pred=\frac{1}{3}, gold=\frac{1}{3}, running_acc=217/324 (67.0%)
2026-03-04 21:39:47,633 [INFO] [325/500] Solving problem #324...
2026-03-04 21:39:47,655 [INFO]   Retrieved 1922 chars of memory context
2026-03-04 21:40:03,067 [INFO]   [+] pred=120, gold=120, running_acc=218/325 (67.1%)
2026-03-04 21:40:03,307 [INFO] [326/500] Solving problem #325...
2026-03-04 21:40:03,339 [INFO]   Retrieved 1728 chars of memory context
2026-03-04 21:40:11,186 [INFO]   [+] pred=4, gold=4, running_acc=219/326 (67.2%)
2026-03-04 21:40:11,277 [INFO] [327/500] Solving problem #326...
2026-03-04 21:40:11,299 [INFO]   Retrieved 1393 chars of memory context
2026-03-04 21:40:26,002 [INFO]   [+] pred=\frac{9}{100}, gold=\frac{9}{100}, running_acc=220/327 (67.3%)
2026-03-04 21:40:26,166 [INFO] [328/500] Solving problem #327...
2026-03-04 21:40:26,207 [INFO]   Retrieved 1384 chars of memory context
2026-03-04 21:41:03,865 [INFO]   [x] pred=42.5, gold=15, running_acc=220/328 (67.1%)
2026-03-04 21:41:03,873 [INFO] [329/500] Solving problem #328...
2026-03-04 21:41:03,964 [INFO]   Retrieved 1451 chars of memory context
2026-03-04 21:41:12,624 [INFO]   [x] pred=1, gold=3, running_acc=220/329 (66.9%)
2026-03-04 21:41:12,625 [INFO] [330/500] Solving problem #329...
2026-03-04 21:41:12,653 [INFO]   Retrieved 1912 chars of memory context
2026-03-04 21:41:15,674 [INFO]   [+] pred=4, gold=4, running_acc=221/330 (67.0%)
2026-03-04 21:41:15,768 [INFO] [331/500] Solving problem #330...
2026-03-04 21:41:15,789 [INFO]   Retrieved 1858 chars of memory context
2026-03-04 21:41:24,985 [INFO]   [+] pred=1940, gold=1940, running_acc=222/331 (67.1%)
2026-03-04 21:41:25,289 [INFO] [332/500] Solving problem #331...
2026-03-04 21:41:25,343 [INFO]   Retrieved 1611 chars of memory context
2026-03-04 21:41:50,660 [INFO]   [x] pred=\dfrac{\sqrt{13}}{2}, gold=\frac{13}{6}, running_acc=222/332 (66.9%)
2026-03-04 21:41:50,660 [INFO] [333/500] Solving problem #332...
2026-03-04 21:41:50,686 [INFO]   Retrieved 1702 chars of memory context
2026-03-04 21:42:13,410 [INFO]   [x] pred=4, gold=2, running_acc=222/333 (66.7%)
2026-03-04 21:42:13,411 [INFO] [334/500] Solving problem #333...
2026-03-04 21:42:13,438 [INFO]   Retrieved 1721 chars of memory context
2026-03-04 21:42:32,246 [INFO]   [+] pred=3, gold=3, running_acc=223/334 (66.8%)
2026-03-04 21:42:32,505 [INFO] [335/500] Solving problem #334...
2026-03-04 21:42:32,552 [INFO]   Retrieved 1633 chars of memory context
2026-03-04 21:42:42,568 [INFO]   [+] pred=-120, gold=-120, running_acc=224/335 (66.9%)
2026-03-04 21:42:42,792 [INFO] [336/500] Solving problem #335...
2026-03-04 21:42:42,809 [INFO]   Retrieved 1543 chars of memory context
2026-03-04 21:42:53,774 [INFO]   [+] pred=3, gold=3, running_acc=225/336 (67.0%)
2026-03-04 21:42:53,879 [INFO] [337/500] Solving problem #336...
2026-03-04 21:42:53,900 [INFO]   Retrieved 1489 chars of memory context
2026-03-04 21:42:58,359 [INFO]   [+] pred=26000, gold=26000, running_acc=226/337 (67.1%)
2026-03-04 21:42:58,537 [INFO] [338/500] Solving problem #337...
2026-03-04 21:42:58,568 [INFO]   Retrieved 1595 chars of memory context
2026-03-04 21:43:03,905 [INFO]   [+] pred=6, gold=6, running_acc=227/338 (67.2%)
2026-03-04 21:43:04,167 [INFO] [339/500] Solving problem #338...
2026-03-04 21:43:04,199 [INFO]   Retrieved 1145 chars of memory context
2026-03-04 21:43:08,939 [INFO]   [x] pred=4343, gold=4343_6, running_acc=227/339 (67.0%)
2026-03-04 21:43:08,940 [INFO] [340/500] Solving problem #339...
2026-03-04 21:43:08,993 [INFO]   Retrieved 1735 chars of memory context
2026-03-04 21:43:21,163 [INFO]   [+] pred=2k, gold=2k, running_acc=228/340 (67.1%)
2026-03-04 21:43:21,268 [INFO] [341/500] Solving problem #340...
2026-03-04 21:43:21,296 [INFO]   Retrieved 1977 chars of memory context
2026-03-04 21:43:51,596 [INFO]   [x] pred=84^\circ, gold=55^\circ, running_acc=228/341 (66.9%)
2026-03-04 21:43:51,596 [INFO] [342/500] Solving problem #341...
2026-03-04 21:43:51,621 [INFO]   Retrieved 1549 chars of memory context
2026-03-04 21:43:57,576 [INFO]   [x] pred=1, gold=-2, running_acc=228/342 (66.7%)
2026-03-04 21:43:57,576 [INFO] [343/500] Solving problem #342...
2026-03-04 21:43:57,598 [INFO]   Retrieved 1168 chars of memory context
2026-03-04 21:44:04,874 [INFO]   [+] pred=2, gold=2, running_acc=229/343 (66.8%)
2026-03-04 21:44:05,125 [INFO] [344/500] Solving problem #343...
2026-03-04 21:44:05,158 [INFO]   Retrieved 1344 chars of memory context
2026-03-04 21:44:11,013 [INFO]   [+] pred=58500, gold=58,500, running_acc=230/344 (66.9%)
2026-03-04 21:44:11,308 [INFO] [345/500] Solving problem #344...
2026-03-04 21:44:11,333 [INFO]   Retrieved 1415 chars of memory context
2026-03-04 21:44:18,994 [INFO]   [+] pred=5, gold=5, running_acc=231/345 (67.0%)
2026-03-04 21:44:19,140 [INFO] [346/500] Solving problem #345...
2026-03-04 21:44:19,177 [INFO]   Retrieved 1330 chars of memory context
2026-03-04 21:44:23,750 [INFO]   [+] pred=1, gold=1, running_acc=232/346 (67.1%)
2026-03-04 21:44:23,849 [INFO] [347/500] Solving problem #346...
2026-03-04 21:44:23,870 [INFO]   Retrieved 1599 chars of memory context
2026-03-04 21:44:32,992 [INFO]   [+] pred=66, gold=66, running_acc=233/347 (67.1%)
2026-03-04 21:44:33,164 [INFO] [348/500] Solving problem #347...
2026-03-04 21:44:33,195 [INFO]   Retrieved 1366 chars of memory context
2026-03-04 21:44:39,700 [INFO]   [x] pred=The simplified form of the expression is \(\boxed{6r^2 - 4r , gold=6r^2-4r-24, running_acc=233/348 (67.0%)
2026-03-04 21:44:39,704 [INFO] [349/500] Solving problem #348...
2026-03-04 21:44:39,735 [INFO]   Retrieved 1564 chars of memory context
2026-03-04 21:44:46,891 [INFO]   [+] pred=4495, gold=4495, running_acc=234/349 (67.0%)
2026-03-04 21:44:47,048 [INFO] [350/500] Solving problem #349...
2026-03-04 21:44:47,084 [INFO]   Retrieved 1865 chars of memory context
2026-03-04 21:44:59,298 [INFO]   [x] pred=3984, gold=10080, running_acc=234/350 (66.9%)
2026-03-04 21:44:59,299 [INFO] [351/500] Solving problem #350...
2026-03-04 21:44:59,325 [INFO]   Retrieved 1160 chars of memory context
2026-03-04 21:45:06,846 [INFO]   [+] pred=4, gold=4, running_acc=235/351 (67.0%)
2026-03-04 21:45:06,949 [INFO] [352/500] Solving problem #351...
2026-03-04 21:45:06,964 [INFO]   Retrieved 1535 chars of memory context
2026-03-04 21:45:27,955 [INFO]   [+] pred=\frac{1}{16}, gold=\frac{1}{16}, running_acc=236/352 (67.0%)
2026-03-04 21:45:28,062 [INFO] [353/500] Solving problem #352...
2026-03-04 21:45:28,085 [INFO]   Retrieved 1843 chars of memory context
2026-03-04 21:45:51,783 [INFO]   [x] pred=66, gold=11 \sqrt{5} + 11, running_acc=236/353 (66.9%)
2026-03-04 21:45:51,784 [INFO] [354/500] Solving problem #353...
2026-03-04 21:45:51,809 [INFO]   Retrieved 1871 chars of memory context
2026-03-04 21:45:58,296 [INFO]   [+] pred=480, gold=480, running_acc=237/354 (66.9%)
2026-03-04 21:45:58,587 [INFO] [355/500] Solving problem #354...
2026-03-04 21:45:58,621 [INFO]   Retrieved 1474 chars of memory context
2026-03-04 21:46:05,108 [INFO]   [+] pred=81, gold=81, running_acc=238/355 (67.0%)
2026-03-04 21:46:05,208 [INFO] [356/500] Solving problem #355...
2026-03-04 21:46:05,230 [INFO]   Retrieved 1780 chars of memory context
2026-03-04 21:46:17,624 [INFO]   [+] pred=100, gold=100, running_acc=239/356 (67.1%)
2026-03-04 21:46:17,860 [INFO] [357/500] Solving problem #356...
2026-03-04 21:46:17,912 [INFO]   Retrieved 1528 chars of memory context
2026-03-04 21:46:31,018 [INFO]   [+] pred=(-\sqrt{3}, \sqrt{3}), gold=(-\sqrt{3}, \sqrt{3}), running_acc=240/357 (67.2%)
2026-03-04 21:46:31,233 [INFO] [358/500] Solving problem #357...
2026-03-04 21:46:31,260 [INFO]   Retrieved 1600 chars of memory context
2026-03-04 21:46:43,476 [INFO]   [x] pred=3, gold=4, running_acc=240/358 (67.0%)
2026-03-04 21:46:43,477 [INFO] [359/500] Solving problem #358...
2026-03-04 21:46:43,499 [INFO]   Retrieved 1497 chars of memory context
2026-03-04 21:46:51,939 [INFO]   [x] pred=(D), gold=\text{ellipse}, running_acc=240/359 (66.9%)
2026-03-04 21:46:51,941 [INFO] [360/500] Solving problem #359...
2026-03-04 21:46:51,973 [INFO]   Retrieved 1467 chars of memory context
2026-03-04 21:47:08,957 [INFO]   [x] pred=3\sqrt{2}, gold=6, running_acc=240/360 (66.7%)
2026-03-04 21:47:08,962 [INFO] [361/500] Solving problem #360...
2026-03-04 21:47:09,018 [INFO]   Retrieved 1978 chars of memory context
2026-03-04 21:47:14,395 [INFO]   [+] pred=\(\frac{7}{4}\), gold=\frac{7}{4}, running_acc=241/361 (66.8%)
2026-03-04 21:47:14,619 [INFO] [362/500] Solving problem #361...
2026-03-04 21:47:14,664 [INFO]   Retrieved 1785 chars of memory context
2026-03-04 21:47:25,397 [INFO]   [+] pred=16\sqrt{3}, gold=16 \sqrt{3}, running_acc=242/362 (66.9%)
2026-03-04 21:47:25,499 [INFO] [363/500] Solving problem #362...
2026-03-04 21:47:25,521 [INFO]   Retrieved 1870 chars of memory context
2026-03-04 21:47:30,631 [INFO]   [x] pred=\(\frac{1}{4}\), gold=\frac14, running_acc=242/363 (66.7%)
2026-03-04 21:47:30,631 [INFO] [364/500] Solving problem #363...
2026-03-04 21:47:30,653 [INFO]   Retrieved 1384 chars of memory context
2026-03-04 21:47:34,318 [INFO]   [+] pred=2, gold=2, running_acc=243/364 (66.8%)
2026-03-04 21:47:34,591 [INFO] [365/500] Solving problem #364...
2026-03-04 21:47:34,618 [INFO]   Retrieved 1669 chars of memory context
2026-03-04 21:47:48,297 [INFO]   [x] pred=(1, -8, -2, -8), gold=(1,-16,-4,43), running_acc=243/365 (66.6%)
2026-03-04 21:47:48,298 [INFO] [366/500] Solving problem #365...
2026-03-04 21:47:48,332 [INFO]   Retrieved 1467 chars of memory context
2026-03-04 21:48:00,444 [INFO]   [+] pred=8, gold=8, running_acc=244/366 (66.7%)
2026-03-04 21:48:00,600 [INFO] [367/500] Solving problem #366...
2026-03-04 21:48:00,636 [INFO]   Retrieved 1370 chars of memory context
2026-03-04 21:48:07,940 [INFO]   [+] pred=4, gold=4, running_acc=245/367 (66.8%)
2026-03-04 21:48:08,106 [INFO] [368/500] Solving problem #367...
2026-03-04 21:48:08,134 [INFO]   Retrieved 1245 chars of memory context
2026-03-04 21:48:12,459 [INFO]   [+] pred=1, gold=1, running_acc=246/368 (66.8%)
2026-03-04 21:48:12,606 [INFO] [369/500] Solving problem #368...
2026-03-04 21:48:12,623 [INFO]   Retrieved 1833 chars of memory context
2026-03-04 21:48:18,437 [INFO]   [+] pred=31, gold=31, running_acc=247/369 (66.9%)
2026-03-04 21:48:18,545 [INFO] [370/500] Solving problem #369...
2026-03-04 21:48:18,568 [INFO]   Retrieved 1922 chars of memory context
2026-03-04 21:48:22,807 [INFO]   [x] pred=30, gold=21, running_acc=247/370 (66.8%)
2026-03-04 21:48:22,807 [INFO] [371/500] Solving problem #370...
2026-03-04 21:48:22,830 [INFO]   Retrieved 1992 chars of memory context
2026-03-04 21:48:29,369 [INFO]   [+] pred=-41, gold=-41, running_acc=248/371 (66.8%)
2026-03-04 21:48:29,590 [INFO] [372/500] Solving problem #371...
2026-03-04 21:48:29,618 [INFO]   Retrieved 1787 chars of memory context
2026-03-04 21:48:46,543 [INFO]   [x] pred=9, gold=17, running_acc=248/372 (66.7%)
2026-03-04 21:48:46,544 [INFO] [373/500] Solving problem #372...
2026-03-04 21:48:46,572 [INFO]   Retrieved 1921 chars of memory context
2026-03-04 21:48:55,829 [INFO]   [x] pred=140, gold=90^\circ, running_acc=248/373 (66.5%)
2026-03-04 21:48:55,829 [INFO] [374/500] Solving problem #373...
2026-03-04 21:48:55,851 [INFO]   Retrieved 1378 chars of memory context
2026-03-04 21:49:05,280 [INFO]   [x] pred=-\frac{11}{5} + \frac{2}{5}i, gold=1+2i, running_acc=248/374 (66.3%)
2026-03-04 21:49:05,284 [INFO] [375/500] Solving problem #374...
2026-03-04 21:49:05,332 [INFO]   Retrieved 1478 chars of memory context
2026-03-04 21:49:09,037 [INFO]   [+] pred=4, gold=4, running_acc=249/375 (66.4%)
2026-03-04 21:49:09,409 [INFO] [376/500] Solving problem #375...
2026-03-04 21:49:09,442 [INFO]   Retrieved 1600 chars of memory context
2026-03-04 21:49:17,264 [INFO]   [+] pred=25, gold=25, running_acc=250/376 (66.5%)
2026-03-04 21:49:17,373 [INFO] [377/500] Solving problem #376...
2026-03-04 21:49:17,397 [INFO]   Retrieved 1350 chars of memory context
2026-03-04 21:49:28,321 [INFO]   [+] pred=(8, -2), gold=(8,-2), running_acc=251/377 (66.6%)
2026-03-04 21:49:28,669 [INFO] [378/500] Solving problem #377...
2026-03-04 21:49:28,717 [INFO]   Retrieved 1587 chars of memory context
2026-03-04 21:49:36,761 [INFO]   [x] pred=0, gold=6, running_acc=251/378 (66.4%)
2026-03-04 21:49:36,762 [INFO] [379/500] Solving problem #378...
2026-03-04 21:49:36,821 [INFO]   Retrieved 1435 chars of memory context
2026-03-04 21:49:45,072 [INFO]   [+] pred=3, gold=3, running_acc=252/379 (66.5%)
2026-03-04 21:49:45,177 [INFO] [380/500] Solving problem #379...
2026-03-04 21:49:45,201 [INFO]   Retrieved 1501 chars of memory context
2026-03-04 21:49:58,101 [INFO]   [x] pred=12th grade, gold=12, running_acc=252/380 (66.3%)
2026-03-04 21:49:58,102 [INFO] [381/500] Solving problem #380...
2026-03-04 21:49:58,125 [INFO]   Retrieved 1633 chars of memory context
2026-03-04 21:50:09,230 [INFO]   [+] pred=(0, 9) \cup (9, 36), gold=(0,9) \cup (9,36), running_acc=253/381 (66.4%)
2026-03-04 21:50:09,481 [INFO] [382/500] Solving problem #381...
2026-03-04 21:50:09,536 [INFO]   Retrieved 1834 chars of memory context
2026-03-04 21:50:23,684 [INFO]   [x] pred=\frac{1}{3}, gold=\frac{1}{2}, running_acc=253/382 (66.2%)
2026-03-04 21:50:23,685 [INFO] [383/500] Solving problem #382...
2026-03-04 21:50:23,712 [INFO]   Retrieved 1925 chars of memory context
2026-03-04 21:50:34,182 [INFO]   [+] pred=\frac{20000}{\pi}, gold=\frac{20000}{\pi}, running_acc=254/383 (66.3%)
2026-03-04 21:50:34,457 [INFO] [384/500] Solving problem #383...
2026-03-04 21:50:34,485 [INFO]   Retrieved 1628 chars of memory context
2026-03-04 21:50:42,463 [INFO]   [x] pred=[-2, 7], gold=x \in [-2,7], running_acc=254/384 (66.1%)
2026-03-04 21:50:42,467 [INFO] [385/500] Solving problem #384...
2026-03-04 21:50:42,512 [INFO]   Retrieved 1458 chars of memory context
2026-03-04 21:50:45,116 [INFO]   [+] pred=15x - 80, gold=15x - 80, running_acc=255/385 (66.2%)
2026-03-04 21:50:45,224 [INFO] [386/500] Solving problem #385...
2026-03-04 21:50:45,246 [INFO]   Retrieved 1389 chars of memory context
2026-03-04 21:50:52,476 [INFO]   [+] pred=22, gold=22, running_acc=256/386 (66.3%)
2026-03-04 21:50:52,749 [INFO] [387/500] Solving problem #386...
2026-03-04 21:50:52,802 [INFO]   Retrieved 1604 chars of memory context
2026-03-04 21:50:59,653 [INFO]   [+] pred=11, gold=11, running_acc=257/387 (66.4%)
2026-03-04 21:50:59,784 [INFO] [388/500] Solving problem #387...
2026-03-04 21:50:59,807 [INFO]   Retrieved 1398 chars of memory context
2026-03-04 21:51:03,359 [INFO]   [+] pred=18, gold=18, running_acc=258/388 (66.5%)
2026-03-04 21:51:03,471 [INFO] [389/500] Solving problem #388...
2026-03-04 21:51:03,498 [INFO]   Retrieved 1664 chars of memory context
2026-03-04 21:51:10,045 [INFO]   [+] pred=\(\frac{11}{2}\), gold=\frac{11}{2}, running_acc=259/389 (66.6%)
2026-03-04 21:51:10,361 [INFO] [390/500] Solving problem #389...
2026-03-04 21:51:10,385 [INFO]   Retrieved 1829 chars of memory context
2026-03-04 21:51:19,650 [INFO]   [+] pred=\(\frac{\sqrt{21}}{5}\), gold=\frac{\sqrt{21}}{5}, running_acc=260/390 (66.7%)
2026-03-04 21:51:19,760 [INFO] [391/500] Solving problem #390...
2026-03-04 21:51:19,785 [INFO]   Retrieved 1619 chars of memory context
2026-03-04 21:51:33,285 [INFO]   [+] pred=12, gold=12, running_acc=261/391 (66.8%)
2026-03-04 21:51:33,453 [INFO] [392/500] Solving problem #391...
2026-03-04 21:51:33,491 [INFO]   Retrieved 1448 chars of memory context
2026-03-04 21:51:48,592 [INFO]   [x] pred=5, gold=0, running_acc=261/392 (66.6%)
2026-03-04 21:51:48,593 [INFO] [393/500] Solving problem #392...
2026-03-04 21:51:48,617 [INFO]   Retrieved 1842 chars of memory context
2026-03-04 21:52:05,025 [INFO]   [x] pred=\frac{18\sqrt{5}}{5}, gold=\sqrt{66}, running_acc=261/393 (66.4%)
2026-03-04 21:52:05,026 [INFO] [394/500] Solving problem #393...
2026-03-04 21:52:05,098 [INFO]   Retrieved 1777 chars of memory context
2026-03-04 21:52:10,991 [INFO]   [x] pred=\(\frac{3}{4}\), gold=\frac 34, running_acc=261/394 (66.2%)
2026-03-04 21:52:10,992 [INFO] [395/500] Solving problem #394...
2026-03-04 21:52:11,020 [INFO]   Retrieved 1937 chars of memory context
2026-03-04 21:52:30,004 [INFO]   [+] pred=-\frac{3}{8}, gold=-\frac{3}{8}, running_acc=262/395 (66.3%)
2026-03-04 21:52:30,215 [INFO] [396/500] Solving problem #395...
2026-03-04 21:52:30,241 [INFO]   Retrieved 1490 chars of memory context
2026-03-04 21:52:35,222 [INFO]   [+] pred=4, gold=4, running_acc=263/396 (66.4%)
2026-03-04 21:52:35,349 [INFO] [397/500] Solving problem #396...
2026-03-04 21:52:35,373 [INFO]   Retrieved 1921 chars of memory context
2026-03-04 21:52:41,869 [INFO]   [+] pred=2, gold=2, running_acc=264/397 (66.5%)
2026-03-04 21:52:41,977 [INFO] [398/500] Solving problem #397...
2026-03-04 21:52:42,001 [INFO]   Retrieved 1195 chars of memory context
2026-03-04 21:52:47,396 [INFO]   [+] pred=23, gold=23, running_acc=265/398 (66.6%)
2026-03-04 21:52:47,610 [INFO] [399/500] Solving problem #398...
2026-03-04 21:52:47,648 [INFO]   Retrieved 1525 chars of memory context
2026-03-04 21:52:56,680 [INFO]   [+] pred=Navin, gold=\text{Navin}, running_acc=266/399 (66.7%)
2026-03-04 21:52:57,007 [INFO] [400/500] Solving problem #399...
2026-03-04 21:52:57,068 [INFO]   Retrieved 1229 chars of memory context
2026-03-04 21:52:58,995 [INFO]   [+] pred=326.5, gold=326.5, running_acc=267/400 (66.8%)
2026-03-04 21:52:59,170 [INFO] [401/500] Solving problem #400...
2026-03-04 21:52:59,193 [INFO]   Retrieved 1718 chars of memory context
2026-03-04 21:53:14,474 [INFO]   [x] pred=\frac{7}{13}, gold=\frac{14}{3}, running_acc=267/401 (66.6%)
2026-03-04 21:53:14,476 [INFO] [402/500] Solving problem #401...
2026-03-04 21:53:14,513 [INFO]   Retrieved 1727 chars of memory context
2026-03-04 21:53:44,123 [INFO]   [x] pred=2, gold=\frac{13}{4}, running_acc=267/402 (66.4%)
2026-03-04 21:53:44,125 [INFO] [403/500] Solving problem #402...
2026-03-04 21:53:44,206 [INFO]   Retrieved 1629 chars of memory context
2026-03-04 21:53:51,854 [INFO]   [+] pred=1 - 12i, gold=1 - 12i, running_acc=268/403 (66.5%)
2026-03-04 21:53:51,961 [INFO] [404/500] Solving problem #403...
2026-03-04 21:53:51,983 [INFO]   Retrieved 1179 chars of memory context
2026-03-04 21:54:01,734 [INFO]   [x] pred=4, gold=3, running_acc=268/404 (66.3%)
2026-03-04 21:54:01,734 [INFO] [405/500] Solving problem #404...
2026-03-04 21:54:01,815 [INFO]   Retrieved 1903 chars of memory context
2026-03-04 21:54:07,185 [INFO]   [+] pred=3, gold=3, running_acc=269/405 (66.4%)
2026-03-04 21:54:07,489 [INFO] [406/500] Solving problem #405...
2026-03-04 21:54:07,519 [INFO]   Retrieved 1793 chars of memory context
2026-03-04 21:54:11,738 [INFO]   [+] pred=60, gold=60, running_acc=270/406 (66.5%)
2026-03-04 21:54:11,906 [INFO] [407/500] Solving problem #406...
2026-03-04 21:54:11,927 [INFO]   Retrieved 1529 chars of memory context
2026-03-04 21:54:18,186 [INFO]   [+] pred=0, gold=0, running_acc=271/407 (66.6%)
2026-03-04 21:54:18,296 [INFO] [408/500] Solving problem #407...
2026-03-04 21:54:18,318 [INFO]   Retrieved 1414 chars of memory context
2026-03-04 21:54:23,438 [INFO]   [+] pred=9, gold=9, running_acc=272/408 (66.7%)
2026-03-04 21:54:23,752 [INFO] [409/500] Solving problem #408...
2026-03-04 21:54:23,787 [INFO]   Retrieved 1439 chars of memory context
2026-03-04 21:54:43,253 [INFO]   [x] pred=\(\begin{pmatrix} 0.2 \\ -3.6 \end{pmatrix}\), gold=\begin{pmatrix} 1/5 \\ -18/5 \end{pmatrix}, running_acc=272/409 (66.5%)
2026-03-04 21:54:43,254 [INFO] [410/500] Solving problem #409...
2026-03-04 21:54:43,281 [INFO]   Retrieved 1775 chars of memory context
2026-03-04 21:54:55,918 [INFO]   [+] pred=2\sqrt{5}, gold=2 \sqrt{5}, running_acc=273/410 (66.6%)
2026-03-04 21:54:56,169 [INFO] [411/500] Solving problem #410...
2026-03-04 21:54:56,186 [INFO]   Retrieved 1398 chars of memory context
2026-03-04 21:55:05,973 [INFO]   [+] pred=6, gold=6, running_acc=274/411 (66.7%)
2026-03-04 21:55:06,130 [INFO] [412/500] Solving problem #411...
2026-03-04 21:55:06,168 [INFO]   Retrieved 1910 chars of memory context
2026-03-04 21:55:10,979 [INFO]   [+] pred=60, gold=60, running_acc=275/412 (66.7%)
2026-03-04 21:55:11,168 [INFO] [413/500] Solving problem #412...
2026-03-04 21:55:11,209 [INFO]   Retrieved 1522 chars of memory context
2026-03-04 21:55:28,160 [INFO]   [+] pred=406, gold=406, running_acc=276/413 (66.8%)
2026-03-04 21:55:28,278 [INFO] [414/500] Solving problem #413...
2026-03-04 21:55:28,301 [INFO]   Retrieved 1543 chars of memory context
2026-03-04 21:55:34,055 [INFO]   [+] pred=5r^5, gold=5r^5, running_acc=277/414 (66.9%)
2026-03-04 21:55:34,286 [INFO] [415/500] Solving problem #414...
2026-03-04 21:55:34,315 [INFO]   Retrieved 1591 chars of memory context
2026-03-04 21:55:42,104 [INFO]   [+] pred=10, gold=10, running_acc=278/415 (67.0%)
2026-03-04 21:55:42,337 [INFO] [416/500] Solving problem #415...
2026-03-04 21:55:42,375 [INFO]   Retrieved 1298 chars of memory context
2026-03-04 21:55:54,456 [INFO]   [+] pred=9, gold=9, running_acc=279/416 (67.1%)
2026-03-04 21:55:54,577 [INFO] [417/500] Solving problem #416...
2026-03-04 21:55:54,602 [INFO]   Retrieved 1630 chars of memory context
2026-03-04 21:56:03,808 [INFO]   [+] pred=\frac{1}{8}, gold=\frac{1}{8}, running_acc=280/417 (67.1%)
2026-03-04 21:56:04,085 [INFO] [418/500] Solving problem #417...
2026-03-04 21:56:04,113 [INFO]   Retrieved 1474 chars of memory context
2026-03-04 21:56:09,399 [INFO]   [+] pred=-2, gold=-2, running_acc=281/418 (67.2%)
2026-03-04 21:56:09,576 [INFO] [419/500] Solving problem #418...
2026-03-04 21:56:09,597 [INFO]   Retrieved 1785 chars of memory context
2026-03-04 21:56:16,253 [INFO]   [+] pred=\(2\sqrt{5}\), gold=2\sqrt{5}, running_acc=282/419 (67.3%)
2026-03-04 21:56:16,395 [INFO] [420/500] Solving problem #419...
2026-03-04 21:56:16,419 [INFO]   Retrieved 1638 chars of memory context
2026-03-04 21:56:39,792 [INFO]   [x] pred=\begin{pmatrix} -5 \\ -5 \\ 20 \end{pmatrix}, gold=\begin{pmatrix} -7 \\ 16 \\ 5 \end{pmatrix}, running_acc=282/420 (67.1%)
2026-03-04 21:56:39,792 [INFO] [421/500] Solving problem #420...
2026-03-04 21:56:39,857 [INFO]   Retrieved 1949 chars of memory context
2026-03-04 21:56:51,127 [INFO]   [x] pred=\(\begin{pmatrix} \frac{16}{49} \\ \frac{48}{49} \\ \frac{24, gold=\begin{pmatrix} 16/49 \\ 48/49 \\ 24/49 \end{pmatrix}, running_acc=282/421 (67.0%)
2026-03-04 21:56:51,130 [INFO] [422/500] Solving problem #421...
2026-03-04 21:56:51,166 [INFO]   Retrieved 1844 chars of memory context
2026-03-04 21:57:05,339 [INFO]   [+] pred=27, gold=27, running_acc=283/422 (67.1%)
2026-03-04 21:57:05,659 [INFO] [423/500] Solving problem #422...
2026-03-04 21:57:05,681 [INFO]   Retrieved 1801 chars of memory context
2026-03-04 21:57:36,891 [INFO]   [x] pred=\{0, 2\sqrt{2}, -2\sqrt{2}\}, gold=\{1\pm\sqrt{5},-2\}, running_acc=283/423 (66.9%)
2026-03-04 21:57:36,892 [INFO] [424/500] Solving problem #423...
2026-03-04 21:57:36,919 [INFO]   Retrieved 1527 chars of memory context
2026-03-04 21:58:22,727 [INFO]   [x] pred=1999, gold=1440, running_acc=283/424 (66.7%)
2026-03-04 21:58:22,728 [INFO] [425/500] Solving problem #424...
2026-03-04 21:58:22,764 [INFO]   Retrieved 1511 chars of memory context
2026-03-04 21:58:30,104 [INFO]   [+] pred=600, gold=600, running_acc=284/425 (66.8%)
2026-03-04 21:58:30,376 [INFO] [426/500] Solving problem #425...
2026-03-04 21:58:30,405 [INFO]   Retrieved 1837 chars of memory context
2026-03-04 21:58:44,852 [INFO]   [x] pred=\frac{1}{3} (a^2 + b^2 + c^2), gold=3R^2, running_acc=284/426 (66.7%)
2026-03-04 21:58:44,853 [INFO] [427/500] Solving problem #426...
2026-03-04 21:58:44,879 [INFO]   Retrieved 1843 chars of memory context
2026-03-04 21:58:52,927 [INFO]   [+] pred=6\sqrt{2}, gold=6\sqrt{2}, running_acc=285/427 (66.7%)
2026-03-04 21:58:53,121 [INFO] [428/500] Solving problem #427...
2026-03-04 21:58:53,153 [INFO]   Retrieved 1920 chars of memory context
2026-03-04 21:58:58,006 [INFO]   [+] pred=29, gold=29, running_acc=286/428 (66.8%)
2026-03-04 21:58:58,265 [INFO] [429/500] Solving problem #428...
2026-03-04 21:58:58,323 [INFO]   Retrieved 1736 chars of memory context
2026-03-04 21:59:10,437 [INFO]   [+] pred=64, gold=64, running_acc=287/429 (66.9%)
2026-03-04 21:59:10,714 [INFO] [430/500] Solving problem #429...
2026-03-04 21:59:10,768 [INFO]   Retrieved 1854 chars of memory context
2026-03-04 21:59:18,293 [INFO]   [x] pred=26, gold=50, running_acc=287/430 (66.7%)
2026-03-04 21:59:18,294 [INFO] [431/500] Solving problem #430...
2026-03-04 21:59:18,353 [INFO]   Retrieved 1470 chars of memory context
2026-03-04 21:59:20,053 [INFO]   [+] pred=4.5, gold=4.5, running_acc=288/431 (66.8%)
2026-03-04 21:59:20,198 [INFO] [432/500] Solving problem #431...
2026-03-04 21:59:20,223 [INFO]   Retrieved 1449 chars of memory context
2026-03-04 21:59:36,361 [INFO]   [+] pred=\(\left[ \frac{\pi^2}{8}, \frac{5\pi^2}{4} \right]\), gold=\left[ \frac{\pi^2}{8}, \frac{5 \pi^2}{4} \right], running_acc=289/432 (66.9%)
2026-03-04 21:59:36,578 [INFO] [433/500] Solving problem #432...
2026-03-04 21:59:36,606 [INFO]   Retrieved 1637 chars of memory context
2026-03-04 21:59:59,866 [INFO]   [x] pred=-2977, gold=331, running_acc=289/433 (66.7%)
2026-03-04 21:59:59,867 [INFO] [434/500] Solving problem #433...
2026-03-04 21:59:59,894 [INFO]   Retrieved 1143 chars of memory context
2026-03-04 22:00:10,508 [INFO]   [+] pred=0.35625, gold=.35625, running_acc=290/434 (66.8%)
2026-03-04 22:00:10,917 [INFO] [435/500] Solving problem #434...
2026-03-04 22:00:10,970 [INFO]   Retrieved 1796 chars of memory context
2026-03-04 22:00:19,353 [INFO]   [+] pred=32, gold=32, running_acc=291/435 (66.9%)
2026-03-04 22:00:19,564 [INFO] [436/500] Solving problem #435...
2026-03-04 22:00:19,593 [INFO]   Retrieved 1485 chars of memory context
2026-03-04 22:00:31,926 [INFO]   [x] pred=The domain of the function is \( (-\infty, 2) \cup (3, \inft, gold=(-\infty, 2) \cup (3, \infty), running_acc=291/436 (66.7%)
2026-03-04 22:00:31,926 [INFO] [437/500] Solving problem #436...
2026-03-04 22:00:31,982 [INFO]   Retrieved 1865 chars of memory context
2026-03-04 22:01:32,539 [INFO]   [x] pred=3, gold=4, running_acc=291/437 (66.6%)
2026-03-04 22:01:32,541 [INFO] [438/500] Solving problem #437...
2026-03-04 22:01:32,635 [INFO]   Retrieved 1762 chars of memory context
2026-03-04 22:01:40,161 [INFO]   [+] pred=3, gold=3, running_acc=292/438 (66.7%)
2026-03-04 22:01:40,505 [INFO] [439/500] Solving problem #438...
2026-03-04 22:01:40,548 [INFO]   Retrieved 1432 chars of memory context
2026-03-04 22:01:45,358 [INFO]   [+] pred=4, gold=4, running_acc=293/439 (66.7%)
2026-03-04 22:01:45,571 [INFO] [440/500] Solving problem #439...
2026-03-04 22:01:45,603 [INFO]   Retrieved 1298 chars of memory context
2026-03-04 22:01:52,848 [INFO]   [+] pred=x^8 + x^7 + x^6 + x^5 + x^4 + x^3 + x^2 + x + 1, gold=x^8 + x^7 + x^6 + x^5 + x^4 + x^3 + x^2 + x + 1, running_acc=294/440 (66.8%)
2026-03-04 22:01:53,136 [INFO] [441/500] Solving problem #440...
2026-03-04 22:01:53,166 [INFO]   Retrieved 1350 chars of memory context
2026-03-04 22:02:00,250 [INFO]   [+] pred=14, gold=14, running_acc=295/441 (66.9%)
2026-03-04 22:02:00,553 [INFO] [442/500] Solving problem #441...
2026-03-04 22:02:00,578 [INFO]   Retrieved 1456 chars of memory context
2026-03-04 22:02:06,202 [INFO]   [+] pred=550, gold=550, running_acc=296/442 (67.0%)
2026-03-04 22:02:06,329 [INFO] [443/500] Solving problem #442...
2026-03-04 22:02:06,354 [INFO]   Retrieved 1043 chars of memory context
2026-03-04 22:02:10,423 [INFO]   [+] pred=256, gold=256, running_acc=297/443 (67.0%)
2026-03-04 22:02:10,643 [INFO] [444/500] Solving problem #443...
2026-03-04 22:02:10,675 [INFO]   Retrieved 1248 chars of memory context
2026-03-04 22:02:14,197 [INFO]   [+] pred=45, gold=45, running_acc=298/444 (67.1%)
2026-03-04 22:02:14,327 [INFO] [445/500] Solving problem #444...
2026-03-04 22:02:14,354 [INFO]   Retrieved 1834 chars of memory context
2026-03-04 22:02:31,251 [INFO]   [+] pred=\frac{1}{2}, gold=\frac{1}{2}, running_acc=299/445 (67.2%)
2026-03-04 22:02:31,398 [INFO] [446/500] Solving problem #445...
2026-03-04 22:02:31,429 [INFO]   Retrieved 1900 chars of memory context
2026-03-04 22:02:52,244 [INFO]   [x] pred=12, gold=15, running_acc=299/446 (67.0%)
2026-03-04 22:02:52,244 [INFO] [447/500] Solving problem #446...
2026-03-04 22:02:52,316 [INFO]   Retrieved 1683 chars of memory context
2026-03-04 22:03:02,478 [INFO]   [+] pred=8, gold=8, running_acc=300/447 (67.1%)
2026-03-04 22:03:02,771 [INFO] [448/500] Solving problem #447...
2026-03-04 22:03:02,809 [INFO]   Retrieved 1636 chars of memory context
2026-03-04 22:03:09,547 [INFO]   [+] pred=9, gold=9, running_acc=301/448 (67.2%)
2026-03-04 22:03:09,795 [INFO] [449/500] Solving problem #448...
2026-03-04 22:03:09,825 [INFO]   Retrieved 1548 chars of memory context
2026-03-04 22:03:20,274 [INFO]   [+] pred=44, gold=44, running_acc=302/449 (67.3%)
2026-03-04 22:03:20,622 [INFO] [450/500] Solving problem #449...
2026-03-04 22:03:20,652 [INFO]   Retrieved 1171 chars of memory context
2026-03-04 22:03:24,314 [INFO]   [+] pred=47, gold=47, running_acc=303/450 (67.3%)
2026-03-04 22:03:24,571 [INFO] [451/500] Solving problem #450...
2026-03-04 22:03:24,602 [INFO]   Retrieved 1667 chars of memory context
2026-03-04 22:03:36,992 [INFO]   [+] pred=64, gold=64, running_acc=304/451 (67.4%)
2026-03-04 22:03:37,253 [INFO] [452/500] Solving problem #451...
2026-03-04 22:03:37,292 [INFO]   Retrieved 1558 chars of memory context
2026-03-04 22:03:46,553 [INFO]   [+] pred=\frac{639}{40}, gold=\frac{639}{40}, running_acc=305/452 (67.5%)
2026-03-04 22:03:46,684 [INFO] [453/500] Solving problem #452...
2026-03-04 22:03:46,709 [INFO]   Retrieved 1439 chars of memory context
2026-03-04 22:03:52,284 [INFO]   [+] pred=143, gold=143, running_acc=306/453 (67.5%)
2026-03-04 22:03:52,524 [INFO] [454/500] Solving problem #453...
2026-03-04 22:03:52,552 [INFO]   Retrieved 1740 chars of memory context
2026-03-04 22:04:01,469 [INFO]   [+] pred=10, gold=10, running_acc=307/454 (67.6%)
2026-03-04 22:04:01,686 [INFO] [455/500] Solving problem #454...
2026-03-04 22:04:01,754 [INFO]   Retrieved 1947 chars of memory context
2026-03-04 22:04:22,915 [INFO]   [+] pred=y = 2x + 3, gold=y = 2x + 3, running_acc=308/455 (67.7%)
2026-03-04 22:04:23,087 [INFO] [456/500] Solving problem #455...
2026-03-04 22:04:23,117 [INFO]   Retrieved 1874 chars of memory context
2026-03-04 22:04:27,902 [INFO]   [+] pred=6, gold=6, running_acc=309/456 (67.8%)
2026-03-04 22:04:28,252 [INFO] [457/500] Solving problem #456...
2026-03-04 22:04:28,277 [INFO]   Retrieved 1674 chars of memory context
2026-03-04 22:04:43,407 [INFO]   [x] pred=1, -2, gold=-2,1, running_acc=309/457 (67.6%)
2026-03-04 22:04:43,411 [INFO] [458/500] Solving problem #457...
2026-03-04 22:04:43,485 [INFO]   Retrieved 1297 chars of memory context
2026-03-04 22:04:46,826 [INFO]   [+] pred=0, gold=0, running_acc=310/458 (67.7%)
2026-03-04 22:04:47,166 [INFO] [459/500] Solving problem #458...
2026-03-04 22:04:47,203 [INFO]   Retrieved 1740 chars of memory context
2026-03-04 22:04:54,549 [INFO]   [+] pred=41, gold=41, running_acc=311/459 (67.8%)
2026-03-04 22:04:54,686 [INFO] [460/500] Solving problem #459...
2026-03-04 22:04:54,712 [INFO]   Retrieved 1567 chars of memory context
2026-03-04 22:05:06,570 [INFO]   [x] pred=18.90, gold=\$18.90, running_acc=311/460 (67.6%)
2026-03-04 22:05:06,571 [INFO] [461/500] Solving problem #460...
2026-03-04 22:05:06,612 [INFO]   Retrieved 1856 chars of memory context
2026-03-04 22:05:13,151 [INFO]   [x] pred=35, gold=75^\circ, running_acc=311/461 (67.5%)
2026-03-04 22:05:13,154 [INFO] [462/500] Solving problem #461...
2026-03-04 22:05:13,195 [INFO]   Retrieved 1461 chars of memory context
2026-03-04 22:05:25,634 [INFO]   [x] pred=13, gold=12, running_acc=311/462 (67.3%)
2026-03-04 22:05:25,634 [INFO] [463/500] Solving problem #462...
2026-03-04 22:05:25,653 [INFO]   Retrieved 1631 chars of memory context
2026-03-04 22:05:31,983 [INFO]   [+] pred=59, gold=59, running_acc=312/463 (67.4%)
2026-03-04 22:05:32,322 [INFO] [464/500] Solving problem #463...
2026-03-04 22:05:32,353 [INFO]   Retrieved 1360 chars of memory context
2026-03-04 22:05:37,534 [INFO]   [+] pred=2, gold=2, running_acc=313/464 (67.5%)
2026-03-04 22:05:37,752 [INFO] [465/500] Solving problem #464...
2026-03-04 22:05:37,782 [INFO]   Retrieved 1362 chars of memory context
2026-03-04 22:05:49,547 [INFO]   [+] pred=9, gold=9, running_acc=314/465 (67.5%)
2026-03-04 22:05:49,816 [INFO] [466/500] Solving problem #465...
2026-03-04 22:05:49,858 [INFO]   Retrieved 1434 chars of memory context
2026-03-04 22:05:55,600 [INFO]   [+] pred=121, gold=121, running_acc=315/466 (67.6%)
2026-03-04 22:05:55,735 [INFO] [467/500] Solving problem #466...
2026-03-04 22:05:55,758 [INFO]   Retrieved 1769 chars of memory context
2026-03-04 22:06:10,109 [INFO]   [x] pred=\frac{115\pi}{18}, gold=8 \pi, running_acc=315/467 (67.5%)
2026-03-04 22:06:10,114 [INFO] [468/500] Solving problem #467...
2026-03-04 22:06:10,175 [INFO]   Retrieved 1922 chars of memory context
2026-03-04 22:06:13,572 [INFO]   [x] pred=15, gold=15\mbox{ cm}^2, running_acc=315/468 (67.3%)
2026-03-04 22:06:13,578 [INFO] [469/500] Solving problem #468...
2026-03-04 22:06:13,649 [INFO]   Retrieved 1506 chars of memory context
2026-03-04 22:06:17,677 [INFO]   [+] pred=8, gold=8, running_acc=316/469 (67.4%)
2026-03-04 22:06:17,979 [INFO] [470/500] Solving problem #469...
2026-03-04 22:06:18,008 [INFO]   Retrieved 1356 chars of memory context
2026-03-04 22:06:21,461 [INFO]   [+] pred=25, gold=25, running_acc=317/470 (67.4%)
2026-03-04 22:06:21,748 [INFO] [471/500] Solving problem #470...
2026-03-04 22:06:21,780 [INFO]   Retrieved 1841 chars of memory context
2026-03-04 22:06:35,855 [INFO]   [+] pred=27648, gold=27648, running_acc=318/471 (67.5%)
2026-03-04 22:06:36,149 [INFO] [472/500] Solving problem #471...
2026-03-04 22:06:36,180 [INFO]   Retrieved 1473 chars of memory context
2026-03-04 22:06:41,359 [INFO]   [+] pred=84, gold=84, running_acc=319/472 (67.6%)
2026-03-04 22:06:41,495 [INFO] [473/500] Solving problem #472...
2026-03-04 22:06:41,521 [INFO]   Retrieved 1935 chars of memory context
2026-03-04 22:06:47,144 [INFO]   [x] pred=\[137\frac{1}{2}\], gold=137 \frac{1}{2}, running_acc=319/473 (67.4%)
2026-03-04 22:06:47,144 [INFO] [474/500] Solving problem #473...
2026-03-04 22:06:47,205 [INFO]   Retrieved 1837 chars of memory context
2026-03-04 22:06:59,424 [INFO]   [+] pred=7, gold=7, running_acc=320/474 (67.5%)
2026-03-04 22:06:59,762 [INFO] [475/500] Solving problem #474...
2026-03-04 22:06:59,792 [INFO]   Retrieved 1302 chars of memory context
2026-03-04 22:07:12,477 [INFO]   [+] pred=3, gold=3, running_acc=321/475 (67.6%)
2026-03-04 22:07:12,797 [INFO] [476/500] Solving problem #475...
2026-03-04 22:07:12,829 [INFO]   Retrieved 1765 chars of memory context
2026-03-04 22:07:36,688 [INFO]   [x] pred=35, gold=29, running_acc=321/476 (67.4%)
2026-03-04 22:07:36,692 [INFO] [477/500] Solving problem #476...
2026-03-04 22:07:36,777 [INFO]   Retrieved 1945 chars of memory context
2026-03-04 22:07:44,120 [INFO]   [x] pred=900, gold=200, running_acc=321/477 (67.3%)
2026-03-04 22:07:44,120 [INFO] [478/500] Solving problem #477...
2026-03-04 22:07:44,165 [INFO]   Retrieved 1519 chars of memory context
2026-03-04 22:07:57,683 [INFO]   [x] pred=1, gold=2, running_acc=321/478 (67.2%)
2026-03-04 22:07:57,688 [INFO] [479/500] Solving problem #478...
2026-03-04 22:07:57,747 [INFO]   Retrieved 1500 chars of memory context
2026-03-04 22:08:16,342 [INFO]   [x] pred=0, gold=\frac{2}{1005}, running_acc=321/479 (67.0%)
2026-03-04 22:08:16,342 [INFO] [480/500] Solving problem #479...
2026-03-04 22:08:16,370 [INFO]   Retrieved 1727 chars of memory context
2026-03-04 22:08:22,953 [INFO]   [+] pred=2, gold=2, running_acc=322/480 (67.1%)
2026-03-04 22:08:23,125 [INFO] [481/500] Solving problem #480...
2026-03-04 22:08:23,157 [INFO]   Retrieved 1518 chars of memory context
2026-03-04 22:08:38,473 [INFO]   [+] pred=1, gold=1, running_acc=323/481 (67.2%)
2026-03-04 22:08:38,668 [INFO] [482/500] Solving problem #481...
2026-03-04 22:08:38,701 [INFO]   Retrieved 1797 chars of memory context
2026-03-04 22:08:59,031 [INFO]   [x] pred=4n^2 + 1, gold=8n^2 + 4n + 1, running_acc=323/482 (67.0%)
2026-03-04 22:08:59,032 [INFO] [483/500] Solving problem #482...
2026-03-04 22:08:59,061 [INFO]   Retrieved 1163 chars of memory context
2026-03-04 22:09:08,370 [INFO]   [+] pred=202, gold=202, running_acc=324/483 (67.1%)
2026-03-04 22:09:08,707 [INFO] [484/500] Solving problem #483...
2026-03-04 22:09:08,739 [INFO]   Retrieved 1757 chars of memory context
2026-03-04 22:09:25,344 [INFO]   [x] pred=2, gold=\frac{8}{15}, running_acc=324/484 (66.9%)
2026-03-04 22:09:25,348 [INFO] [485/500] Solving problem #484...
2026-03-04 22:09:25,408 [INFO]   Retrieved 1347 chars of memory context
2026-03-04 22:09:40,166 [INFO]   [+] pred=10, gold=10, running_acc=325/485 (67.0%)
2026-03-04 22:09:40,396 [INFO] [486/500] Solving problem #485...
2026-03-04 22:09:40,430 [INFO]   Retrieved 1908 chars of memory context
2026-03-04 22:10:00,086 [INFO]   [x] pred=12, gold=13, running_acc=325/486 (66.9%)
2026-03-04 22:10:00,090 [INFO] [487/500] Solving problem #486...
2026-03-04 22:10:00,133 [INFO]   Retrieved 1488 chars of memory context
2026-03-04 22:10:05,225 [INFO]   [+] pred=216, gold=216, running_acc=326/487 (66.9%)
2026-03-04 22:10:05,481 [INFO] [488/500] Solving problem #487...
2026-03-04 22:10:05,513 [INFO]   Retrieved 1353 chars of memory context
2026-03-04 22:10:11,751 [INFO]   [+] pred=2, gold=2, running_acc=327/488 (67.0%)
2026-03-04 22:10:12,140 [INFO] [489/500] Solving problem #488...
2026-03-04 22:10:12,199 [INFO]   Retrieved 1764 chars of memory context
2026-03-04 22:10:16,312 [INFO]   [x] pred=36, gold=\$36, running_acc=327/489 (66.9%)
2026-03-04 22:10:16,312 [INFO] [490/500] Solving problem #489...
2026-03-04 22:10:16,359 [INFO]   Retrieved 1511 chars of memory context
2026-03-04 22:10:25,020 [INFO]   [+] pred=15, gold=15, running_acc=328/490 (66.9%)
2026-03-04 22:10:25,350 [INFO] [491/500] Solving problem #490...
2026-03-04 22:10:25,387 [INFO]   Retrieved 1631 chars of memory context
2026-03-04 22:10:40,657 [INFO]   [x] pred=62, gold=14, running_acc=328/491 (66.8%)
2026-03-04 22:10:40,658 [INFO] [492/500] Solving problem #491...
2026-03-04 22:10:40,693 [INFO]   Retrieved 1859 chars of memory context
2026-03-04 22:10:47,463 [INFO]   [+] pred=64, gold=64, running_acc=329/492 (66.9%)
2026-03-04 22:10:47,643 [INFO] [493/500] Solving problem #492...
2026-03-04 22:10:47,683 [INFO]   Retrieved 1926 chars of memory context
2026-03-04 22:10:56,512 [INFO]   [+] pred=\(y = -2x\), gold=y = -2x, running_acc=330/493 (66.9%)
2026-03-04 22:10:56,788 [INFO] [494/500] Solving problem #493...
2026-03-04 22:10:56,813 [INFO]   Retrieved 1816 chars of memory context
2026-03-04 22:11:08,335 [INFO]   [+] pred=20, gold=20, running_acc=331/494 (67.0%)
2026-03-04 22:11:08,469 [INFO] [495/500] Solving problem #494...
2026-03-04 22:11:08,495 [INFO]   Retrieved 1825 chars of memory context
2026-03-04 22:11:32,434 [INFO]   [+] pred=\frac{1}{4}, gold=\frac{1}{4}, running_acc=332/495 (67.1%)
2026-03-04 22:11:32,741 [INFO] [496/500] Solving problem #495...
2026-03-04 22:11:32,765 [INFO]   Retrieved 1384 chars of memory context
2026-03-04 22:11:39,720 [INFO]   [x] pred=(2, 102), gold=(2,12) \cup (12,102), running_acc=332/496 (66.9%)
2026-03-04 22:11:39,721 [INFO] [497/500] Solving problem #496...
2026-03-04 22:11:39,749 [INFO]   Retrieved 1602 chars of memory context
2026-03-04 22:11:46,652 [INFO]   [+] pred=\dfrac{5}{13}, gold=\frac{5}{13}, running_acc=333/497 (67.0%)
2026-03-04 22:11:46,902 [INFO] [498/500] Solving problem #497...
2026-03-04 22:11:46,945 [INFO]   Retrieved 1796 chars of memory context
2026-03-04 22:12:03,446 [INFO]   [x] pred=2, gold=\frac{7}{2}, running_acc=333/498 (66.9%)
2026-03-04 22:12:03,447 [INFO] [499/500] Solving problem #498...
2026-03-04 22:12:03,475 [INFO]   Retrieved 1573 chars of memory context
2026-03-04 22:12:15,694 [INFO]   [x] pred=1, gold=-1, running_acc=333/499 (66.7%)
2026-03-04 22:12:15,695 [INFO] [500/500] Solving problem #499...
2026-03-04 22:12:15,732 [INFO]   Retrieved 1747 chars of memory context
2026-03-04 22:12:22,142 [INFO]   [+] pred=106, gold=106^\circ, running_acc=334/500 (66.8%)
2026-03-04 22:12:22,315 [INFO] 
============================================================
2026-03-04 22:12:22,316 [INFO] MATH-500 Evaluation Complete
2026-03-04 22:12:22,316 [INFO] ============================================================
2026-03-04 22:12:22,316 [INFO] Model:    /data/hzy/models/Qwen2.5-7B-Instruct
2026-03-04 22:12:22,316 [INFO] Mode:     Amadeus Memory
2026-03-04 22:12:22,316 [INFO] Accuracy: 66.8% (334/500)
2026-03-04 22:12:22,316 [INFO] ============================================================
2026-03-04 22:12:22,316 [INFO] Results saved to /data/hzy/Amadeus/amadeus/MATH/logs/run_amadeus_20260304_204320

