{
  "timestamp": "20260106_162648",
  "config": {
    "model_name": "qwen2.5-7b-instruct",
    "judge_model_name": "qwen2.5-32b-instruct",
    "data_file": "/home/ubuntu/hzy/crl/Amadeus/amadeus/experiments/data/locomo10.json"
  },
  "total_samples": 1,
  "total_questions": 152,
  "category_distribution": {
    "2": 37,
    "3": 13,
    "1": 32,
    "4": 70
  },
  "aggregate_metrics": {
    "overall": {
      "mean": 0.631578947368421,
      "std": 0.48237638894272,
      "count": 152
    },
    "category_2": {
      "mean": 0.6486486486486487,
      "std": 0.47739247926096473,
      "count": 37
    },
    "category_3": {
      "mean": 0.8461538461538461,
      "std": 0.36080121229410994,
      "count": 13
    },
    "category_1": {
      "mean": 0.5,
      "std": 0.5,
      "count": 32
    },
    "category_4": {
      "mean": 0.6428571428571429,
      "std": 0.4791574237499549,
      "count": 70
    }
  }
}