{
  "timestamp": "20260106_155212",
  "config": {
    "model_name": "qwen2.5-7b-instruct",
    "judge_model_name": "qwen2.5-32b-instruct",
    "data_file": "/home/ubuntu/hzy/crl/Amadeus/amadeus/experiments/data/locomo10.json"
  },
  "total_samples": 1,
  "total_questions": 152,
  "category_distribution": {
    "2": 37,
    "3": 13,
    "1": 32,
    "4": 70
  },
  "aggregate_metrics": {
    "overall": {
      "mean": 0.5526315789473685,
      "std": 0.4972222007287154,
      "count": 152
    },
    "category_2": {
      "mean": 0.5405405405405406,
      "std": 0.4983537544482642,
      "count": 37
    },
    "category_3": {
      "mean": 0.46153846153846156,
      "std": 0.49851851526214314,
      "count": 13
    },
    "category_1": {
      "mean": 0.375,
      "std": 0.4841229182759271,
      "count": 32
    },
    "category_4": {
      "mean": 0.6571428571428571,
      "std": 0.4746642207381757,
      "count": 70
    }
  }
}