{
  "timestamp": "20260106_144927",
  "config": {
    "model_name": "qwen2.5-7b-instruct",
    "judge_model_name": "qwen2.5-32b-instruct",
    "data_file": "/home/ubuntu/hzy/crl/Amadeus/amadeus/experiments/data/locomo10.json"
  },
  "total_samples": 1,
  "total_questions": 152,
  "category_distribution": {
    "2": 37,
    "3": 13,
    "1": 32,
    "4": 70
  },
  "aggregate_metrics": {
    "overall": {
      "mean": 0.5657894736842105,
      "std": 0.4956528474167727,
      "count": 152
    },
    "category_2": {
      "mean": 0.5945945945945946,
      "std": 0.4909703276914851,
      "count": 37
    },
    "category_3": {
      "mean": 0.6153846153846154,
      "std": 0.48650425541051995,
      "count": 13
    },
    "category_1": {
      "mean": 0.53125,
      "std": 0.4990224819584785,
      "count": 32
    },
    "category_4": {
      "mean": 0.5571428571428572,
      "std": 0.49672396144896314,
      "count": 70
    }
  }
}