{
  "timestamp": "20251231_125456",
  "config": {
    "model_name": "qwen2.5-7b-instruct",
    "judge_model_name": "qwen2.5-32b-instruct",
    "data_file": "/home/ubuntu/hzy/crl/Amadeus/amadeus/experiments/data/locomo10.json"
  },
  "total_samples": 1,
  "total_questions": 152,
  "category_distribution": {
    "2": 37,
    "3": 13,
    "1": 32,
    "4": 70
  },
  "aggregate_metrics": {
    "overall": {
      "mean": 0.5,
      "std": 0.5,
      "count": 152
    },
    "category_2": {
      "mean": 0.43243243243243246,
      "std": 0.4954135886438747,
      "count": 37
    },
    "category_3": {
      "mean": 0.6153846153846154,
      "std": 0.48650425541051995,
      "count": 13
    },
    "category_1": {
      "mean": 0.3125,
      "std": 0.46351240544347894,
      "count": 32
    },
    "category_4": {
      "mean": 0.6,
      "std": 0.48989794855663565,
      "count": 70
    }
  }
}