{
  "timestamp": "20260106_152449",
  "config": {
    "model_name": "qwen2.5-7b-instruct",
    "judge_model_name": "qwen2.5-32b-instruct",
    "data_file": "/home/ubuntu/hzy/crl/Amadeus/amadeus/experiments/data/locomo10.json"
  },
  "total_samples": 1,
  "total_questions": 152,
  "category_distribution": {
    "2": 37,
    "3": 13,
    "1": 32,
    "4": 70
  },
  "aggregate_metrics": {
    "overall": {
      "mean": 0.6447368421052632,
      "std": 0.47859298630192665,
      "count": 152
    },
    "category_2": {
      "mean": 0.6216216216216216,
      "std": 0.4849826606736854,
      "count": 37
    },
    "category_3": {
      "mean": 0.5384615384615384,
      "std": 0.4985185152621431,
      "count": 13
    },
    "category_1": {
      "mean": 0.65625,
      "std": 0.47495887979908324,
      "count": 32
    },
    "category_4": {
      "mean": 0.6714285714285714,
      "std": 0.4696937777935313,
      "count": 70
    }
  }
}