{
  "timestamp": "20260101_002440",
  "config": {
    "model_name": "qwen2.5-7b-instruct",
    "judge_model_name": "qwen2.5-32b-instruct",
    "data_file": "/home/ubuntu/hzy/crl/Amadeus/amadeus/experiments/data/locomo10.json"
  },
  "total_samples": 5,
  "total_questions": 778,
  "category_distribution": {
    "2": 165,
    "1": 140,
    "3": 50,
    "4": 423
  },
  "aggregate_metrics": {
    "overall": {
      "mean": 0.525706940874036,
      "std": 0.4993387158942303,
      "count": 778
    },
    "category_2": {
      "mean": 0.41818181818181815,
      "std": 0.49326036240911036,
      "count": 165
    },
    "category_1": {
      "mean": 0.4928571428571429,
      "std": 0.499948976988489,
      "count": 140
    },
    "category_3": {
      "mean": 0.48,
      "std": 0.49959983987187184,
      "count": 50
    },
    "category_4": {
      "mean": 0.5839243498817966,
      "std": 0.49290638411053045,
      "count": 423
    }
  }
}