{
  "timestamp": "20251231_162641",
  "config": {
    "model_name": "qwen2.5-7b-instruct",
    "judge_model_name": "qwen2.5-32b-instruct",
    "data_file": "/home/ubuntu/hzy/crl/Amadeus/amadeus/experiments/data/locomo10.json"
  },
  "total_samples": 1,
  "total_questions": 152,
  "category_distribution": {
    "2": 37,
    "3": 13,
    "1": 32,
    "4": 70
  },
  "aggregate_metrics": {
    "overall": {
      "mean": 0.5592105263157895,
      "std": 0.49648173538752377,
      "count": 152
    },
    "category_2": {
      "mean": 0.5945945945945946,
      "std": 0.49097032769148513,
      "count": 37
    },
    "category_3": {
      "mean": 0.6153846153846154,
      "std": 0.48650425541051995,
      "count": 13
    },
    "category_1": {
      "mean": 0.46875,
      "std": 0.4990224819584785,
      "count": 32
    },
    "category_4": {
      "mean": 0.5714285714285714,
      "std": 0.49487165930539356,
      "count": 70
    }
  }
}