{
  "timestamp": "20251231_224020",
  "config": {
    "model_name": "qwen2.5-7b-instruct",
    "judge_model_name": "qwen2.5-32b-instruct",
    "data_file": "/home/ubuntu/hzy/crl/Amadeus/amadeus/experiments/data/locomo10.json"
  },
  "total_samples": 1,
  "total_questions": 152,
  "category_distribution": {
    "2": 37,
    "3": 13,
    "1": 32,
    "4": 70
  },
  "aggregate_metrics": {
    "overall": {
      "mean": 0.5460526315789473,
      "std": 0.4978746379608563,
      "count": 152
    },
    "category_2": {
      "mean": 0.40540540540540543,
      "std": 0.4909703276914852,
      "count": 37
    },
    "category_3": {
      "mean": 0.5384615384615384,
      "std": 0.49851851526214314,
      "count": 13
    },
    "category_1": {
      "mean": 0.5,
      "std": 0.5,
      "count": 32
    },
    "category_4": {
      "mean": 0.6428571428571429,
      "std": 0.4791574237499549,
      "count": 70
    }
  }
}