2026-04-26 14:44:38,751 - Experiment - INFO - 📂 Experiment Run Directory: /data/hzy/Amadeus/amadeus-collab/experiments/LoCoMo/logs/star_gpu0_Qwen3-8B_locomo_mw5_envjudge_round1_20260426_144435
2026-04-26 14:44:38,752 - Experiment - INFO - 📝 Global Log File: /data/hzy/Amadeus/amadeus-collab/experiments/LoCoMo/logs/star_gpu0_Qwen3-8B_locomo_mw5_envjudge_round1_20260426_144435/experiment.log
2026-04-26 14:44:38,752 - Experiment - INFO - Using local embedding model: /data/hzy/Amadeus/amadeus-collab/models/all-MiniLM-L6-v2
2026-04-26 14:44:39,310 - Experiment - INFO - ✅ 成功加载 10 个样本
2026-04-26 14:44:39,310 - Experiment - INFO - 🚀 Starting parallel execution with 5 workers for 10 samples.
2026-04-26 14:44:39,311 - Experiment - INFO - 
========================================
🚀 Running Sample: conv-26
========================================
2026-04-26 14:44:39,311 - Experiment - INFO - 
========================================
🚀 Running Sample: conv-30
========================================
2026-04-26 14:44:39,312 - Experiment - INFO - 
========================================
🚀 Running Sample: conv-41
========================================
2026-04-26 14:44:39,312 - Experiment - INFO - 
========================================
🚀 Running Sample: conv-42
========================================
2026-04-26 14:44:39,313 - Experiment - INFO - 
========================================
🚀 Running Sample: conv-43
========================================
2026-04-26 14:44:39,463 - Experiment - INFO - [conv-30] ♻️ Reset graph and agent strategies for isolated conv run.
2026-04-26 14:44:39,463 - Experiment - INFO - [conv-30] 📁 Schema artifact path: /data/hzy/Amadeus/amadeus-collab/experiments/LoCoMo/logs/star_gpu0_Qwen3-8B_locomo_mw5_envjudge_round1_20260426_144435/conv-30/schema/schema_state.json
2026-04-26 14:44:39,463 - Experiment - INFO - [conv-30] 🧠 Initial schema state | version=0 | node_types=[] | edge_types=[] | rules=[]
2026-04-26 14:44:39,463 - Experiment - INFO - [conv-30] 🧠 Phase 1: Building Memory (19 contextual sessions)...
2026-04-26 14:44:39,463 - Experiment - INFO - [conv-30] 🔄 Flush Triggered at chunk 1. Processing Buffer...
2026-04-26 14:44:39,463 - Experiment - INFO - [conv-30] 🧠 Starting schema emergence over first up to 1 flushed buffers.
2026-04-26 14:44:39,463 - Experiment - INFO - [conv-30] 🧠 Emergence attempt with n=1
2026-04-26 14:44:39,492 - Experiment - INFO - [conv-42] ♻️ Reset graph and agent strategies for isolated conv run.
2026-04-26 14:44:39,492 - Experiment - INFO - [conv-26] ♻️ Reset graph and agent strategies for isolated conv run.
2026-04-26 14:44:39,492 - Experiment - INFO - [conv-43] ♻️ Reset graph and agent strategies for isolated conv run.
2026-04-26 14:44:39,492 - Experiment - INFO - [conv-42] 📁 Schema artifact path: /data/hzy/Amadeus/amadeus-collab/experiments/LoCoMo/logs/star_gpu0_Qwen3-8B_locomo_mw5_envjudge_round1_20260426_144435/conv-42/schema/schema_state.json
2026-04-26 14:44:39,494 - Experiment - INFO - [conv-41] ♻️ Reset graph and agent strategies for isolated conv run.
2026-04-26 14:44:39,495 - Experiment - INFO - [conv-26] 📁 Schema artifact path: /data/hzy/Amadeus/amadeus-collab/experiments/LoCoMo/logs/star_gpu0_Qwen3-8B_locomo_mw5_envjudge_round1_20260426_144435/conv-26/schema/schema_state.json
2026-04-26 14:44:39,495 - Experiment - INFO - [conv-43] 📁 Schema artifact path: /data/hzy/Amadeus/amadeus-collab/experiments/LoCoMo/logs/star_gpu0_Qwen3-8B_locomo_mw5_envjudge_round1_20260426_144435/conv-43/schema/schema_state.json
2026-04-26 14:44:39,495 - Experiment - INFO - [conv-42] 🧠 Initial schema state | version=0 | node_types=[] | edge_types=[] | rules=[]
2026-04-26 14:44:39,496 - Experiment - INFO - [conv-41] 📁 Schema artifact path: /data/hzy/Amadeus/amadeus-collab/experiments/LoCoMo/logs/star_gpu0_Qwen3-8B_locomo_mw5_envjudge_round1_20260426_144435/conv-41/schema/schema_state.json
2026-04-26 14:44:39,496 - Experiment - INFO - [conv-26] 🧠 Initial schema state | version=0 | node_types=[] | edge_types=[] | rules=[]
2026-04-26 14:44:39,497 - Experiment - INFO - [conv-43] 🧠 Initial schema state | version=0 | node_types=[] | edge_types=[] | rules=[]
2026-04-26 14:44:39,497 - Experiment - INFO - [conv-42] 🧠 Phase 1: Building Memory (29 contextual sessions)...
2026-04-26 14:44:39,497 - Experiment - INFO - [conv-41] 🧠 Initial schema state | version=0 | node_types=[] | edge_types=[] | rules=[]
2026-04-26 14:44:39,497 - Experiment - INFO - [conv-26] 🧠 Phase 1: Building Memory (19 contextual sessions)...
2026-04-26 14:44:39,497 - Experiment - INFO - [conv-43] 🧠 Phase 1: Building Memory (29 contextual sessions)...
2026-04-26 14:44:39,498 - Experiment - INFO - [conv-42] 🔄 Flush Triggered at chunk 1. Processing Buffer...
2026-04-26 14:44:39,498 - Experiment - INFO - [conv-41] 🧠 Phase 1: Building Memory (32 contextual sessions)...
2026-04-26 14:44:39,498 - Experiment - INFO - [conv-26] 🔄 Flush Triggered at chunk 1. Processing Buffer...
2026-04-26 14:44:39,498 - Experiment - INFO - [conv-43] 🔄 Flush Triggered at chunk 1. Processing Buffer...
2026-04-26 14:44:39,500 - Experiment - INFO - [conv-42] 🧠 Starting schema emergence over first up to 1 flushed buffers.
2026-04-26 14:44:39,500 - Experiment - INFO - [conv-41] 🔄 Flush Triggered at chunk 1. Processing Buffer...
2026-04-26 14:44:39,501 - Experiment - INFO - [conv-26] 🧠 Starting schema emergence over first up to 1 flushed buffers.
2026-04-26 14:44:39,501 - Experiment - INFO - [conv-43] 🧠 Starting schema emergence over first up to 1 flushed buffers.
2026-04-26 14:44:39,502 - Experiment - INFO - [conv-42] 🧠 Emergence attempt with n=1
2026-04-26 14:44:39,502 - Experiment - INFO - [conv-41] 🧠 Starting schema emergence over first up to 1 flushed buffers.
2026-04-26 14:44:39,502 - Experiment - INFO - [conv-26] 🧠 Emergence attempt with n=1
2026-04-26 14:44:39,503 - Experiment - INFO - [conv-43] 🧠 Emergence attempt with n=1
2026-04-26 14:44:39,504 - Experiment - INFO - [conv-41] 🧠 Emergence attempt with n=1
2026-04-26 14:44:43,327 - Amadeus.Builder - WARNING - Schema rule proposal skipped: unsupported shape | raw="Use 'Entity' for people and organizations."
2026-04-26 14:44:43,327 - Amadeus.Builder - WARNING - Schema rule proposal skipped: unsupported shape | raw="Use 'Interest' for abstract concepts like genres or themes."
2026-04-26 14:44:43,327 - Amadeus.Builder - WARNING - Schema rule proposal skipped: unsupported shape | raw="Use 'Hobby' for activities people engage in for enjoyment."
2026-04-26 14:44:43,327 - Amadeus.Builder - WARNING - Schema rule proposal skipped: unsupported shape | raw="Use 'Experience' for specific events or instances of activities."
2026-04-26 14:44:43,327 - Amadeus.Builder - WARNING - Schema rule proposal skipped: unsupported shape | raw="Use 'has_interest' to link entities to their interests."
2026-04-26 14:44:43,327 - Amadeus.Builder - WARNING - Schema rule proposal skipped: unsupported shape | raw="Use 'has_hobby' to link entities to their hobbies."
2026-04-26 14:44:43,328 - Amadeus.Builder - WARNING - Schema rule proposal skipped: unsupported shape | raw="Use 'mentions' to indicate when an entity refers to another entity."
2026-04-26 14:44:43,328 - Amadeus.Builder - WARNING - Schema rule proposal skipped: unsupported shape | raw="Use 'shared_interest' to indicate mutual interests between entities."
2026-04-26 14:44:43,328 - Amadeus.Builder - INFO - 🧠 Schema emergence | stable=True | reason=The schema can be built with broad types that cover the discussed elements without overcomplicating. The conversation doesn't require specific event or activity types, so using general categories like Entity and Relation suffices. | node_types=[] | edge_types=[] | rules=[]
2026-04-26 14:44:43,328 - Amadeus.Builder - INFO - 🧠 Schema emergence analysis: The conversation between Nate and Joanna reveals interactions around hobbies, interests, and shared experiences. The main topics include video games, movies, and personal preferences. The schema should capture entities like people, hobbies, interests, and experiences, along with relationships such as 'has_interest', 'has_hobby', 'mentions', and 'shared_interest'.
2026-04-26 14:44:43,328 - Experiment - INFO - [conv-42] 🧠 Emergence declared stable at n=1
2026-04-26 14:44:43,328 - Experiment - INFO - [conv-42] 🧠 No schema proposals to apply from emergence.
2026-04-26 14:44:43,713 - Amadeus.Builder - WARNING - Schema rule proposal skipped: unsupported shape | raw="Use 'Person' for human participants in the graph."
2026-04-26 14:44:43,713 - Amadeus.Builder - WARNING - Schema rule proposal skipped: unsupported shape | raw="Use 'Entity' for non-human entities or abstract concepts that are not people."
2026-04-26 14:44:43,713 - Amadeus.Builder - WARNING - Schema rule proposal skipped: unsupported shape | raw="Use 'Activity' for actions or events that people engage in."
2026-04-26 14:44:43,713 - Amadeus.Builder - WARNING - Schema rule proposal skipped: unsupported shape | raw="Use 'Location' for places where activities occur."
2026-04-26 14:44:43,713 - Amadeus.Builder - WARNING - Schema rule proposal skipped: unsupported shape | raw="Use 'ParticipatesIn' for when a person is involved in an activity."
2026-04-26 14:44:43,713 - Amadeus.Builder - WARNING - Schema rule proposal skipped: unsupported shape | raw="Use 'Expresses' for when a person expresses emotions or feelings."
2026-04-26 14:44:43,713 - Amadeus.Builder - WARNING - Schema rule proposal skipped: unsupported shape | raw="Use 'Inspires' for when one activity or person inspires another."
2026-04-26 14:44:43,714 - Amadeus.Builder - WARNING - Schema rule proposal skipped: unsupported shape | raw="Use 'AssociatesWith' for relationships between people or entities."
2026-04-26 14:44:43,714 - Amadeus.Builder - WARNING - Schema rule proposal skipped: unsupported shape | raw="Use 'Creates' for when a person creates something like art or content."
2026-04-26 14:44:43,714 - Amadeus.Builder - WARNING - Schema rule proposal skipped: unsupported shape | raw="Use 'Supports' for when one entity provides support to another."
2026-04-26 14:44:43,714 - Amadeus.Builder - INFO - 🧠 Schema emergence | stable=True | reason=The schema can be stabilized with broad node and edge types that capture the general relationships and entities present in the conversation without over-specializing. | node_types=[] | edge_types=[] | rules=[]
2026-04-26 14:44:43,714 - Amadeus.Builder - INFO - 🧠 Schema emergence analysis: The conversation between Caroline and Melanie reveals interactions around personal experiences, emotional support, and shared interests. Key elements include a support group, personal development, career aspirations, and creative activities like painting. The dialogue suggests relationships between individuals, their activities, and the impact of these activities on their well-being.
2026-04-26 14:44:43,714 - Experiment - INFO - [conv-26] 🧠 Emergence declared stable at n=1
2026-04-26 14:44:43,714 - Experiment - INFO - [conv-26] 🧠 No schema proposals to apply from emergence.
2026-04-26 14:44:43,778 - Amadeus.Builder - WARNING - Schema rule proposal skipped: unsupported shape | raw="Use 'Person' for individuals involved in the conversation."
2026-04-26 14:44:43,778 - Amadeus.Builder - WARNING - Schema rule proposal skipped: unsupported shape | raw="Use 'Team' for sports teams mentioned."
2026-04-26 14:44:43,778 - Amadeus.Builder - WARNING - Schema rule proposal skipped: unsupported shape | raw="Use 'Location' for places referenced."
2026-04-26 14:44:43,778 - Amadeus.Builder - WARNING - Schema rule proposal skipped: unsupported shape | raw="Use 'Activity' for actions or events being discussed."
2026-04-26 14:44:43,778 - Amadeus.Builder - WARNING - Schema rule proposal skipped: unsupported shape | raw="Use 'ParticipatesIn' for involvement in an activity or event."
2026-04-26 14:44:43,778 - Amadeus.Builder - WARNING - Schema rule proposal skipped: unsupported shape | raw="Use 'BelongsTo' for team membership."
2026-04-26 14:44:43,778 - Amadeus.Builder - WARNING - Schema rule proposal skipped: unsupported shape | raw="Use 'LocatedAt' for location associations."
2026-04-26 14:44:43,778 - Amadeus.Builder - WARNING - Schema rule proposal skipped: unsupported shape | raw="Use 'CollaboratesWith' for collaborative efforts."
2026-04-26 14:44:43,778 - Amadeus.Builder - WARNING - Schema rule proposal skipped: unsupported shape | raw="Use 'HasInterestIn' for expressed interests or topics."
2026-04-26 14:44:43,778 - Amadeus.Builder - INFO - 🧠 Schema emergence | stable=True | reason=The conversation provides enough context to define a minimal schema covering people, teams, locations, and activities. No need to create new types for specific events or topics. The schema can be expanded as more buffers are processed. | node_types=[] | edge_types=[] | rules=[]
2026-04-26 14:44:43,778 - Amadeus.Builder - INFO - 🧠 Schema emergence analysis: The conversation between John and Tim reveals interactions around sports (John's team and position) and a fan project (Harry Potter). The main entities are people (John, Tim), teams (Minnesota Wolves), and locations (London, Harry Potter places). The conversation includes activities (collaborations, training, exploring places) and relationships (collaboration, team membership, interest in a topic). No specific node types or edge types beyond the broad categories are needed yet.
2026-04-26 14:44:43,779 - Experiment - INFO - [conv-43] 🧠 Emergence declared stable at n=1
2026-04-26 14:44:43,779 - Experiment - INFO - [conv-43] 🧠 No schema proposals to apply from emergence.
2026-04-26 14:44:44,368 - Amadeus.Builder - WARNING - Schema rule proposal skipped: unsupported shape | raw="Use 'Person' for individuals mentioned in the conversation."
2026-04-26 14:44:44,368 - Amadeus.Builder - WARNING - Schema rule proposal skipped: unsupported shape | raw="Use 'Passion' for expressed interests or passions, such as dancing."
2026-04-26 14:44:44,368 - Amadeus.Builder - WARNING - Schema rule proposal skipped: unsupported shape | raw="Use 'Activity' for specific actions or events, like dance classes or competitions."
2026-04-26 14:44:44,368 - Amadeus.Builder - WARNING - Schema rule proposal skipped: unsupported shape | raw="Use 'Event' for planned or past gatherings, such as festivals or rehearsals."
2026-04-26 14:44:44,368 - Amadeus.Builder - WARNING - Schema rule proposal skipped: unsupported shape | raw="Use 'Location' for places significant to the conversation, like a dance studio or competition venue."
2026-04-26 14:44:44,368 - Amadeus.Builder - WARNING - Schema rule proposal skipped: unsupported shape | raw="Use 'ParticipatesIn' for involvement in activities or events."
2026-04-26 14:44:44,368 - Amadeus.Builder - WARNING - Schema rule proposal skipped: unsupported shape | raw="Use 'InspiredBy' to show influence or inspiration from a person, activity, or event."
2026-04-26 14:44:44,368 - Amadeus.Builder - WARNING - Schema rule proposal skipped: unsupported shape | raw="Use 'CollaboratesWith' for working together on projects or events."
2026-04-26 14:44:44,368 - Amadeus.Builder - WARNING - Schema rule proposal skipped: unsupported shape | raw="Use 'LocatedAt' to associate a person or activity with a location."
2026-04-26 14:44:44,368 - Amadeus.Builder - WARNING - Schema rule proposal skipped: unsupported shape | raw="Use 'HasPassionFor' to link a person to their passion or interest."
2026-04-26 14:44:44,368 - Amadeus.Builder - INFO - 🧠 Schema emergence | stable=True | reason=The schema can be stabilized with broad node types and edge types that cover the discussed elements without overcomplicating the structure. The conversation provides enough context to define these types without needing additional buffers. | node_types=[] | edge_types=[] | rules=[]
2026-04-26 14:44:44,369 - Amadeus.Builder - INFO - 🧠 Schema emergence analysis: The conversation between Gina and Jon reveals a focus on personal experiences related to dance, including passion, career changes, and future projects. The discussion includes elements like dance styles, competitions, rehearsals, and business aspirations. These elements suggest the need for node types representing people, their passions, and activities. The edge types should reflect relationships like participation, inspiration, and collaboration.
2026-04-26 14:44:44,369 - Experiment - INFO - [conv-30] 🧠 Emergence declared stable at n=1
2026-04-26 14:44:44,369 - Experiment - INFO - [conv-30] 🧠 No schema proposals to apply from emergence.
2026-04-26 14:44:44,838 - Amadeus.Builder - WARNING - Schema rule proposal skipped: unsupported shape | raw="Use 'Person' for human participants in the graph."
2026-04-26 14:44:44,838 - Amadeus.Builder - WARNING - Schema rule proposal skipped: unsupported shape | raw="Use 'Entity' for non-human entities that are significant in the context."
2026-04-26 14:44:44,838 - Amadeus.Builder - WARNING - Schema rule proposal skipped: unsupported shape | raw="Use 'Location' for specific places mentioned."
2026-04-26 14:44:44,838 - Amadeus.Builder - WARNING - Schema rule proposal skipped: unsupported shape | raw="Use 'Activity' for actions or events people engage in."
2026-04-26 14:44:44,838 - Amadeus.Builder - WARNING - Schema rule proposal skipped: unsupported shape | raw="Use 'Goal' for aspirations or objectives discussed."
2026-04-26 14:44:44,838 - Amadeus.Builder - WARNING - Schema rule proposal skipped: unsupported shape | raw="Use 'Organization' for groups or institutions mentioned."
2026-04-26 14:44:44,839 - Amadeus.Builder - WARNING - Schema rule proposal skipped: unsupported shape | raw="Use 'ParticipatesIn' for involvement in activities or events."
2026-04-26 14:44:44,839 - Amadeus.Builder - WARNING - Schema rule proposal skipped: unsupported shape | raw="Use 'HasGoal' to link people to their goals."
2026-04-26 14:44:44,839 - Amadeus.Builder - WARNING - Schema rule proposal skipped: unsupported shape | raw="Use 'IsLocatedAt' to connect people or entities to locations."
2026-04-26 14:44:44,839 - Amadeus.Builder - WARNING - Schema rule proposal skipped: unsupported shape | raw="Use 'IsAssociatedWith' for relationships between people and organizations or entities."
2026-04-26 14:44:44,839 - Amadeus.Builder - WARNING - Schema rule proposal skipped: unsupported shape | raw="Use 'IsPartOf' to indicate membership or inclusion in a group or organization."
2026-04-26 14:44:44,839 - Amadeus.Builder - WARNING - Schema rule proposal skipped: unsupported shape | raw="Use 'Influences' to show how one entity affects another, such as how a goal influences actions."
2026-04-26 14:44:44,839 - Amadeus.Builder - INFO - 🧠 Schema emergence | stable=True | reason=The schema can be built with broad types that cover the discussed elements without overcomplicating. The conversation provides enough context to propose node and edge types that are general enough to be reusable across similar data. | node_types=[] | edge_types=[] | rules=[]
2026-04-26 14:44:44,839 - Amadeus.Builder - INFO - 🧠 Schema emergence analysis: The conversation between Maria and John reveals several key elements. They discuss personal activities (volunteering, fitness), career goals (politics), and community issues (education, infrastructure). There are mentions of specific locations (neighborhood), actions (volunteering, kickboxing), and relationships (community involvement). The conversation also includes a reference to a school photo, indicating a tangible entity. The interactions suggest relationships between people, their activities, goals, and the communities they engage with.
2026-04-26 14:44:44,839 - Experiment - INFO - [conv-41] 🧠 Emergence declared stable at n=1
2026-04-26 14:44:44,839 - Experiment - INFO - [conv-41] 🧠 No schema proposals to apply from emergence.
2026-04-26 14:44:53,545 - Amadeus.Builder - INFO - 🤔 Builder CoT: Step 1: The session context is 21 January 2022. The buffer contains dialogue between Nate and Joanna discussing their hobbies, projects, and movie recommendations. Step 2: Extract atomic facts: Nate won a video game tournament, the game is Counter-Strike: Global Offensive, Joanna recommends a romantic drama about memory and relationships, she watched it 3 years ago and owns a physical copy. Step 3: The graph is empty, so all facts are new. Step 4: Include all details like the game name, movie genre, and ownership of the physical copy.
2026-04-26 14:44:53,910 - Amadeus.Builder - INFO - 🔗 LINK: Nate --WON<RelationEdge>--> Counter-Strike: Global Offensive (Time: 2022-01-21)
2026-04-26 14:44:53,933 - Amadeus.Builder - INFO - 🔗 LINK: Joanna --RECOMMENDED<RelationEdge>--> Romantic drama about memory and relationships (Time: 2022-01-21)
2026-04-26 14:44:53,937 - Amadeus.Builder - INFO - 🔗 LINK: Joanna --OWNED<RelationEdge>--> Physical copy (Time: 2022-01-21)
2026-04-26 14:44:53,937 - Amadeus.Builder - INFO - 🔗 LINK: Joanna --WATCHED_3_YEARS_AGO<RelationEdge>--> Romantic drama about memory and relationships (Time: 2022-01-21)
2026-04-26 14:44:53,939 - Amadeus.Builder - INFO - 🧩 Builder schema proposals | nodes=['Person'] | edges=['RECOMMENDED', 'OWNED', 'WATCHED_3_YEARS_AGO', 'WON'] | rules=['TemporalNormalizationRule']
2026-04-26 14:44:53,939 - Amadeus.Builder - INFO - 🛠️ Builder execution summary | buffer_index=0 | replay=False | ops=4 | waits=0
2026-04-26 14:44:53,939 - Experiment - INFO - [conv-42] 🛠️ Executed buffer 1 under schema v0 | active_node_types=[] | active_edge_types=[] | active_rules=[]
2026-04-26 14:44:53,939 - Experiment - INFO - [conv-42] 🧩 Post-build schema proposals detected | node_types=['Person'] | edge_types=['RECOMMENDED', 'OWNED', 'WATCHED_3_YEARS_AGO', 'WON'] | rules=['TemporalNormalizationRule']
2026-04-26 14:44:54,106 - Experiment - INFO - [conv-42] 🧠 Schema state after post-build buffer 1 | changed=True | version=0->1 | n_selected=1 | active_node_types=[] | active_edge_types=[] | active_rules=['TemporalNormalizationRule']
2026-04-26 14:44:54,106 - Experiment - INFO - [conv-42] 🧭 Schema refined after buffer 1; rebuilding current buffer only.
2026-04-26 14:44:56,357 - Amadeus.Builder - INFO - 🤔 Builder CoT: Step 1: The session context is 8 May 2023. The buffer contains dialogue between Caroline and Melanie. Step 2: Extract facts about their conversation, including the support group, painting, and future plans. Step 3: Since the graph is empty, all facts are new and need to be added. Step 4: Include all details like the date, the group, the painting, and the activities.
2026-04-26 14:44:56,384 - Amadeus.Builder - INFO - 🔗 LINK: Caroline --ATTENDED<RelationEdge>--> LGBTQ Support Group (Time: 2023-05-08)
2026-04-26 14:44:56,405 - Amadeus.Builder - INFO - 🔗 LINK: Melanie --OWNED<RelationEdge>--> Painting (Time: 2023-05-08)
2026-04-26 14:44:56,416 - Amadeus.Builder - INFO - 🔗 LINK: Caroline --INTERESTED_IN<RelationEdge>--> Mental Health Career (Time: 2023-05-08)
2026-04-26 14:44:56,416 - Amadeus.Builder - INFO - 🔗 LINK: Caroline --FRIEND<RelationEdge>--> Melanie (Time: 2023-05-08)
2026-04-26 14:44:56,428 - Amadeus.Builder - INFO - 🔗 LINK: Melanie --PLANNED<RelationEdge>--> Swimming with Kids (Time: 2023-05-08)
2026-04-26 14:44:56,432 - Amadeus.Builder - INFO - 🔗 LINK: Caroline --PLANNED<RelationEdge>--> Research (Time: 2023-05-08)
2026-04-26 14:44:56,435 - Amadeus.Builder - INFO - 🧩 Builder schema proposals | nodes=['Person'] | edges=['INTERESTED_IN', 'OWNED', 'ATTENDED', 'FRIEND', 'PLANNED'] | rules=['Friendship Rule', 'Ownership Rule', 'Interest Rule', 'Event Attendance Rule', 'Planned Activity Rule']
2026-04-26 14:44:56,435 - Amadeus.Builder - INFO - 🛠️ Builder execution summary | buffer_index=0 | replay=False | ops=6 | waits=0
2026-04-26 14:44:56,435 - Experiment - INFO - [conv-26] 🛠️ Executed buffer 1 under schema v0 | active_node_types=[] | active_edge_types=[] | active_rules=[]
2026-04-26 14:44:56,435 - Experiment - INFO - [conv-26] 🧩 Post-build schema proposals detected | node_types=['Person'] | edge_types=['INTERESTED_IN', 'OWNED', 'ATTENDED', 'FRIEND', 'PLANNED'] | rules=['Friendship Rule', 'Ownership Rule', 'Interest Rule', 'Event Attendance Rule', 'Planned Activity Rule']
2026-04-26 14:44:56,539 - Experiment - INFO - [conv-26] 🧠 Schema state after post-build buffer 1 | changed=True | version=0->1 | n_selected=1 | active_node_types=[] | active_edge_types=[] | active_rules=['Friendship Rule', 'Ownership Rule', 'Interest Rule', 'Event Attendance Rule', 'Planned Activity Rule']
2026-04-26 14:44:56,539 - Experiment - INFO - [conv-26] 🧭 Schema refined after buffer 1; rebuilding current buffer only.
2026-04-26 14:44:58,337 - Amadeus.Builder - INFO - 🤔 Builder CoT: Step 1: The session context is 8 May 2023. All dialogues are set on this date. Step 2: Extract atomic facts. Caroline attended LGBTQ Support Group, expressed interest in Mental Health Career, is friends with Melanie, planned Research. Melanie owned a Painting, planned Swimming with Kids. Step 3: Check if these facts exist in the graph. All facts are already present. Step 4: No new facts, no contradictions, no ambiguities. No operations needed.
2026-04-26 14:44:58,339 - Amadeus.Builder - INFO - 🛠️ Builder execution summary | buffer_index=0 | replay=False | ops=0 | waits=0
2026-04-26 14:44:58,340 - Amadeus.Optimizer - INFO - ⚔️ Self-Play Start | Mode: iterative-retry, MaxRetries: 3
2026-04-26 14:45:00,571 - Amadeus.Questioner - INFO - Questioner CoT: First, I analyzed the buffer to identify key entities and relationships. I noticed that Caroline mentioned attending an LGBTQ support group and feeling accepted. Melanie then discussed painting and expressing feelings. I identified a potential multi-hop connection between the support group's purpose (emotional support) and Melanie's mention of painting as an expressive outlet. This connection allows testing if the system can link emotional support mechanisms with creative expression.
2026-04-26 14:45:00,571 - Amadeus.Optimizer - INFO - ⚔️ Question: What activity did Melanie suggest as an alternative form of emotional expression similar to the support group Caroline attended?
2026-04-26 14:45:00,571 - Amadeus.Optimizer - INFO - ⚔️ Ground Truth: Melanie suggested painting as an alternative form of emotional expression.
2026-04-26 14:45:00,571 - Amadeus.Optimizer - INFO - 🔄 Attempt 1/3
2026-04-26 14:45:00,571 - Amadeus.Answerer - INFO - ❓ Question: What activity did Melanie suggest as an alternative form of emotional expression similar to the support group Caroline attended?
2026-04-26 14:45:01,562 - Amadeus.Builder - INFO - 🤔 Builder CoT: Step 1: The session context is 2022-01-21. All relative time expressions will be normalized to this date. Step 2: The buffer contains dialogue between Nate and Joanna. The subject is primarily Joanna, as she is the one discussing her projects, hobbies, and movie recommendations. Step 3: The graph already contains some of the entities (Nate, Counter-Strike: Global Offensive, Joanna, Romantic drama about memory and relationships, Physical copy), but the new information includes details about Joanna's hobbies, the game Nate won, and the timing of her movie viewing. Step 4: The new facts include Joanna's hobbies, Nate's game win, and the timing of the movie viewing. These need to be added or updated in the graph.
2026-04-26 14:45:01,562 - Amadeus.Builder - INFO - 🔗 LINK: Nate --WON<RelationEdge>--> Counter-Strike: Global Offensive (Time: 2022-01-21)
2026-04-26 14:45:01,562 - Amadeus.Builder - INFO - 🔗 LINK: Joanna --RECOMMENDED<RelationEdge>--> Romantic drama about memory and relationships (Time: 2022-01-21)
2026-04-26 14:45:01,562 - Amadeus.Builder - INFO - 🔗 LINK: Joanna --OWNED<RelationEdge>--> Physical copy (Time: 2022-01-21)
2026-04-26 14:45:01,562 - Amadeus.Builder - INFO - 🔗 LINK: Joanna --WATCHED_3_YEARS_AGO<RelationEdge>--> Romantic drama about memory and relationships (Time: 2022-01-21)
2026-04-26 14:45:01,564 - Amadeus.Builder - INFO - 🧩 Builder schema proposals | nodes=[] | edges=[] | rules=['TemporalNormalizationRule']
2026-04-26 14:45:01,564 - Amadeus.Builder - INFO - 🛠️ Builder execution summary | buffer_index=0 | replay=False | ops=4 | waits=0
2026-04-26 14:45:01,564 - Amadeus.Optimizer - INFO - ⚔️ Self-Play Start | Mode: iterative-retry, MaxRetries: 3
2026-04-26 14:45:02,113 - Amadeus.Answerer - INFO - Step 2: SEARCH - {'tool': 'SEARCH', 'query': 'What activity did Melanie suggest as an alternative form of emotional expression similar to the support group Caroline attended?', 'mode': 'hybrid', 'entry_edge_ids': ['E1'], 'entry_nodes': ['Caroline', 'LGBTQ Support Group', 'Melanie', 'Mental Health Career', 'Research', 'Swimming with Kids', 'Painting']}
2026-04-26 14:45:02,113 - Amadeus.Answerer - INFO - walk_decision_raw={'tool': 'SEARCH', 'query': 'What activity did Melanie suggest as an alternative form of emotional expression similar to the support group Caroline attended?', 'mode': 'hybrid', 'entry_edge_ids': ['E1'], 'entry_nodes': ['Caroline', 'LGBTQ Support Group', 'Melanie', 'Mental Health Career', 'Research', 'Swimming with Kids', 'Painting']}
2026-04-26 14:45:03,117 - Amadeus.Answerer - INFO - evidence_pool_init=- Caroline attended LGBTQ Support Group on 2023-05-08
- Melanie is a friend of Caroline
- Melanie planned Swimming with Kids on 2023-05-08
- Melanie owned Painting on 2023-05-08
2026-04-26 14:45:03,667 - Amadeus.Answerer - INFO - Step 3: READ - {'tool': 'READ', 'answer': 'Melanie suggested Swimming with Kids as an alternative form of emotional expression similar to the LGBTQ Support Group Caroline attended.'}
2026-04-26 14:45:03,668 - Amadeus.Answerer - INFO - walk_decision_raw={'tool': 'READ', 'answer': 'Melanie suggested Swimming with Kids as an alternative form of emotional expression similar to the LGBTQ Support Group Caroline attended.'}
2026-04-26 14:45:03,668 - Amadeus.Answerer - INFO - read_triggered_by=llm_decision
2026-04-26 14:45:03,668 - Amadeus.Optimizer - INFO - 🔄 Attempt 1 | Prediction: Melanie suggested Swimming with Kids as an alternative form of emotional expression similar to the LGBTQ Support Group Caroline attended.
2026-04-26 14:45:04,018 - Amadeus.Questioner - INFO - Questioner CoT: First, I analyzed the buffer to identify key entities, events, and relationships. I noticed that Joanna mentions a romantic drama about memory and relationships, which she has watched multiple times and owns a physical copy of. This provides a basis for an IMPLICIT_INFER question about her emotional connection to the movie. The question can explore her feelings towards the film based on her repeated viewings and ownership of the copy.
2026-04-26 14:45:04,028 - Amadeus.Optimizer - INFO - ⚔️ Question: What does Joanna's repeated viewings and ownership of the physical copy suggest about her feelings towards the movie?
2026-04-26 14:45:04,028 - Amadeus.Optimizer - INFO - ⚔️ Ground Truth: Joanna's repeated viewings and ownership of the physical copy suggest she has a strong emotional connection and appreciation for the movie.
2026-04-26 14:45:04,028 - Amadeus.Optimizer - INFO - 🔄 Attempt 1/3
2026-04-26 14:45:04,028 - Amadeus.Answerer - INFO - ❓ Question: What does Joanna's repeated viewings and ownership of the physical copy suggest about her feelings towards the movie?
2026-04-26 14:45:05,495 - Amadeus.Answerer - INFO - Step 2: SEARCH - {'tool': 'SEARCH', 'query': "What does Joanna's repeated viewings and ownership of the physical copy suggest about her feelings towards the movie?", 'mode': 'hybrid', 'entry_edge_ids': ['E1', 'E2'], 'entry_nodes': ['Joanna', 'Romantic drama about memory and relationships', 'Physical copy']}
2026-04-26 14:45:05,495 - Amadeus.Answerer - INFO - walk_decision_raw={'tool': 'SEARCH', 'query': "What does Joanna's repeated viewings and ownership of the physical copy suggest about her feelings towards the movie?", 'mode': 'hybrid', 'entry_edge_ids': ['E1', 'E2'], 'entry_nodes': ['Joanna', 'Romantic drama about memory and relationships', 'Physical copy']}
2026-04-26 14:45:06,102 - Amadeus.Answerer - INFO - evidence_pool_init=- Joanna owned the physical copy on 2022-01-21
- Joanna watched the romantic drama about memory and relationships 3 years ago
2026-04-26 14:45:06,831 - Amadeus.Answerer - INFO - Step 3: READ - {'tool': 'READ', 'answer': "Joanna's repeated viewings and ownership of the physical copy suggest she has a strong emotional connection to the movie, indicating deep appreciation or personal significance, as evidenced by her long-term engagement with the film."}
2026-04-26 14:45:06,831 - Amadeus.Answerer - INFO - walk_decision_raw={'tool': 'READ', 'answer': "Joanna's repeated viewings and ownership of the physical copy suggest she has a strong emotional connection to the movie, indicating deep appreciation or personal significance, as evidenced by her long-term engagement with the film."}
2026-04-26 14:45:06,832 - Amadeus.Answerer - INFO - read_triggered_by=llm_decision
2026-04-26 14:45:06,832 - Amadeus.Optimizer - INFO - 🔄 Attempt 1 | Prediction: Joanna's repeated viewings and ownership of the physical copy suggest she has a strong emotional connection to the movie, indicating deep appreciation or personal significance, as evidenced by her lon
2026-04-26 14:45:07,054 - Amadeus.Optimizer - ERROR - Evaluate attempt failed: 'AdversarialOptimizer' object has no attribute '_parse_json_content'
2026-04-26 14:45:07,054 - Amadeus.Optimizer - WARNING - ❌ Attempt 1 FAIL | Blame: UNKNOWN | ErrorCat: llm_error | Reason: 'AdversarialOptimizer' object has no attribute '_parse_json_content'
2026-04-26 14:45:07,054 - Amadeus.Optimizer - INFO - 🔄 Attempt 2/3
2026-04-26 14:45:07,054 - Amadeus.Answerer - INFO - ❓ Question: What activity did Melanie suggest as an alternative form of emotional expression similar to the support group Caroline attended?
2026-04-26 14:45:07,872 - Amadeus.Builder - INFO - 🤔 Builder CoT: Step 1: The session context is 20 January 2023. The buffer contains a conversation between Gina and Jon discussing their job losses, passion for dance, and plans to start a dance studio and perform at a festival. Step 2: Extract atomic facts: Jon lost his job, plans to start a dance studio, Gina lost her job, they plan to attend a dance class, discuss dance styles, mention a dance competition, and plan to perform at a festival. Step 3: The graph is empty, so all facts are new. Step 4: Capture all details including names, dates, and specific dance styles.
2026-04-26 14:45:07,893 - Amadeus.Builder - INFO - 🔗 LINK: Jon --LOST<RelationEdge>--> Job (Time: 2023-01-20)
2026-04-26 14:45:07,905 - Amadeus.Builder - INFO - 🔗 LINK: Jon --STARTING_DANCE_STUDIO<RelationEdge>--> BusinessPlan (Time: 2023-01-20)
2026-04-26 14:45:07,909 - Amadeus.Builder - INFO - 🔗 LINK: Gina --LOST<RelationEdge>--> Job (Time: 2023-01-20)
2026-04-26 14:45:07,920 - Amadeus.Builder - INFO - 🔗 LINK: Jon --CONTEMPORARY<RelationEdge>--> DanceStyle (Time: 2023-01-20)
2026-04-26 14:45:07,920 - Amadeus.Builder - INFO - 🔗 LINK: Gina --CONTEMPORARY<RelationEdge>--> DanceStyle (Time: 2023-01-20)
2026-04-26 14:45:07,932 - Amadeus.Builder - INFO - 🔗 LINK: Jon --WON_COMPETITION<RelationEdge>--> DanceCrew (Time: 2022-01-01)
2026-04-26 14:45:07,936 - Amadeus.Builder - INFO - 🔗 LINK: Gina --WON_COMPETITION<RelationEdge>--> DanceTeam (Time: 2015-01-01)
2026-04-26 14:45:07,947 - Amadeus.Builder - INFO - 🔗 LINK: Jon --CHOREOGRAPHY_COMPLETED<RelationEdge>--> FestivalPerformance (Time: 2023-01-20)
2026-04-26 14:45:07,947 - Amadeus.Builder - INFO - 🔗 LINK: Jon --PERFORMING<RelationEdge>--> FestivalPerformance (Time: 2023-01-20)
2026-04-26 14:45:07,947 - Amadeus.Builder - INFO - 🔗 LINK: Gina --WITNESSING<RelationEdge>--> FestivalPerformance (Time: 2023-01-20)
2026-04-26 14:45:07,950 - Amadeus.Builder - INFO - 🧩 Builder schema proposals | nodes=['Person', 'Job', 'DanceStyle', 'FestivalPerformance', 'DanceCrew'] | edges=['LOST', 'STARTING_DANCE_STUDIO', 'FAVORITE_STYLE', 'WON_COMPETITION', 'CHOREOGRAPHY_COMPLETED', 'PERFORMING', 'WITNESSING'] | rules=['JobLossRule', 'DanceStyleRule', 'CompetitionWinRule', 'FestivalPerformanceRule', 'ChoreographyRule']
2026-04-26 14:45:07,950 - Amadeus.Builder - INFO - 🛠️ Builder execution summary | buffer_index=0 | replay=False | ops=10 | waits=0
2026-04-26 14:45:07,950 - Experiment - INFO - [conv-30] 🛠️ Executed buffer 1 under schema v0 | active_node_types=[] | active_edge_types=[] | active_rules=[]
2026-04-26 14:45:07,950 - Experiment - INFO - [conv-30] 🧩 Post-build schema proposals detected | node_types=['Person', 'Job', 'DanceStyle', 'FestivalPerformance', 'DanceCrew'] | edge_types=['LOST', 'STARTING_DANCE_STUDIO', 'FAVORITE_STYLE', 'WON_COMPETITION', 'CHOREOGRAPHY_COMPLETED', 'PERFORMING', 'WITNESSING'] | rules=['JobLossRule', 'DanceStyleRule', 'CompetitionWinRule', 'FestivalPerformanceRule', 'ChoreographyRule']
2026-04-26 14:45:08,627 - Amadeus.Answerer - INFO - Step 2: SEARCH - {'tool': 'SEARCH', 'query': 'What activity did Melanie suggest as an alternative form of emotional expression similar to the support group Caroline attended?', 'mode': 'hybrid', 'entry_edge_ids': ['E1'], 'entry_nodes': ['Caroline', 'LGBTQ Support Group', 'Melanie', 'Mental Health Career', 'Research', 'Swimming with Kids', 'Painting']}
2026-04-26 14:45:08,627 - Amadeus.Answerer - INFO - walk_decision_raw={'tool': 'SEARCH', 'query': 'What activity did Melanie suggest as an alternative form of emotional expression similar to the support group Caroline attended?', 'mode': 'hybrid', 'entry_edge_ids': ['E1'], 'entry_nodes': ['Caroline', 'LGBTQ Support Group', 'Melanie', 'Mental Health Career', 'Research', 'Swimming with Kids', 'Painting']}
2026-04-26 14:45:09,624 - Amadeus.Answerer - INFO - evidence_pool_init=- Caroline attended LGBTQ Support Group on 2023-05-08
- Melanie is a friend of Caroline
- Melanie planned Swimming with Kids on 2023-05-08
- Melanie owned Painting on 2023-05-08
2026-04-26 14:45:10,140 - Amadeus.Answerer - INFO - Step 3: READ - {'tool': 'READ', 'answer': 'Melanie suggested Swimming with Kids as an alternative form of emotional expression similar to the LGBTQ Support Group Caroline attended.'}
2026-04-26 14:45:10,140 - Amadeus.Answerer - INFO - walk_decision_raw={'tool': 'READ', 'answer': 'Melanie suggested Swimming with Kids as an alternative form of emotional expression similar to the LGBTQ Support Group Caroline attended.'}
2026-04-26 14:45:10,140 - Amadeus.Answerer - INFO - read_triggered_by=llm_decision
2026-04-26 14:45:10,140 - Amadeus.Optimizer - INFO - 🔄 Attempt 2 | Prediction: Melanie suggested Swimming with Kids as an alternative form of emotional expression similar to the LGBTQ Support Group Caroline attended.
2026-04-26 14:45:10,539 - Amadeus.Builder - INFO - 🤔 Builder CoT: Step 1: The session context is 2023-05-21. The buffer contains dialogue between John and Tim discussing their respective activities. Step 2: Extract atomic facts: John signed with Minnesota Wolves, is a shooting guard, has a season opener next week, aims to improve shooting percentage, faced challenges fitting into team style, and is having fun with the team. Tim is working on a Harry Potter fan project, discussed collaborations, visited London's Potter sites, and plans to explore them.
2026-04-26 14:45:10,563 - Amadeus.Builder - INFO - 🔗 LINK: John --SIGNED_WITH<RelationEdge>--> Minnesota Wolves (Time: 2023-05-21)
2026-04-26 14:45:10,576 - Amadeus.Builder - INFO - 🔗 LINK: John --PLAYS_AS<RelationEdge>--> Shooting Guard (Time: 2023-05-21)
2026-04-26 14:45:10,587 - Amadeus.Builder - INFO - 🔗 LINK: John --HAS<RelationEdge>--> Season Opener (Time: 2023-05-21)
2026-04-26 14:45:10,598 - Amadeus.Builder - INFO - 🔗 LINK: John --GOAL<RelationEdge>--> Improve Shooting Percentage (Time: 2023-05-21)
2026-04-26 14:45:10,609 - Amadeus.Builder - INFO - 🔗 LINK: John --CHALLENGE<RelationEdge>--> Fitting into Team Style (Time: 2023-05-21)
2026-04-26 14:45:10,621 - Amadeus.Builder - INFO - 🔗 LINK: John --FUN<RelationEdge>--> Team (Time: 2023-05-21)
2026-04-26 14:45:10,636 - Amadeus.Builder - INFO - 🔗 LINK: Tim --WORKING_ON<RelationEdge>--> Harry Potter Fan Project (Time: 2023-05-21)
2026-04-26 14:45:10,647 - Amadeus.Builder - INFO - 🔗 LINK: Tim --DISCUSSING<RelationEdge>--> Collaborations (Time: 2023-05-21)
2026-04-26 14:45:10,652 - Amadeus.Builder - INFO - 🔗 LINK: Tim --VISITED<RelationEdge>--> London (Time: 2023-05-21)
2026-04-26 14:45:10,663 - Amadeus.Builder - INFO - 🔗 LINK: Tim --PLANS_TO_EXPLORE<RelationEdge>--> Harry Potter Places (Time: 2023-05-21)
2026-04-26 14:45:10,674 - Amadeus.Builder - INFO - 🔗 LINK: Tim --TALKED_TO<RelationEdge>--> Friend (Time: 2023-05-21)
2026-04-26 14:45:10,679 - Amadeus.Builder - INFO - 🧩 Builder schema proposals | nodes=['Person', 'Team', 'Project', 'Location', 'Goal', 'Challenge', 'Experience'] | edges=['SIGNED_WITH', 'PLAYS_AS', 'HAS', 'GOAL', 'CHALLENGE', 'FUN', 'WORKING_ON', 'DISCUSSING', 'VISITED', 'PLANS_TO_EXPLORE', 'TALKED_TO'] | rules=['TemporalNormalizationRule', 'SubjectResolutionRule', 'MinimalismRule', 'AmbiguityAversionRule', 'CompletenessRule']
2026-04-26 14:45:10,679 - Amadeus.Builder - INFO - 🛠️ Builder execution summary | buffer_index=0 | replay=False | ops=11 | waits=0
2026-04-26 14:45:10,679 - Experiment - INFO - [conv-43] 🛠️ Executed buffer 1 under schema v0 | active_node_types=[] | active_edge_types=[] | active_rules=[]
2026-04-26 14:45:10,679 - Experiment - INFO - [conv-43] 🧩 Post-build schema proposals detected | node_types=['Person', 'Team', 'Project', 'Location', 'Goal', 'Challenge', 'Experience'] | edge_types=['SIGNED_WITH', 'PLAYS_AS', 'HAS', 'GOAL', 'CHALLENGE', 'FUN', 'WORKING_ON', 'DISCUSSING', 'VISITED', 'PLANS_TO_EXPLORE', 'TALKED_TO'] | rules=['TemporalNormalizationRule', 'SubjectResolutionRule', 'MinimalismRule', 'AmbiguityAversionRule', 'CompletenessRule']
2026-04-26 14:45:10,820 - Experiment - INFO - [conv-43] 🧠 Schema state after post-build buffer 1 | changed=True | version=0->1 | n_selected=1 | active_node_types=[] | active_edge_types=[] | active_rules=['TemporalNormalizationRule', 'SubjectResolutionRule', 'MinimalismRule', 'AmbiguityAversionRule', 'CompletenessRule']
2026-04-26 14:45:10,820 - Experiment - INFO - [conv-43] 🧭 Schema refined after buffer 1; rebuilding current buffer only.
2026-04-26 14:45:10,878 - Amadeus.Optimizer - ERROR - Evaluate attempt failed: 'AdversarialOptimizer' object has no attribute '_parse_json_content'
2026-04-26 14:45:10,879 - Amadeus.Optimizer - WARNING - ❌ Attempt 1 FAIL | Blame: UNKNOWN | ErrorCat: llm_error | Reason: 'AdversarialOptimizer' object has no attribute '_parse_json_content'
2026-04-26 14:45:10,879 - Amadeus.Optimizer - INFO - 🔄 Attempt 2/3
2026-04-26 14:45:10,879 - Amadeus.Answerer - INFO - ❓ Question: What does Joanna's repeated viewings and ownership of the physical copy suggest about her feelings towards the movie?
2026-04-26 14:45:12,368 - Amadeus.Answerer - INFO - Step 2: SEARCH - {'tool': 'SEARCH', 'query': "What does Joanna's repeated viewings and ownership of the physical copy suggest about her feelings towards the movie?", 'mode': 'hybrid', 'entry_edge_ids': ['E1', 'E2'], 'entry_nodes': ['Joanna', 'Romantic drama about memory and relationships', 'Physical copy']}
2026-04-26 14:45:12,368 - Amadeus.Answerer - INFO - walk_decision_raw={'tool': 'SEARCH', 'query': "What does Joanna's repeated viewings and ownership of the physical copy suggest about her feelings towards the movie?", 'mode': 'hybrid', 'entry_edge_ids': ['E1', 'E2'], 'entry_nodes': ['Joanna', 'Romantic drama about memory and relationships', 'Physical copy']}
2026-04-26 14:45:12,965 - Amadeus.Answerer - INFO - evidence_pool_init=- Joanna owned the physical copy on 2022-01-21
- Joanna watched the romantic drama about memory and relationships 3 years ago
2026-04-26 14:45:13,280 - Amadeus.Builder - INFO - 🤔 Builder CoT: Step 1: The session context is 2023-05-21. All dialogues are set on this date. Step 2: Extract atomic facts from the buffer. John signed with Minnesota Wolves, plays as Shooting Guard, has Season Opener, goal is Improve Shooting Percentage, challenge is Fitting into Team Style, and FUN with Team. Tim is working on Harry Potter Fan Project, discussing Collaborations, visited London, plans to explore Harry Potter Places, and talked to Friend. Step 3: Check if these facts exist in the graph. All facts are already present, so no need to add. Step 4: Ensure no key details are missing. All specific details (team name, position, event, etc.) are captured.
2026-04-26 14:45:13,285 - Amadeus.Builder - INFO - 🛠️ Builder execution summary | buffer_index=0 | replay=False | ops=0 | waits=0
2026-04-26 14:45:13,285 - Amadeus.Optimizer - INFO - ⚔️ Self-Play Start | Mode: iterative-retry, MaxRetries: 3
2026-04-26 14:45:13,689 - Amadeus.Answerer - INFO - Step 3: READ - {'tool': 'READ', 'answer': "Joanna's repeated viewings and ownership of the physical copy suggest she has a strong emotional connection to the movie, indicating deep appreciation or personal significance, as evidenced by her long-term engagement with the film."}
2026-04-26 14:45:13,689 - Amadeus.Answerer - INFO - walk_decision_raw={'tool': 'READ', 'answer': "Joanna's repeated viewings and ownership of the physical copy suggest she has a strong emotional connection to the movie, indicating deep appreciation or personal significance, as evidenced by her long-term engagement with the film."}
2026-04-26 14:45:13,689 - Amadeus.Answerer - INFO - read_triggered_by=llm_decision
2026-04-26 14:45:13,689 - Amadeus.Optimizer - INFO - 🔄 Attempt 2 | Prediction: Joanna's repeated viewings and ownership of the physical copy suggest she has a strong emotional connection to the movie, indicating deep appreciation or personal significance, as evidenced by her lon
2026-04-26 14:45:13,891 - Amadeus.Optimizer - ERROR - Evaluate attempt failed: 'AdversarialOptimizer' object has no attribute '_parse_json_content'
2026-04-26 14:45:13,891 - Amadeus.Optimizer - WARNING - ❌ Attempt 2 FAIL | Blame: UNKNOWN | ErrorCat: llm_error | Reason: 'AdversarialOptimizer' object has no attribute '_parse_json_content'
2026-04-26 14:45:13,891 - Amadeus.Optimizer - INFO - 🔄 Attempt 3/3
2026-04-26 14:45:13,891 - Amadeus.Answerer - INFO - ❓ Question: What activity did Melanie suggest as an alternative form of emotional expression similar to the support group Caroline attended?
2026-04-26 14:45:15,298 - Amadeus.Questioner - INFO - Questioner CoT: First, I analyzed the buffer to identify key entities and relationships. I noticed that Tim mentions going to a place in London related to Harry Potter and describes it as feeling like a Harry Potter movie. This implies a strong emotional connection and vivid imagery. The question should infer the emotional impact of this experience on Tim.
2026-04-26 14:45:15,299 - Amadeus.Optimizer - INFO - ⚔️ Question: How did Tim feel about visiting the Harry Potter-themed place in London?
2026-04-26 14:45:15,299 - Amadeus.Optimizer - INFO - ⚔️ Ground Truth: Tim described the experience as amazing and mentioned it was like walking into a Harry Potter movie, indicating a positive and immersive emotional reaction.
2026-04-26 14:45:15,299 - Amadeus.Optimizer - INFO - 🔄 Attempt 1/3
2026-04-26 14:45:15,299 - Amadeus.Answerer - INFO - ❓ Question: How did Tim feel about visiting the Harry Potter-themed place in London?
2026-04-26 14:45:15,394 - Amadeus.Answerer - INFO - Step 2: SEARCH - {'tool': 'SEARCH', 'query': 'What activity did Melanie suggest as an alternative form of emotional expression similar to the support group Caroline attended?', 'mode': 'hybrid', 'entry_edge_ids': ['E1'], 'entry_nodes': ['Caroline', 'LGBTQ Support Group', 'Melanie', 'Mental Health Career', 'Research', 'Swimming with Kids', 'Painting']}
2026-04-26 14:45:15,394 - Amadeus.Answerer - INFO - walk_decision_raw={'tool': 'SEARCH', 'query': 'What activity did Melanie suggest as an alternative form of emotional expression similar to the support group Caroline attended?', 'mode': 'hybrid', 'entry_edge_ids': ['E1'], 'entry_nodes': ['Caroline', 'LGBTQ Support Group', 'Melanie', 'Mental Health Career', 'Research', 'Swimming with Kids', 'Painting']}
2026-04-26 14:45:16,439 - Amadeus.Answerer - INFO - Step 2: SEARCH - {'tool': 'SEARCH', 'query': 'How did Tim feel about visiting the Harry Potter-themed place in London?', 'mode': 'hybrid', 'entry_edge_ids': ['E1'], 'entry_nodes': ['Harry Potter Places', 'London', 'Tim']}
2026-04-26 14:45:16,440 - Amadeus.Answerer - INFO - evidence_pool_init=- Caroline attended LGBTQ Support Group on 2023-05-08
- Melanie is a friend of Caroline
- Melanie planned Swimming with Kids on 2023-05-08
- Melanie owned Painting on 2023-05-08
2026-04-26 14:45:16,440 - Amadeus.Answerer - INFO - walk_decision_raw={'tool': 'SEARCH', 'query': 'How did Tim feel about visiting the Harry Potter-themed place in London?', 'mode': 'hybrid', 'entry_edge_ids': ['E1'], 'entry_nodes': ['Harry Potter Places', 'London', 'Tim']}
2026-04-26 14:45:16,955 - Amadeus.Answerer - INFO - Step 3: READ - {'tool': 'READ', 'answer': 'Melanie suggested Swimming with Kids as an alternative form of emotional expression similar to the LGBTQ Support Group Caroline attended.'}
2026-04-26 14:45:16,956 - Amadeus.Answerer - INFO - walk_decision_raw={'tool': 'READ', 'answer': 'Melanie suggested Swimming with Kids as an alternative form of emotional expression similar to the LGBTQ Support Group Caroline attended.'}
2026-04-26 14:45:16,956 - Amadeus.Answerer - INFO - read_triggered_by=llm_decision
2026-04-26 14:45:16,956 - Amadeus.Optimizer - INFO - 🔄 Attempt 3 | Prediction: Melanie suggested Swimming with Kids as an alternative form of emotional expression similar to the LGBTQ Support Group Caroline attended.
2026-04-26 14:45:17,156 - Amadeus.Answerer - INFO - evidence_pool_init=- Tim PLANS_TO_EXPLORE Harry Potter Places at 2023-05-21
- Tim VISITED London at 2023-05-21
2026-04-26 14:45:17,808 - Amadeus.Answerer - INFO - Step 3: READ - {'tool': 'READ', 'answer': 'Based on the evidence, Tim planned to explore Harry Potter places, but there is no direct information about his feelings towards visiting the Harry Potter-themed place in London.'}
2026-04-26 14:45:17,808 - Amadeus.Answerer - INFO - walk_decision_raw={'tool': 'READ', 'answer': 'Based on the evidence, Tim planned to explore Harry Potter places, but there is no direct information about his feelings towards visiting the Harry Potter-themed place in London.'}
2026-04-26 14:45:17,808 - Amadeus.Answerer - INFO - read_triggered_by=llm_decision
2026-04-26 14:45:17,809 - Amadeus.Optimizer - INFO - 🔄 Attempt 1 | Prediction: Based on the evidence, Tim planned to explore Harry Potter places, but there is no direct information about his feelings towards visiting the Harry Potter-themed place in London.
2026-04-26 14:45:17,867 - Amadeus.Optimizer - ERROR - Evaluate attempt failed: 'AdversarialOptimizer' object has no attribute '_parse_json_content'
2026-04-26 14:45:17,867 - Amadeus.Optimizer - WARNING - ❌ Attempt 2 FAIL | Blame: UNKNOWN | ErrorCat: llm_error | Reason: 'AdversarialOptimizer' object has no attribute '_parse_json_content'
2026-04-26 14:45:17,867 - Amadeus.Optimizer - INFO - 🔄 Attempt 3/3
2026-04-26 14:45:17,867 - Amadeus.Answerer - INFO - ❓ Question: What does Joanna's repeated viewings and ownership of the physical copy suggest about her feelings towards the movie?
2026-04-26 14:45:19,345 - Amadeus.Answerer - INFO - Step 2: SEARCH - {'tool': 'SEARCH', 'query': "What does Joanna's repeated viewings and ownership of the physical copy suggest about her feelings towards the movie?", 'mode': 'hybrid', 'entry_edge_ids': ['E1', 'E2'], 'entry_nodes': ['Joanna', 'Romantic drama about memory and relationships', 'Physical copy']}
2026-04-26 14:45:19,391 - Amadeus.Answerer - INFO - walk_decision_raw={'tool': 'SEARCH', 'query': "What does Joanna's repeated viewings and ownership of the physical copy suggest about her feelings towards the movie?", 'mode': 'hybrid', 'entry_edge_ids': ['E1', 'E2'], 'entry_nodes': ['Joanna', 'Romantic drama about memory and relationships', 'Physical copy']}
2026-04-26 14:45:19,990 - Amadeus.Answerer - INFO - evidence_pool_init=- Joanna owned the physical copy on 2022-01-21
- Joanna watched the romantic drama about memory and relationships 3 years ago
2026-04-26 14:45:20,261 - Amadeus.Builder - INFO - 🔍 Schema review results | node:Person->keep(Person); node:Job->keep(Job); node:DanceStyle->keep(DanceStyle); node:FestivalPerformance->merge(Entity); node:DanceCrew->merge(Entity); edge:LOST->generalize(RelationEdge); edge:STARTING_DANCE_STUDIO->generalize(RelationEdge); edge:FAVORITE_STYLE->generalize(RelationEdge); edge:WON_COMPETITION->generalize(RelationEdge); edge:CHOREOGRAPHY_COMPLETED->generalize(RelationEdge); edge:PERFORMING->generalize(RelationEdge); edge:WITNESSING->generalize(RelationEdge); rule:JobLossRule->keep(JobLossRule); rule:DanceStyleRule->keep(DanceStyleRule); rule:CompetitionWinRule->keep(CompetitionWinRule); rule:FestivalPerformanceRule->keep(FestivalPerformanceRule); rule:ChoreographyRule->keep(ChoreographyRule)
2026-04-26 14:45:20,262 - Experiment - INFO - [conv-30] 🧠 Schema state after post-build buffer 1 | changed=True | version=0->1 | n_selected=1 | active_node_types=['Person', 'Job', 'DanceStyle', 'Entity'] | active_edge_types=['RelationEdge'] | active_rules=['JobLossRule', 'DanceStyleRule', 'CompetitionWinRule', 'FestivalPerformanceRule', 'ChoreographyRule']
2026-04-26 14:45:20,262 - Experiment - INFO - [conv-30] 🧭 Schema refined after buffer 1; rebuilding current buffer only.
2026-04-26 14:45:20,523 - Amadeus.Optimizer - ERROR - Evaluate attempt failed: 'AdversarialOptimizer' object has no attribute '_parse_json_content'
2026-04-26 14:45:20,524 - Amadeus.Optimizer - WARNING - ❌ Attempt 3 FAIL | Blame: UNKNOWN | ErrorCat: llm_error | Reason: 'AdversarialOptimizer' object has no attribute '_parse_json_content'
2026-04-26 14:45:20,524 - Amadeus.Optimizer - INFO - ⚔️ Self-Play End | Attempts: 3 | Final: FAIL | Experiences Total: 0
2026-04-26 14:45:20,524 - Experiment - INFO - [conv-26] 🔄 Flush Triggered at chunk 2. Processing Buffer...
2026-04-26 14:45:20,524 - Experiment - INFO - [conv-26] 🧠 Starting schema emergence over first up to 2 flushed buffers.
2026-04-26 14:45:20,524 - Experiment - INFO - [conv-26] 🧠 Emergence attempt with n=1
2026-04-26 14:45:20,817 - Amadeus.Answerer - INFO - Step 3: READ - {'tool': 'READ', 'answer': "Joanna's repeated viewings and ownership of the physical copy suggest she has a strong emotional connection to the movie, indicating deep appreciation or personal significance, as evidenced by her long-term engagement with the film."}
2026-04-26 14:45:20,817 - Amadeus.Answerer - INFO - walk_decision_raw={'tool': 'READ', 'answer': "Joanna's repeated viewings and ownership of the physical copy suggest she has a strong emotional connection to the movie, indicating deep appreciation or personal significance, as evidenced by her long-term engagement with the film."}
2026-04-26 14:45:20,817 - Amadeus.Answerer - INFO - read_triggered_by=llm_decision
2026-04-26 14:45:20,817 - Amadeus.Optimizer - INFO - 🔄 Attempt 3 | Prediction: Joanna's repeated viewings and ownership of the physical copy suggest she has a strong emotional connection to the movie, indicating deep appreciation or personal significance, as evidenced by her lon
2026-04-26 14:45:22,070 - Amadeus.Optimizer - ERROR - Evaluate attempt failed: 'AdversarialOptimizer' object has no attribute '_parse_json_content'
2026-04-26 14:45:22,070 - Amadeus.Optimizer - WARNING - ❌ Attempt 1 FAIL | Blame: UNKNOWN | ErrorCat: llm_error | Reason: 'AdversarialOptimizer' object has no attribute '_parse_json_content'
2026-04-26 14:45:22,070 - Amadeus.Optimizer - INFO - 🔄 Attempt 2/3
2026-04-26 14:45:22,070 - Amadeus.Answerer - INFO - ❓ Question: How did Tim feel about visiting the Harry Potter-themed place in London?
2026-04-26 14:45:23,063 - Amadeus.Optimizer - ERROR - Evaluate attempt failed: 'AdversarialOptimizer' object has no attribute '_parse_json_content'
2026-04-26 14:45:23,063 - Amadeus.Optimizer - WARNING - ❌ Attempt 3 FAIL | Blame: UNKNOWN | ErrorCat: llm_error | Reason: 'AdversarialOptimizer' object has no attribute '_parse_json_content'
2026-04-26 14:45:23,063 - Amadeus.Optimizer - INFO - ⚔️ Self-Play End | Attempts: 3 | Final: FAIL | Experiences Total: 0
2026-04-26 14:45:23,063 - Experiment - INFO - [conv-42] 🔄 Flush Triggered at chunk 2. Processing Buffer...
2026-04-26 14:45:23,063 - Experiment - INFO - [conv-42] 🧠 Starting schema emergence over first up to 2 flushed buffers.
2026-04-26 14:45:23,063 - Experiment - INFO - [conv-42] 🧠 Emergence attempt with n=1
2026-04-26 14:45:23,187 - Amadeus.Answerer - INFO - Step 2: SEARCH - {'tool': 'SEARCH', 'query': 'How did Tim feel about visiting the Harry Potter-themed place in London?', 'mode': 'hybrid', 'entry_edge_ids': ['E1'], 'entry_nodes': ['Tim', 'Harry Potter Places', 'London']}
2026-04-26 14:45:23,188 - Amadeus.Answerer - INFO - walk_decision_raw={'tool': 'SEARCH', 'query': 'How did Tim feel about visiting the Harry Potter-themed place in London?', 'mode': 'hybrid', 'entry_edge_ids': ['E1'], 'entry_nodes': ['Tim', 'Harry Potter Places', 'London']}
2026-04-26 14:45:23,606 - Amadeus.Builder - WARNING - Schema rule proposal skipped: unsupported shape | raw={"rule": "If a person creates an item or artwork, create a CREATES relationship.", "examples": ["Melanie painted a lake sunrise."]}
2026-04-26 14:45:23,606 - Amadeus.Builder - INFO - 🧠 Schema emergence | stable=True | reason=The schema can be stabilized with the addition of Person, CareerField, and Activity as node types, and CREATES as an edge type. The existing rules cover the main relationships observed in the buffer. | node_types=[] | edge_types=[] | rules=[]
2026-04-26 14:45:23,606 - Amadeus.Builder - INFO - 🧠 Schema emergence analysis: The conversation between Caroline and Melanie reveals interactions centered around personal experiences, interests, and activities. There are mentions of attending a support group, discussing career aspirations, and sharing personal hobbies like painting. These interactions suggest potential node types such as Person, CareerField, and Activity. Edge types could include INTERESTED_IN, ATTENDED, and CREATES. The existing builder rules are sufficient for the current context, but additional rules may be needed to capture the nuances of the conversation.
2026-04-26 14:45:23,606 - Experiment - INFO - [conv-26] 🧠 Emergence declared stable at n=1
2026-04-26 14:45:23,606 - Experiment - INFO - [conv-26] 🧠 No schema proposals to apply from emergence.
2026-04-26 14:45:23,895 - Amadeus.Answerer - INFO - evidence_pool_init=- Tim PLANS_TO_EXPLORE Harry Potter Places at 2023-05-21
- Tim VISITED London at 2023-05-21
2026-04-26 14:45:24,504 - Amadeus.Answerer - INFO - Step 3: READ - {'tool': 'READ', 'answer': 'Based on the evidence, Tim planned to explore Harry Potter places, but there is no direct information about his feelings towards visiting the Harry Potter-themed place in London.'}
2026-04-26 14:45:24,504 - Amadeus.Answerer - INFO - walk_decision_raw={'tool': 'READ', 'answer': 'Based on the evidence, Tim planned to explore Harry Potter places, but there is no direct information about his feelings towards visiting the Harry Potter-themed place in London.'}
2026-04-26 14:45:24,505 - Amadeus.Answerer - INFO - read_triggered_by=llm_decision
2026-04-26 14:45:24,505 - Amadeus.Optimizer - INFO - 🔄 Attempt 2 | Prediction: Based on the evidence, Tim planned to explore Harry Potter places, but there is no direct information about his feelings towards visiting the Harry Potter-themed place in London.
2026-04-26 14:45:27,658 - Amadeus.Builder - INFO - 🧠 Schema emergence | stable=True | reason=The schema can be stabilized with general node types and edge types that cover the conversation's content without over-specialization. The conversation focuses on personal interests and interactions, which can be represented with broad types like Person and Interest. The temporal reference can be handled with a normalization rule. | node_types=[] | edge_types=[] | rules=['TemporalNormalizationRule', 'EntityResolutionRule']
2026-04-26 14:45:27,658 - Amadeus.Builder - INFO - 🧠 Schema emergence analysis: The conversation between Nate and Joanna reveals interactions around hobbies, interests, and shared experiences. The discussion includes mentions of video games, movies, and personal projects. The temporal reference '3 years ago' indicates a need for temporal normalization. The conversation does not contain explicit events or structured data that would require specific node types beyond general entities. The edge types are primarily relationships between people and their interests or activities.
2026-04-26 14:45:27,658 - Experiment - INFO - [conv-42] 🧠 Emergence declared stable at n=1
2026-04-26 14:45:27,745 - Experiment - INFO - [conv-42] 🧠 Schema state after emergence | changed=True | version=1->2 | n_selected=1 | active_node_types=[] | active_edge_types=[] | active_rules=['TemporalNormalizationRule', 'EntityResolutionRule']
2026-04-26 14:45:27,745 - Experiment - INFO - [conv-42] 🧭 Schema updated to v2; rebuilding current buffer only.
2026-04-26 14:45:28,445 - Amadeus.Optimizer - ERROR - Evaluate attempt failed: 'AdversarialOptimizer' object has no attribute '_parse_json_content'
2026-04-26 14:45:28,445 - Amadeus.Optimizer - WARNING - ❌ Attempt 2 FAIL | Blame: UNKNOWN | ErrorCat: llm_error | Reason: 'AdversarialOptimizer' object has no attribute '_parse_json_content'
2026-04-26 14:45:28,445 - Amadeus.Optimizer - INFO - 🔄 Attempt 3/3
2026-04-26 14:45:28,445 - Amadeus.Answerer - INFO - ❓ Question: How did Tim feel about visiting the Harry Potter-themed place in London?
2026-04-26 14:45:29,557 - Amadeus.Answerer - INFO - Step 2: SEARCH - {'tool': 'SEARCH', 'query': 'How did Tim feel about visiting the Harry Potter-themed place in London?', 'mode': 'hybrid', 'entry_edge_ids': ['E1'], 'entry_nodes': ['Harry Potter Places', 'London', 'Tim']}
2026-04-26 14:45:29,557 - Amadeus.Answerer - INFO - walk_decision_raw={'tool': 'SEARCH', 'query': 'How did Tim feel about visiting the Harry Potter-themed place in London?', 'mode': 'hybrid', 'entry_edge_ids': ['E1'], 'entry_nodes': ['Harry Potter Places', 'London', 'Tim']}
2026-04-26 14:45:30,236 - Amadeus.Answerer - INFO - evidence_pool_init=- Tim PLANS_TO_EXPLORE Harry Potter Places at 2023-05-21
- Tim VISITED London at 2023-05-21
2026-04-26 14:45:30,854 - Amadeus.Answerer - INFO - Step 3: READ - {'tool': 'READ', 'answer': 'Based on the evidence, Tim planned to explore Harry Potter places, but there is no direct information about his feelings towards visiting the Harry Potter-themed place in London.'}
2026-04-26 14:45:30,854 - Amadeus.Answerer - INFO - walk_decision_raw={'tool': 'READ', 'answer': 'Based on the evidence, Tim planned to explore Harry Potter places, but there is no direct information about his feelings towards visiting the Harry Potter-themed place in London.'}
2026-04-26 14:45:30,854 - Amadeus.Answerer - INFO - read_triggered_by=llm_decision
2026-04-26 14:45:30,854 - Amadeus.Optimizer - INFO - 🔄 Attempt 3 | Prediction: Based on the evidence, Tim planned to explore Harry Potter places, but there is no direct information about his feelings towards visiting the Harry Potter-themed place in London.
2026-04-26 14:45:32,696 - Amadeus.Builder - INFO - 🤔 Builder CoT: Step 1: The session context is 2023-05-25. The buffer contains dialogue between Melanie and Caroline, discussing Melanie's charity race, self-care, and Caroline's adoption plans. Step 2: Extract facts like Melanie running a charity race, Caroline's adoption research, and their mutual support. Step 3: Check if these facts exist in the graph. Melanie's race and Caroline's adoption are new, so ADD. Their friendship is already established, so no action needed. Step 4: Ensure all details like dates, activities, and relationships are captured.
2026-04-26 14:45:32,710 - Amadeus.Builder - INFO - 🔗 LINK: Charity Race for Mental Health --RUNNED<RelationEdge>--> Melanie (Time: 2023-05-20)
2026-04-26 14:45:32,723 - Amadeus.Builder - INFO - 🔗 LINK: Adoption Agencies --RESEARCHING<RelationEdge>--> Caroline (Time: 2023-05-25)
2026-04-26 14:45:32,736 - Amadeus.Builder - INFO - 🔗 LINK: LGBTQ+ Adoption Agency --CHOSEN<RelationEdge>--> Caroline (Time: 2023-05-25)
2026-04-26 14:45:32,747 - Amadeus.Builder - INFO - 🔗 LINK: Camping Trip --PLANNING<RelationEdge>--> Melanie (Time: 2023-05-25)
2026-04-26 14:45:32,753 - Amadeus.Builder - INFO - 🧩 Builder schema proposals | nodes=['Activity'] | edges=['PLANNING'] | rules=['Future Activity Rule']
2026-04-26 14:45:32,753 - Amadeus.Builder - INFO - 🛠️ Builder execution summary | buffer_index=1 | replay=False | ops=4 | waits=0
2026-04-26 14:45:32,753 - Experiment - INFO - [conv-26] 🛠️ Executed buffer 2 under schema v1 | active_node_types=[] | active_edge_types=[] | active_rules=['Friendship Rule', 'Ownership Rule', 'Interest Rule', 'Event Attendance Rule', 'Planned Activity Rule']
2026-04-26 14:45:32,753 - Experiment - INFO - [conv-26] 🧩 Post-build schema proposals detected | node_types=['Activity'] | edge_types=['PLANNING'] | rules=['Future Activity Rule']
2026-04-26 14:45:34,230 - Amadeus.Optimizer - ERROR - Evaluate attempt failed: 'AdversarialOptimizer' object has no attribute '_parse_json_content'
2026-04-26 14:45:34,230 - Amadeus.Optimizer - WARNING - ❌ Attempt 3 FAIL | Blame: UNKNOWN | ErrorCat: llm_error | Reason: 'AdversarialOptimizer' object has no attribute '_parse_json_content'
2026-04-26 14:45:34,230 - Amadeus.Optimizer - INFO - ⚔️ Self-Play End | Attempts: 3 | Final: FAIL | Experiences Total: 0
2026-04-26 14:45:34,230 - Experiment - INFO - [conv-43] 🔄 Flush Triggered at chunk 2. Processing Buffer...
2026-04-26 14:45:34,230 - Experiment - INFO - [conv-43] 🧠 Starting schema emergence over first up to 2 flushed buffers.
2026-04-26 14:45:34,230 - Experiment - INFO - [conv-43] 🧠 Emergence attempt with n=1
2026-04-26 14:45:35,413 - Amadeus.Builder - INFO - 🔍 Schema review results | node:Activity->merge(Entity); edge:PLANNING->generalize(RelationEdge); rule:Future Activity Rule->keep(Future Activity Rule)
2026-04-26 14:45:35,413 - Experiment - INFO - [conv-26] 🧠 Schema state after post-build buffer 2 | changed=True | version=1->2 | n_selected=2 | active_node_types=['Entity'] | active_edge_types=['RelationEdge'] | active_rules=['Friendship Rule', 'Ownership Rule', 'Interest Rule', 'Event Attendance Rule', 'Planned Activity Rule', 'Future Activity Rule']
2026-04-26 14:45:35,413 - Experiment - INFO - [conv-26] 🧭 Schema refined after buffer 2; rebuilding current buffer only.
2026-04-26 14:45:39,894 - Amadeus.Builder - WARNING - Schema rule proposal skipped: unsupported shape | raw={"rule": "TemporalNormalizationRule", "description": "Use session context to resolve relative time expressions into absolute dates when possible. If unable, store relative expressions in the timestamp field."}
2026-04-26 14:45:39,894 - Amadeus.Builder - WARNING - Schema rule proposal skipped: unsupported shape | raw={"rule": "SubjectResolutionRule", "description": "Identify the subject of the buffer content by analyzing who the sentence or event actually describes, not just the speaker tag."}
2026-04-26 14:45:39,894 - Amadeus.Builder - WARNING - Schema rule proposal skipped: unsupported shape | raw={"rule": "MinimalismRule", "description": "Avoid storing chit-chat, redundant facts, or temporary states. Use IGNORE for such content."}
2026-04-26 14:45:39,894 - Amadeus.Builder - WARNING - Schema rule proposal skipped: unsupported shape | raw={"rule": "AmbiguityAversionRule", "description": "If the subject is ambiguous (e.g., 'he' or 'it'), wait for more information before proceeding."}
2026-04-26 14:45:39,894 - Amadeus.Builder - WARNING - Schema rule proposal skipped: unsupported shape | raw={"rule": "CompletenessRule", "description": "Capture all specific details (Location, Time, Attendees, Reason). Avoid vague expressions like 'went out' and use specific ones like 'went to the park for a picnic'."}
2026-04-26 14:45:39,895 - Amadeus.Builder - INFO - 🧠 Schema emergence | stable=True | reason=The schema can be stabilized with broad node and edge types that capture the general patterns observed in the buffer. No new node types are needed as all entities can be categorized under existing types like Person or Entity. Edge types can be generalized to capture relationships like 'collaborates with', 'is part of', and 'visited'. | node_types=[] | edge_types=[] | rules=[]
2026-04-26 14:45:39,895 - Amadeus.Builder - INFO - 🧠 Schema emergence analysis: The buffer contains conversations between John and Tim discussing personal updates, team signings, fan projects, and shared interests. Key elements include team memberships, personal goals, collaborative projects, and locations related to interests. The conversation includes specific details about time, locations, and activities, which can be mapped to general node and edge types without over-specialization.
2026-04-26 14:45:39,895 - Experiment - INFO - [conv-43] 🧠 Emergence declared stable at n=1
2026-04-26 14:45:39,895 - Experiment - INFO - [conv-43] 🧠 No schema proposals to apply from emergence.
2026-04-26 14:45:41,920 - Amadeus.Builder - INFO - 🤔 Builder CoT: Step 1: The session context is 2023-01-20. All events are set on this date. Step 2: The buffer contains multiple facts about Jon and Gina's job loss, their passion for dance, their dance styles, and their plans for a dance studio and festival performance. Step 3: The graph already has Jon, Gina, Job, BusinessPlan, DanceStyle, DanceCrew, DanceTeam, and FestivalPerformance. New facts include Jon's job loss as a banker, Gina's job loss at Door Dash, Jon's passion for dance, their plans for a dance studio, their favorite dance styles, and their plans for a festival performance. Step 4: All facts are resolved with clear subjects and timestamps.
2026-04-26 14:45:41,920 - Amadeus.Builder - INFO - 🔄 UPDATE LINK: Jon --Banker<RelationEdge>--> Job (Time: 2023-01-20)
2026-04-26 14:45:41,920 - Amadeus.Builder - INFO - 🔄 UPDATE LINK: Gina --Door Dash<RelationEdge>--> Job (Time: 2023-01-20)
2026-04-26 14:45:41,932 - Amadeus.Builder - INFO - 🔗 LINK: DanceStudio --STARTING_DANCE_STUDIO<RelationEdge>--> Jon (Time: 2023-01-20)
2026-04-26 14:45:41,932 - Amadeus.Builder - INFO - 🔗 LINK: DanceStyle --CONTEMPORARY<RelationEdge>--> Jon (Time: 2023-01-20)
2026-04-26 14:45:41,932 - Amadeus.Builder - INFO - 🔗 LINK: DanceStyle --CONTEMPORARY<RelationEdge>--> Gina (Time: 2023-01-20)
2026-04-26 14:45:41,932 - Amadeus.Builder - INFO - 🔗 LINK: FestivalPerformance --PERFORMING<RelationEdge>--> Jon (Time: 2023-01-20)
2026-04-26 14:45:41,932 - Amadeus.Builder - INFO - 🔗 LINK: FestivalPerformance --WITNESSING<RelationEdge>--> Gina (Time: 2023-01-20)
2026-04-26 14:45:41,932 - Amadeus.Builder - INFO - 🔗 LINK: DanceCrew --WON_COMPETITION<RelationEdge>--> Jon (Time: 2022-01-01)
2026-04-26 14:45:41,932 - Amadeus.Builder - INFO - 🔗 LINK: DanceTeam --WON_COMPETITION<RelationEdge>--> Gina (Time: 2015-01-01)
2026-04-26 14:45:41,932 - Amadeus.Builder - INFO - 🔗 LINK: FestivalPerformance --CHOREOGRAPHY_COMPLETED<RelationEdge>--> Jon (Time: 2023-01-20)
2026-04-26 14:45:41,935 - Amadeus.Builder - INFO - 🧩 Builder schema proposals | nodes=['DanceStudio', 'DanceCrew', 'DanceTeam'] | edges=['STARTING_DANCE_STUDIO', 'PERFORMING', 'WITNESSING', 'CHOREOGRAPHY_COMPLETED'] | rules=['DanceStudioRule', 'FestivalPerformanceRule', 'ChoreographyRule']
2026-04-26 14:45:41,935 - Amadeus.Builder - INFO - 🛠️ Builder execution summary | buffer_index=0 | replay=False | ops=10 | waits=0
2026-04-26 14:45:41,935 - Amadeus.Optimizer - INFO - ⚔️ Self-Play Start | Mode: iterative-retry, MaxRetries: 3
2026-04-26 14:45:44,715 - Amadeus.Questioner - INFO - Questioner CoT: First, I analyzed the buffer to identify key entities and relationships. I noticed that both Jon and Gina have backgrounds in dance, with Jon starting a dance studio and Gina having competition experience. The conversation includes their passion for dance, specific styles like contemporary, and future plans involving dance performances. An implicit inference could involve understanding the emotional impact of their dance experiences or the significance of their shared interests. The question should focus on an implied detail about their shared passion or its impact.
2026-04-26 14:45:44,715 - Amadeus.Optimizer - INFO - ⚔️ Question: How does the shared passion for dance affect the dynamics of Jon and Gina's conversation?
2026-04-26 14:45:44,715 - Amadeus.Optimizer - INFO - ⚔️ Ground Truth: The shared passion for dance creates a deep connection and mutual understanding, allowing them to discuss personal experiences, aspirations, and future plans with enthusiasm and support.
2026-04-26 14:45:44,715 - Amadeus.Optimizer - INFO - 🔄 Attempt 1/3
2026-04-26 14:45:44,715 - Amadeus.Answerer - INFO - ❓ Question: How does the shared passion for dance affect the dynamics of Jon and Gina's conversation?
2026-04-26 14:45:46,216 - Amadeus.Answerer - INFO - Step 2: SEARCH - {'tool': 'SEARCH', 'query': 'shared passion for dance', 'mode': 'hybrid', 'entry_edge_ids': ['E1', 'E2', 'E3', 'E4'], 'entry_nodes': ['DanceStyle', 'Gina', 'Jon', 'DanceTeam', 'DanceCrew']}
2026-04-26 14:45:46,216 - Amadeus.Answerer - INFO - walk_decision_raw={'tool': 'SEARCH', 'query': 'shared passion for dance', 'mode': 'hybrid', 'entry_edge_ids': ['E1', 'E2', 'E3', 'E4'], 'entry_nodes': ['DanceStyle', 'Gina', 'Jon', 'DanceTeam', 'DanceCrew']}
2026-04-26 14:45:47,471 - Amadeus.Answerer - INFO - evidence_pool_init=- Jon is contemporary to DanceStyle at 2023-01-20
- Gina is contemporary to DanceStyle at 2023-01-20
- DanceStyle is contemporary to Jon at 2023-01-20
- DanceStyle is contemporary to Gina at 2023-01-20
2026-04-26 14:45:47,767 - Amadeus.Builder - INFO - 🤔 Builder CoT: Step 1: The session context is 2023-05-25. The buffer contains dialogue between Melanie and Caroline, discussing Melanie's charity race, self-care, and plans for summer camping. Caroline talks about researching adoption agencies and choosing one that supports LGBTQ+ families. Step 2: The facts include Melanie running a charity race, self-care routines, planning a camping trip, and Caroline researching adoption agencies. Step 3: The graph already has some of these facts, like Melanie running the charity race and Caroline researching adoption agencies. However, the buffer provides more detailed information about the charity race, self-care, and the specific adoption agency. Step 4: The buffer also introduces new entities like the LGBTQ+ Adoption Agency and the specific adoption agency Caroline chose. The operations will include ADD and UPDATE actions to capture these details.
2026-04-26 14:45:47,768 - Amadeus.Builder - INFO - 🔄 UPDATE LINK: Charity Race for Mental Health --RUNNED<RelationEdge>--> Melanie (Time: 2023-05-20)
2026-04-26 14:45:47,780 - Amadeus.Builder - INFO - ➕ NODE: LGBTQ+ Adoption Agency <Entity> (Content: CHOSEN)
2026-04-26 14:45:47,780 - Amadeus.Builder - INFO - 🔄 UPDATE LINK: Adoption Agencies --RESEARCHING<RelationEdge>--> Caroline (Time: 2023-05-25)
2026-04-26 14:45:47,780 - Amadeus.Builder - INFO - 🔗 LINK: Camping Trip --PLANNING<RelationEdge>--> Melanie (Time: 2023-05-25)
2026-04-26 14:45:47,794 - Amadeus.Builder - INFO - 🔗 LINK: Self-Care --PRACTICING<RelationEdge>--> Melanie (Time: 2023-05-25)
2026-04-26 14:45:47,801 - Amadeus.Builder - INFO - 🧩 Builder schema proposals | nodes=['Self-Care'] | edges=['PRACTICING'] | rules=['Self-Care Rule']
2026-04-26 14:45:47,801 - Amadeus.Builder - INFO - 🛠️ Builder execution summary | buffer_index=1 | replay=False | ops=5 | waits=0
2026-04-26 14:45:47,801 - Amadeus.Optimizer - INFO - ⚔️ Self-Play Start | Mode: iterative-retry, MaxRetries: 3
2026-04-26 14:45:48,559 - Amadeus.Answerer - INFO - Step 3: READ - {'tool': 'READ', 'answer': 'The shared passion for dance between Jon and Gina, as indicated by their contemporary relationship with DanceStyle, likely fosters a deeper connection and mutual understanding in their conversations, allowing them to discuss dance-related topics with greater enthusiasm and shared insights.'}
2026-04-26 14:45:48,559 - Amadeus.Answerer - INFO - walk_decision_raw={'tool': 'READ', 'answer': 'The shared passion for dance between Jon and Gina, as indicated by their contemporary relationship with DanceStyle, likely fosters a deeper connection and mutual understanding in their conversations, allowing them to discuss dance-related topics with greater enthusiasm and shared insights.'}
2026-04-26 14:45:48,559 - Amadeus.Answerer - INFO - read_triggered_by=llm_decision
2026-04-26 14:45:48,559 - Amadeus.Optimizer - INFO - 🔄 Attempt 1 | Prediction: The shared passion for dance between Jon and Gina, as indicated by their contemporary relationship with DanceStyle, likely fosters a deeper connection and mutual understanding in their conversations, 
2026-04-26 14:45:50,163 - Amadeus.Questioner - INFO - Questioner CoT: First, I analyzed the buffer to identify key entities and events. The conversation between Melanie and Caroline discusses Melanie's charity race, self-care, and plans for summer, while Caroline talks about her adoption goals. Since the target mode is FACT_CHECK, I focused on explicit facts. Melanie mentions running a charity race for mental health last Saturday, which is a clear fact. The question should ask about this event to test if the memory system stored the specific details accurately.
2026-04-26 14:45:50,163 - Amadeus.Optimizer - INFO - ⚔️ Question: What was the name of the charity event Melanie participated in last Saturday?
2026-04-26 14:45:50,163 - Amadeus.Optimizer - INFO - ⚔️ Ground Truth: The charity event was for mental health.
2026-04-26 14:45:50,163 - Amadeus.Optimizer - INFO - 🔄 Attempt 1/3
2026-04-26 14:45:50,163 - Amadeus.Answerer - INFO - ❓ Question: What was the name of the charity event Melanie participated in last Saturday?
2026-04-26 14:45:51,346 - Amadeus.Answerer - INFO - Step 2: SEARCH - {'tool': 'SEARCH', 'query': 'What was the name of the charity event Melanie participated in last Saturday?', 'mode': 'hybrid', 'entry_edge_ids': ['E1'], 'entry_nodes': ['Charity Race for Mental Health', 'Melanie']}
2026-04-26 14:45:51,346 - Amadeus.Answerer - INFO - walk_decision_raw={'tool': 'SEARCH', 'query': 'What was the name of the charity event Melanie participated in last Saturday?', 'mode': 'hybrid', 'entry_edge_ids': ['E1'], 'entry_nodes': ['Charity Race for Mental Health', 'Melanie']}
2026-04-26 14:45:51,811 - Amadeus.Answerer - INFO - evidence_pool_init=- Melanie RUNNED Charity Race for Mental Health at 2023-05-20
2026-04-26 14:45:52,285 - Amadeus.Optimizer - ERROR - Evaluate attempt failed: 'AdversarialOptimizer' object has no attribute '_parse_json_content'
2026-04-26 14:45:52,286 - Amadeus.Answerer - INFO - Step 3: READ - {'tool': 'READ', 'answer': 'The charity event Melanie participated in last Saturday was the Charity Race for Mental Health.'}
2026-04-26 14:45:52,286 - Amadeus.Optimizer - WARNING - ❌ Attempt 1 FAIL | Blame: UNKNOWN | ErrorCat: llm_error | Reason: 'AdversarialOptimizer' object has no attribute '_parse_json_content'
2026-04-26 14:45:52,286 - Amadeus.Answerer - INFO - walk_decision_raw={'tool': 'READ', 'answer': 'The charity event Melanie participated in last Saturday was the Charity Race for Mental Health.'}
2026-04-26 14:45:52,286 - Amadeus.Optimizer - INFO - 🔄 Attempt 2/3
2026-04-26 14:45:52,286 - Amadeus.Answerer - INFO - read_triggered_by=llm_decision
2026-04-26 14:45:52,286 - Amadeus.Answerer - INFO - ❓ Question: How does the shared passion for dance affect the dynamics of Jon and Gina's conversation?
2026-04-26 14:45:52,286 - Amadeus.Optimizer - INFO - 🔄 Attempt 1 | Prediction: The charity event Melanie participated in last Saturday was the Charity Race for Mental Health.
2026-04-26 14:45:53,844 - Amadeus.Answerer - INFO - Step 2: SEARCH - {'tool': 'SEARCH', 'query': 'shared passion for dance', 'mode': 'hybrid', 'entry_edge_ids': ['E1', 'E2', 'E3', 'E4'], 'entry_nodes': ['DanceStyle', 'Gina', 'Jon', 'DanceTeam', 'DanceCrew']}
2026-04-26 14:45:53,844 - Amadeus.Answerer - INFO - walk_decision_raw={'tool': 'SEARCH', 'query': 'shared passion for dance', 'mode': 'hybrid', 'entry_edge_ids': ['E1', 'E2', 'E3', 'E4'], 'entry_nodes': ['DanceStyle', 'Gina', 'Jon', 'DanceTeam', 'DanceCrew']}
2026-04-26 14:45:55,078 - Amadeus.Answerer - INFO - evidence_pool_init=- Jon is contemporary to DanceStyle at 2023-01-20
- Gina is contemporary to DanceStyle at 2023-01-20
- DanceStyle is contemporary to Jon at 2023-01-20
- DanceStyle is contemporary to Gina at 2023-01-20
2026-04-26 14:45:55,919 - Amadeus.Optimizer - ERROR - Evaluate attempt failed: 'AdversarialOptimizer' object has no attribute '_parse_json_content'
2026-04-26 14:45:55,920 - Amadeus.Optimizer - WARNING - ❌ Attempt 1 FAIL | Blame: UNKNOWN | ErrorCat: llm_error | Reason: 'AdversarialOptimizer' object has no attribute '_parse_json_content'
2026-04-26 14:45:55,920 - Amadeus.Optimizer - INFO - 🔄 Attempt 2/3
2026-04-26 14:45:55,920 - Amadeus.Answerer - INFO - ❓ Question: What was the name of the charity event Melanie participated in last Saturday?
2026-04-26 14:45:56,083 - Amadeus.Answerer - INFO - Step 3: READ - {'tool': 'READ', 'answer': 'The shared passion for dance between Jon and Gina, as indicated by their contemporary relationship with DanceStyle, likely fosters a deeper connection and mutual understanding in their conversations, allowing them to discuss dance-related topics with greater enthusiasm and shared insights.'}
2026-04-26 14:45:56,083 - Amadeus.Answerer - INFO - walk_decision_raw={'tool': 'READ', 'answer': 'The shared passion for dance between Jon and Gina, as indicated by their contemporary relationship with DanceStyle, likely fosters a deeper connection and mutual understanding in their conversations, allowing them to discuss dance-related topics with greater enthusiasm and shared insights.'}
2026-04-26 14:45:56,083 - Amadeus.Answerer - INFO - read_triggered_by=llm_decision
2026-04-26 14:45:56,083 - Amadeus.Optimizer - INFO - 🔄 Attempt 2 | Prediction: The shared passion for dance between Jon and Gina, as indicated by their contemporary relationship with DanceStyle, likely fosters a deeper connection and mutual understanding in their conversations, 
2026-04-26 14:45:56,834 - Amadeus.Builder - INFO - 🤔 Builder CoT: Step 1: The session context is 2022-01-21. All relative time expressions are converted to absolute dates. 'Last Friday' becomes 2022-01-21. '3 years ago' becomes 2019-01-21. Step 2: Extract atomic facts. Joanna finished her screenplay, printed it, submitted to film festivals, has allergies to reptiles and fur, enjoys writing and hanging with friends. Nate has turtles for 3 years, recommends them for stress, attends a tournament with people outside his circle. Step 3: Check existing graph. Nodes like Joanna, Nate, and edges like RECOMMENDED, WATCHED_3_YEARS_AGO, etc., exist. New facts include Joanna's screenplay, her allergies, her interests, Nate's turtles, and his tournament activities. Step 4: Add new nodes and edges for these facts. No ambiguity, so no WAIT needed.
2026-04-26 14:45:56,847 - Amadeus.Builder - INFO - 🔗 LINK: Screenplay --CREATED<CREATED>--> Joanna (Time: 2022-01-21)
2026-04-26 14:45:56,847 - Amadeus.Builder - INFO - 🔗 LINK: Screenplay --PRINTED<PRINTED>--> Joanna (Time: 2022-01-21)
2026-04-26 14:45:56,847 - Amadeus.Builder - INFO - 🔗 LINK: Screenplay --SUBMITTED_TO_FILM_FESTIVALS<SUBMITTED_TO_FILM_FESTIVALS>--> Joanna (Time: 2022-01-21)
2026-04-26 14:45:56,860 - Amadeus.Builder - INFO - 🔗 LINK: Allergies --ALLERGIC_TO_REPTILES_AND_FUR<ALLERGIC_TO>--> Joanna (Time: 2022-01-21)
2026-04-26 14:45:56,873 - Amadeus.Builder - INFO - 🔗 LINK: Turtles --OWNED<OWNED>--> Nate (Time: 2019-01-21)
2026-04-26 14:45:56,873 - Amadeus.Builder - INFO - 🔗 LINK: Turtles --RECOMMENDS_FOR_STRESS<RECOMMENDS_FOR>--> Nate (Time: 2022-01-21)
2026-04-26 14:45:56,885 - Amadeus.Builder - INFO - 🔗 LINK: Tournament --ATTENDS<ATTENDS>--> Nate (Time: 2022-01-21)
2026-04-26 14:45:56,896 - Amadeus.Builder - INFO - 🔗 LINK: Hobbies --ENJOYS_WRITING_AND_HANGING_WITH_FRIENDS<ENJOYS>--> Joanna (Time: 2022-01-21)
2026-04-26 14:45:56,900 - Amadeus.Builder - INFO - 🧩 Builder schema proposals | nodes=['CreativeWork', 'HealthCondition', 'Pet', 'Hobby', 'Event'] | edges=['CREATED', 'PRINTED', 'SUBMITTED_TO_FILM_FESTIVALS', 'ALLERGIC_TO', 'OWNED', 'RECOMMENDS_FOR', 'ATTENDS', 'ENJOYS'] | rules=['TemporalNormalizationRule', 'EntityResolutionRule']
2026-04-26 14:45:56,900 - Amadeus.Builder - INFO - 🛠️ Builder execution summary | buffer_index=1 | replay=False | ops=8 | waits=0
2026-04-26 14:45:56,900 - Experiment - INFO - [conv-42] 🛠️ Executed buffer 2 under schema v2 | active_node_types=[] | active_edge_types=[] | active_rules=['TemporalNormalizationRule', 'EntityResolutionRule']
2026-04-26 14:45:56,900 - Experiment - INFO - [conv-42] 🧩 Post-build schema proposals detected | node_types=['CreativeWork', 'HealthCondition', 'Pet', 'Hobby', 'Event'] | edge_types=['CREATED', 'PRINTED', 'SUBMITTED_TO_FILM_FESTIVALS', 'ALLERGIC_TO', 'OWNED', 'RECOMMENDS_FOR', 'ATTENDS', 'ENJOYS'] | rules=['TemporalNormalizationRule', 'EntityResolutionRule']
2026-04-26 14:45:57,172 - Amadeus.Answerer - INFO - Step 2: SEARCH - {'tool': 'SEARCH', 'query': 'What was the name of the charity event Melanie participated in last Saturday?', 'mode': 'hybrid', 'entry_edge_ids': ['E1'], 'entry_nodes': ['Charity Race for Mental Health', 'Melanie']}
2026-04-26 14:45:57,172 - Amadeus.Answerer - INFO - walk_decision_raw={'tool': 'SEARCH', 'query': 'What was the name of the charity event Melanie participated in last Saturday?', 'mode': 'hybrid', 'entry_edge_ids': ['E1'], 'entry_nodes': ['Charity Race for Mental Health', 'Melanie']}
2026-04-26 14:45:57,630 - Amadeus.Answerer - INFO - evidence_pool_init=- Melanie RUNNED Charity Race for Mental Health at 2023-05-20
2026-04-26 14:45:58,073 - Amadeus.Answerer - INFO - Step 3: READ - {'tool': 'READ', 'answer': 'The charity event Melanie participated in last Saturday was the Charity Race for Mental Health.'}
2026-04-26 14:45:58,074 - Amadeus.Answerer - INFO - walk_decision_raw={'tool': 'READ', 'answer': 'The charity event Melanie participated in last Saturday was the Charity Race for Mental Health.'}
2026-04-26 14:45:58,074 - Amadeus.Answerer - INFO - read_triggered_by=llm_decision
2026-04-26 14:45:58,074 - Amadeus.Optimizer - INFO - 🔄 Attempt 2 | Prediction: The charity event Melanie participated in last Saturday was the Charity Race for Mental Health.
2026-04-26 14:45:59,823 - Amadeus.Optimizer - ERROR - Evaluate attempt failed: 'AdversarialOptimizer' object has no attribute '_parse_json_content'
2026-04-26 14:45:59,823 - Amadeus.Optimizer - WARNING - ❌ Attempt 2 FAIL | Blame: UNKNOWN | ErrorCat: llm_error | Reason: 'AdversarialOptimizer' object has no attribute '_parse_json_content'
2026-04-26 14:45:59,823 - Amadeus.Optimizer - INFO - 🔄 Attempt 3/3
2026-04-26 14:45:59,823 - Amadeus.Answerer - INFO - ❓ Question: How does the shared passion for dance affect the dynamics of Jon and Gina's conversation?
2026-04-26 14:46:00,407 - Amadeus.Builder - INFO - 🤔 Builder CoT: Step 1: The session context is 15 June 2023. The buffer contains multiple dialogues between Tim and John. Step 2: Extract atomic facts like Tim joining a fantasy literature forum, discussing books, John's endorsement opportunities, considering sports brands, Tim's Harry Potter collection, and John's recent game participation. Step 3: Check if these facts exist in the graph. For example, 'Tim joined a fantasy literature forum' is new, so ADD. 'John is exploring endorsement opportunities' is new, so ADD. 'Tim has a Harry Potter collection' is new, so ADD. 'John played in a game' is new, so ADD. Step 4: Ensure all details are captured, such as the forum, brands, and collection details.
2026-04-26 14:46:00,417 - Amadeus.Builder - INFO - 🔗 LINK: Tim --JOINED<RelationEdge>--> Fantasy Literature Forum (Time: 2023-06-15)
2026-04-26 14:46:00,428 - Amadeus.Builder - INFO - 🔗 LINK: John --EXPLORING<RelationEdge>--> Endorsement Opportunities (Time: 2023-06-15)
2026-04-26 14:46:00,439 - Amadeus.Builder - INFO - 🔗 LINK: John --CONSIDERING<RelationEdge>--> Sports Brands (Time: 2023-06-15)
2026-04-26 14:46:00,446 - Amadeus.Builder - INFO - 🔗 LINK: Tim --OWNING<RelationEdge>--> Harry Potter Collection (Time: 2023-06-15)
2026-04-26 14:46:00,457 - Amadeus.Builder - INFO - 🔗 LINK: John --PLAYED_IN<RelationEdge>--> Recent Game (Time: 2023-06-15)
2026-04-26 14:46:00,463 - Amadeus.Builder - INFO - 🧩 Builder schema proposals | nodes=['Forum', 'Brand', 'Collection'] | edges=['JOINED', 'EXPLORING', 'CONSIDERING', 'OWNING', 'PLAYED_IN'] | rules=['ForumJoinRule', 'EndorsementExplorationRule', 'BrandConsiderationRule', 'CollectionOwnershipRule', 'GameParticipationRule']
2026-04-26 14:46:00,463 - Amadeus.Builder - INFO - 🛠️ Builder execution summary | buffer_index=1 | replay=False | ops=5 | waits=0
2026-04-26 14:46:00,463 - Experiment - INFO - [conv-43] 🛠️ Executed buffer 2 under schema v1 | active_node_types=[] | active_edge_types=[] | active_rules=['TemporalNormalizationRule', 'SubjectResolutionRule', 'MinimalismRule', 'AmbiguityAversionRule', 'CompletenessRule']
2026-04-26 14:46:00,463 - Experiment - INFO - [conv-43] 🧩 Post-build schema proposals detected | node_types=['Forum', 'Brand', 'Collection'] | edge_types=['JOINED', 'EXPLORING', 'CONSIDERING', 'OWNING', 'PLAYED_IN'] | rules=['ForumJoinRule', 'EndorsementExplorationRule', 'BrandConsiderationRule', 'CollectionOwnershipRule', 'GameParticipationRule']
2026-04-26 14:46:01,378 - Amadeus.Answerer - INFO - Step 2: SEARCH - {'tool': 'SEARCH', 'query': 'shared passion for dance', 'mode': 'hybrid', 'entry_edge_ids': ['E1', 'E2', 'E3', 'E4'], 'entry_nodes': ['DanceStyle', 'Gina', 'Jon', 'DanceTeam', 'DanceCrew']}
2026-04-26 14:46:01,379 - Amadeus.Answerer - INFO - walk_decision_raw={'tool': 'SEARCH', 'query': 'shared passion for dance', 'mode': 'hybrid', 'entry_edge_ids': ['E1', 'E2', 'E3', 'E4'], 'entry_nodes': ['DanceStyle', 'Gina', 'Jon', 'DanceTeam', 'DanceCrew']}
2026-04-26 14:46:01,613 - Amadeus.Optimizer - ERROR - Evaluate attempt failed: 'AdversarialOptimizer' object has no attribute '_parse_json_content'
2026-04-26 14:46:01,613 - Amadeus.Optimizer - WARNING - ❌ Attempt 2 FAIL | Blame: UNKNOWN | ErrorCat: llm_error | Reason: 'AdversarialOptimizer' object has no attribute '_parse_json_content'
2026-04-26 14:46:01,613 - Amadeus.Optimizer - INFO - 🔄 Attempt 3/3
2026-04-26 14:46:01,613 - Amadeus.Answerer - INFO - ❓ Question: What was the name of the charity event Melanie participated in last Saturday?
2026-04-26 14:46:02,615 - Amadeus.Answerer - INFO - evidence_pool_init=- Jon is contemporary to DanceStyle at 2023-01-20
- Gina is contemporary to DanceStyle at 2023-01-20
- DanceStyle is contemporary to Jon at 2023-01-20
- DanceStyle is contemporary to Gina at 2023-01-20
2026-04-26 14:46:02,766 - Amadeus.Answerer - INFO - Step 2: SEARCH - {'tool': 'SEARCH', 'query': 'What was the name of the charity event Melanie participated in last Saturday?', 'mode': 'hybrid', 'entry_edge_ids': ['E1'], 'entry_nodes': ['Charity Race for Mental Health', 'Melanie']}
2026-04-26 14:46:02,766 - Amadeus.Answerer - INFO - walk_decision_raw={'tool': 'SEARCH', 'query': 'What was the name of the charity event Melanie participated in last Saturday?', 'mode': 'hybrid', 'entry_edge_ids': ['E1'], 'entry_nodes': ['Charity Race for Mental Health', 'Melanie']}
2026-04-26 14:46:03,232 - Amadeus.Answerer - INFO - evidence_pool_init=- Melanie RUNNED Charity Race for Mental Health at 2023-05-20
2026-04-26 14:46:03,613 - Amadeus.Answerer - INFO - Step 3: READ - {'tool': 'READ', 'answer': 'The shared passion for dance between Jon and Gina, as indicated by their contemporary relationship with DanceStyle, likely fosters a deeper connection and mutual understanding in their conversations, allowing them to discuss dance-related topics with greater enthusiasm and shared insights.'}
2026-04-26 14:46:03,613 - Amadeus.Answerer - INFO - walk_decision_raw={'tool': 'READ', 'answer': 'The shared passion for dance between Jon and Gina, as indicated by their contemporary relationship with DanceStyle, likely fosters a deeper connection and mutual understanding in their conversations, allowing them to discuss dance-related topics with greater enthusiasm and shared insights.'}
2026-04-26 14:46:03,613 - Amadeus.Answerer - INFO - read_triggered_by=llm_decision
2026-04-26 14:46:03,614 - Amadeus.Optimizer - INFO - 🔄 Attempt 3 | Prediction: The shared passion for dance between Jon and Gina, as indicated by their contemporary relationship with DanceStyle, likely fosters a deeper connection and mutual understanding in their conversations, 
2026-04-26 14:46:03,710 - Amadeus.Answerer - INFO - Step 3: READ - {'tool': 'READ', 'answer': 'The charity event Melanie participated in last Saturday was the Charity Race for Mental Health.'}
2026-04-26 14:46:03,710 - Amadeus.Answerer - INFO - walk_decision_raw={'tool': 'READ', 'answer': 'The charity event Melanie participated in last Saturday was the Charity Race for Mental Health.'}
2026-04-26 14:46:03,710 - Amadeus.Answerer - INFO - read_triggered_by=llm_decision
2026-04-26 14:46:03,710 - Amadeus.Optimizer - INFO - 🔄 Attempt 3 | Prediction: The charity event Melanie participated in last Saturday was the Charity Race for Mental Health.
2026-04-26 14:46:07,130 - Amadeus.Optimizer - ERROR - Evaluate attempt failed: 'AdversarialOptimizer' object has no attribute '_parse_json_content'
2026-04-26 14:46:07,130 - Amadeus.Optimizer - WARNING - ❌ Attempt 3 FAIL | Blame: UNKNOWN | ErrorCat: llm_error | Reason: 'AdversarialOptimizer' object has no attribute '_parse_json_content'
2026-04-26 14:46:07,130 - Amadeus.Optimizer - INFO - ⚔️ Self-Play End | Attempts: 3 | Final: FAIL | Experiences Total: 0
2026-04-26 14:46:07,130 - Experiment - INFO - [conv-30] 🔄 Flush Triggered at chunk 2. Processing Buffer...
2026-04-26 14:46:07,130 - Experiment - INFO - [conv-30] 🧠 Starting schema emergence over first up to 2 flushed buffers.
2026-04-26 14:46:07,130 - Experiment - INFO - [conv-30] 🧠 Emergence attempt with n=1
2026-04-26 14:46:07,354 - Amadeus.Optimizer - ERROR - Evaluate attempt failed: 'AdversarialOptimizer' object has no attribute '_parse_json_content'
2026-04-26 14:46:07,354 - Amadeus.Optimizer - WARNING - ❌ Attempt 3 FAIL | Blame: UNKNOWN | ErrorCat: llm_error | Reason: 'AdversarialOptimizer' object has no attribute '_parse_json_content'
2026-04-26 14:46:07,354 - Amadeus.Optimizer - INFO - ⚔️ Self-Play End | Attempts: 3 | Final: FAIL | Experiences Total: 0
2026-04-26 14:46:07,354 - Experiment - INFO - [conv-26] 🔄 Flush Triggered at chunk 3. Processing Buffer...
2026-04-26 14:46:07,354 - Experiment - INFO - [conv-26] 🧠 Starting schema emergence over first up to 3 flushed buffers.
2026-04-26 14:46:07,354 - Experiment - INFO - [conv-26] 🧠 Emergence attempt with n=1
2026-04-26 14:46:08,767 - Amadeus.Builder - INFO - 🔍 Schema review results | node:CreativeWork->keep(CreativeWork); node:HealthCondition->keep(HealthCondition); node:Pet->keep(Pet); node:Hobby->keep(Hobby); node:Event->keep(Event); edge:CREATED->keep(CREATED); edge:PRINTED->keep(PRINTED); edge:SUBMITTED_TO_FILM_FESTIVALS->generalize(RelationEdge); edge:ALLERGIC_TO->keep(ALLERGIC_TO); edge:OWNED->keep(OWNED); edge:RECOMMENDS_FOR->keep(RECOMMENDS_FOR); edge:ATTENDS->keep(ATTENDS); edge:ENJOYS->keep(ENJOYS); rule:TemporalNormalizationRule->keep(TemporalNormalizationRule); rule:EntityResolutionRule->keep(EntityResolutionRule)
2026-04-26 14:46:08,768 - Experiment - INFO - [conv-42] 🧠 Schema state after post-build buffer 2 | changed=True | version=2->3 | n_selected=2 | active_node_types=['CreativeWork', 'HealthCondition', 'Pet', 'Hobby', 'Event'] | active_edge_types=['CREATED', 'PRINTED', 'RelationEdge', 'ALLERGIC_TO', 'OWNED', 'RECOMMENDS_FOR', 'ATTENDS', 'ENJOYS'] | active_rules=['TemporalNormalizationRule', 'EntityResolutionRule']
2026-04-26 14:46:08,768 - Experiment - INFO - [conv-42] 🧭 Schema refined after buffer 2; rebuilding current buffer only.
2026-04-26 14:46:11,547 - Amadeus.Builder - INFO - 🔍 Schema review results | node:Forum->merge(Entity); node:Brand->merge(Entity); node:Collection->merge(Entity); edge:JOINED->generalize(RelationEdge); edge:EXPLORING->generalize(RelationEdge); edge:CONSIDERING->generalize(RelationEdge); edge:OWNING->generalize(RelationEdge); edge:PLAYED_IN->generalize(RelationEdge); rule:ForumJoinRule->keep(ForumJoinRule); rule:EndorsementExplorationRule->keep(EndorsementExplorationRule); rule:BrandConsiderationRule->keep(BrandConsiderationRule); rule:CollectionOwnershipRule->keep(CollectionOwnershipRule); rule:GameParticipationRule->keep(GameParticipationRule)
2026-04-26 14:46:11,548 - Experiment - INFO - [conv-43] 🧠 Schema state after post-build buffer 2 | changed=True | version=1->2 | n_selected=2 | active_node_types=['Entity'] | active_edge_types=['RelationEdge'] | active_rules=['TemporalNormalizationRule', 'SubjectResolutionRule', 'MinimalismRule', 'AmbiguityAversionRule', 'CompletenessRule', 'ForumJoinRule', 'EndorsementExplorationRule', 'BrandConsiderationRule', 'CollectionOwnershipRule', 'GameParticipationRule']
2026-04-26 14:46:11,548 - Experiment - INFO - [conv-43] 🧭 Schema refined after buffer 2; rebuilding current buffer only.
2026-04-26 14:46:14,623 - Amadeus.Builder - INFO - 🧠 Schema emergence | stable=True | reason=The schema can represent the buffer's content with the existing node and edge types. No new node types or edge types are needed for the current buffer. The Friendship Rule is already applicable, and the PLANNING edge type can capture future intentions. | node_types=['Entity'] | edge_types=['PLANNING'] | rules=['Friendship Rule', 'Planned Activity Rule', 'Future Activity Rule']
2026-04-26 14:46:14,623 - Amadeus.Builder - INFO - 🧠 Schema emergence analysis: The first buffer provides foundational interactions between Caroline and Melanie, establishing their friendship and mutual interests. Caroline's attendance at a support group and Melanie's painting are specific activities that could be represented as entities. The conversation reveals planned activities like Caroline's career research and Melanie's swimming with the kids. The existing schema's Entity node type can represent these activities, while the PLANNING edge type can capture future intentions. The Friendship Rule is already applicable here.
2026-04-26 14:46:14,623 - Experiment - INFO - [conv-26] 🧠 Emergence declared stable at n=1
2026-04-26 14:46:14,874 - Amadeus.Builder - INFO - 🤔 Builder CoT: Step 1: The session context is 2023-06-15. The buffer contains multiple interactions between Tim and John. Step 2: Extract facts like Tim joining a fantasy literature forum, John exploring endorsement opportunities, considering sports brands, discussing Harry Potter collection, and playing in a recent game. Step 3: Check if these facts exist in the graph. For example, Tim already joined the forum, so no need to add. John's endorsement exploration and brand consideration are already present. Step 4: Ensure all details are captured, like the specific brands (Nike, Under Armour) and the Harry Potter collection. No ambiguity detected.
2026-04-26 14:46:14,874 - Amadeus.Builder - WARNING - Op 0 skipped: 1 validation error for MemoryOperation
reason
  Field required [type=missing, input_value={'action': 'WAIT', 'subje...zarding world at home!"}, input_type=dict]
    For further information visit https://errors.pydantic.dev/2.12/v/missing
2026-04-26 14:46:14,874 - Amadeus.Builder - WARNING - Op 1 skipped: 1 validation error for MemoryOperation
reason
  Field required [type=missing, input_value={'action': 'WAIT', 'subje...ic from a recent game."}, input_type=dict]
    For further information visit https://errors.pydantic.dev/2.12/v/missing
2026-04-26 14:46:14,881 - Amadeus.Builder - INFO - 🛠️ Builder execution summary | buffer_index=1 | replay=False | ops=0 | waits=0
2026-04-26 14:46:14,881 - Amadeus.Optimizer - INFO - ⚔️ Self-Play Start | Mode: iterative-retry, MaxRetries: 3
2026-04-26 14:46:15,865 - Amadeus.Builder - INFO - 🤔 Builder CoT: Step 1: The session context is 2022-01-23. The buffer contains multiple facts about Joanna's screenplay, her allergies, Nate's turtles, and their interactions. Step 2: Decompose the buffer into atomic facts: Joanna finished a screenplay, printed it, submitted it to film festivals, has allergies to reptiles and fur, Nate owns turtles, and they discuss hobbies. Step 3: Check the graph. Screenplay, Allergies, Turtles, and Hobbies already exist. New facts include the screenplay's genre (drama and romance), submission to film festivals, and the turtles' personalities. Step 4: Update existing nodes with new details and add new relationships where necessary.
2026-04-26 14:46:15,865 - Amadeus.Builder - INFO - 🔄 UPDATE LINK: Screenplay --CREATED<RelationEdge>--> Joanna (Time: 2022-01-21)
2026-04-26 14:46:15,865 - Amadeus.Builder - INFO - 🔄 UPDATE LINK: Screenplay --SUBMITTED_TO_FILM_FESTIVALS<RelationEdge>--> Joanna (Time: 2022-01-23)
2026-04-26 14:46:15,865 - Amadeus.Builder - INFO - 🔄 UPDATE LINK: Allergies --ALLERGIC_TO_REPTILES_AND_FUR<RelationEdge>--> Joanna (Time: 2022-01-23)
2026-04-26 14:46:15,865 - Amadeus.Builder - INFO - 🔄 UPDATE LINK: Turtles --OWNED<RelationEdge>--> Nate (Time: 2022-01-23)
2026-04-26 14:46:15,865 - Amadeus.Builder - INFO - 🔄 UPDATE LINK: Hobbies --ENJOYS_WRITING_AND_HANGING_WITH_FRIENDS<RelationEdge>--> Joanna (Time: 2022-01-23)
2026-04-26 14:46:15,869 - Amadeus.Builder - INFO - 🛠️ Builder execution summary | buffer_index=1 | replay=False | ops=5 | waits=0
2026-04-26 14:46:15,869 - Amadeus.Optimizer - INFO - ⚔️ Self-Play Start | Mode: iterative-retry, MaxRetries: 3
2026-04-26 14:46:18,032 - Amadeus.Questioner - INFO - Questioner CoT: First, I analyzed the buffer to identify key entities and relationships. I noticed that John mentioned exploring endorsement opportunities with sports brands like Nike and Under Armour, and Tim discussed his collection of Harry Potter-related items. I identified a potential connection between John's endorsement interests and Tim's passion for Harry Potter. A MULTI_HOP question could explore how John's potential collaborations might relate to Tim's interests. The ground truth would involve John's stated brand interests and Tim's enthusiasm for Harry Potter.
2026-04-26 14:46:18,032 - Amadeus.Optimizer - INFO - ⚔️ Question: If John were to collaborate with a brand related to his interests, which type of brand would most align with Tim's passion for Harry Potter?
2026-04-26 14:46:18,032 - Amadeus.Optimizer - INFO - ⚔️ Ground Truth: Sports brands like Nike and Under Armour, as John mentioned considering these for endorsements, and Tim's passion for Harry Potter could potentially align with brands that create immersive experiences or themed products.
2026-04-26 14:46:18,032 - Amadeus.Optimizer - INFO - 🔄 Attempt 1/3
2026-04-26 14:46:18,032 - Amadeus.Answerer - INFO - ❓ Question: If John were to collaborate with a brand related to his interests, which type of brand would most align with Tim's passion for Harry Potter?
2026-04-26 14:46:18,562 - Amadeus.Questioner - INFO - Questioner CoT: First, I analyzed the buffer to identify key entities and relationships. I noticed that Joanna has a screenplay, which she plans to submit to film festivals. Nate mentions having turtles as pets, which Joanna is allergic to. I identified a potential MULTI_HOP connection between Joanna's allergy and her decision to pursue writing instead of pets. This requires connecting her allergy to reptiles with her choice of alternative activities.
2026-04-26 14:46:18,562 - Amadeus.Optimizer - INFO - ⚔️ Question: Why does Joanna prefer writing over getting pets despite her allergies?
2026-04-26 14:46:18,562 - Amadeus.Optimizer - INFO - ⚔️ Ground Truth: Joanna prefers writing because she is allergic to most reptiles and animals with fur, and writing allows her to express herself and create stories without the risk of allergic reactions.
2026-04-26 14:46:18,562 - Amadeus.Optimizer - INFO - 🔄 Attempt 1/3
2026-04-26 14:46:18,562 - Amadeus.Answerer - INFO - ❓ Question: Why does Joanna prefer writing over getting pets despite her allergies?
2026-04-26 14:46:19,673 - Amadeus.Builder - INFO - 🔍 Schema review results | node:Entity->keep(Entity); edge:PLANNING->generalize(RelationEdge); rule:Friendship Rule->keep(Friendship Rule); rule:Planned Activity Rule->merge(Planned Activity Rule); rule:Future Activity Rule->merge(Planned Activity Rule)
2026-04-26 14:46:19,674 - Experiment - INFO - [conv-26] 🧠 Schema state after emergence | changed=True | version=2->3 | n_selected=2 | active_node_types=['Entity'] | active_edge_types=['RelationEdge'] | active_rules=['Friendship Rule', 'Ownership Rule', 'Interest Rule', 'Event Attendance Rule', 'Planned Activity Rule', 'Future Activity Rule']
2026-04-26 14:46:19,674 - Experiment - INFO - [conv-26] 🧭 Schema updated to v3; rebuilding current buffer only.
2026-04-26 14:46:19,822 - Amadeus.Answerer - INFO - Step 2: SEARCH - {'tool': 'SEARCH', 'query': 'Why does Joanna prefer writing over getting pets despite her allergies?', 'mode': 'hybrid', 'entry_edge_ids': ['E1'], 'entry_nodes': ['Joanna']}
2026-04-26 14:46:19,823 - Amadeus.Answerer - INFO - walk_decision_raw={'tool': 'SEARCH', 'query': 'Why does Joanna prefer writing over getting pets despite her allergies?', 'mode': 'hybrid', 'entry_edge_ids': ['E1'], 'entry_nodes': ['Joanna']}
2026-04-26 14:46:20,176 - Amadeus.Answerer - INFO - Step 2: SEARCH - {'tool': 'SEARCH', 'query': "If John were to collaborate with a brand related to his interests, which type of brand would most align with Tim's passion for Harry Potter?", 'mode': 'hybrid', 'entry_edge_ids': ['E1'], 'entry_nodes': ['Tim', 'Harry Potter Collection', 'Harry Potter Fan Project', 'Harry Potter Places', 'John', 'Sports Brands', 'Collaborations', 'Endorsement Opportunities', 'Fitting into Team Style', 'London', 'Team']}
2026-04-26 14:46:20,176 - Amadeus.Answerer - INFO - walk_decision_raw={'tool': 'SEARCH', 'query': "If John were to collaborate with a brand related to his interests, which type of brand would most align with Tim's passion for Harry Potter?", 'mode': 'hybrid', 'entry_edge_ids': ['E1'], 'entry_nodes': ['Tim', 'Harry Potter Collection', 'Harry Potter Fan Project', 'Harry Potter Places', 'John', 'Sports Brands', 'Collaborations', 'Endorsement Opportunities', 'Fitting into Team Style', 'London', 'Team']}
2026-04-26 14:46:20,467 - Amadeus.Answerer - INFO - evidence_pool_init=- Joanna is allergic to reptiles and fur
- Joanna enjoys writing and hanging with friends
- Joanna's allergies are related to reptiles and fur
2026-04-26 14:46:21,237 - Amadeus.Answerer - INFO - Step 3: READ - {'tool': 'READ', 'answer': 'Joanna prefers writing over getting pets despite her allergies because she is allergic to reptiles and fur, which are common in pets, and she enjoys writing and hanging with friends.'}
2026-04-26 14:46:21,237 - Amadeus.Answerer - INFO - walk_decision_raw={'tool': 'READ', 'answer': 'Joanna prefers writing over getting pets despite her allergies because she is allergic to reptiles and fur, which are common in pets, and she enjoys writing and hanging with friends.'}
2026-04-26 14:46:21,237 - Amadeus.Answerer - INFO - read_triggered_by=llm_decision
2026-04-26 14:46:21,237 - Amadeus.Optimizer - INFO - 🔄 Attempt 1 | Prediction: Joanna prefers writing over getting pets despite her allergies because she is allergic to reptiles and fur, which are common in pets, and she enjoys writing and hanging with friends.
2026-04-26 14:46:22,555 - Amadeus.Builder - INFO - 🧠 Schema emergence | stable=True | reason=The schema effectively captures the main themes of job loss, dance passion, and festival performances without over-specializing. The existing node types and edge types can be used to represent the conversation's content. No new node types are needed as all entities can be represented with the existing types. The edge types can be used to represent the relationships between entities. | node_types=['Person', 'Job', 'DanceStyle', 'Entity'] | edge_types=['RelationEdge'] | rules=['JobLossRule', 'DanceStyleRule', 'CompetitionWinRule', 'FestivalPerformanceRule', 'ChoreographyRule']
2026-04-26 14:46:22,556 - Amadeus.Builder - INFO - 🧠 Schema emergence analysis: The conversation between Jon and Gina reveals a rich set of interactions centered around job loss, entrepreneurship, dance passion, and festival performances. The schema needs to capture these elements without over-specializing. Job loss is a common theme, so the existing Job node and RelationEdge with LOST are appropriate. Dance styles and passion are expressed through personal preferences, which can be captured with the existing DanceStyle node and FAVORITE_STYLE edge. The festival performance and choreography are key elements that require specific edges to link entities to events. The schema is stable as it covers the main themes without introducing unnecessary types.
2026-04-26 14:46:22,556 - Experiment - INFO - [conv-30] 🧠 Emergence declared stable at n=1
2026-04-26 14:46:22,912 - Amadeus.Answerer - INFO - evidence_pool_init=- Tim owns Harry Potter Collection at 2023-06-15
- Tim is working on Harry Potter Fan Project at 2023-05-21
- Tim plans to explore Harry Potter Places at 2023-05-21
- John is considering Sports Brands at 2023-06-15
- Tim is discussing Collaborations at 2023-05-21
- John is exploring Endorsement Opportunities at 2023-06-15
- John faces a challenge related to Fitting into Team Style at 2023-05-21
- Tim visited London at 2023-05-21
- John enjoys Team related FUN at 2023-05-21
2026-04-26 14:46:24,161 - Amadeus.Answerer - INFO - Step 3: READ - {'tool': 'READ', 'answer': "Based on the evidence, Tim's passion for Harry Potter aligns most with the Harry Potter Collection brand, as he owns it. John's interest in Sports Brands suggests a potential collaboration with brands related to sports, but since the question focuses on Tim's passion, the most aligned brand is Harry Potter Collection."}
2026-04-26 14:46:24,161 - Amadeus.Answerer - INFO - walk_decision_raw={'tool': 'READ', 'answer': "Based on the evidence, Tim's passion for Harry Potter aligns most with the Harry Potter Collection brand, as he owns it. John's interest in Sports Brands suggests a potential collaboration with brands related to sports, but since the question focuses on Tim's passion, the most aligned brand is Harry Potter Collection."}
2026-04-26 14:46:24,161 - Amadeus.Answerer - INFO - read_triggered_by=llm_decision
2026-04-26 14:46:24,161 - Amadeus.Optimizer - INFO - 🔄 Attempt 1 | Prediction: Based on the evidence, Tim's passion for Harry Potter aligns most with the Harry Potter Collection brand, as he owns it. John's interest in Sports Brands suggests a potential collaboration with brands
2026-04-26 14:46:25,399 - Amadeus.Optimizer - ERROR - Evaluate attempt failed: 'AdversarialOptimizer' object has no attribute '_parse_json_content'
2026-04-26 14:46:25,399 - Amadeus.Optimizer - WARNING - ❌ Attempt 1 FAIL | Blame: UNKNOWN | ErrorCat: llm_error | Reason: 'AdversarialOptimizer' object has no attribute '_parse_json_content'
2026-04-26 14:46:25,399 - Amadeus.Optimizer - INFO - 🔄 Attempt 2/3
2026-04-26 14:46:25,399 - Amadeus.Answerer - INFO - ❓ Question: Why does Joanna prefer writing over getting pets despite her allergies?
2026-04-26 14:46:27,074 - Amadeus.Answerer - INFO - Step 2: SEARCH - {'tool': 'SEARCH', 'query': 'Why does Joanna prefer writing over getting pets despite her allergies?', 'mode': 'hybrid', 'entry_edge_ids': ['E1'], 'entry_nodes': ['Joanna', 'Allergies', 'Hobbies', 'Screenplay', 'Physical copy', 'Romantic drama about memory and relationships', 'Turtles', 'Nate', 'Tournament', 'Counter-Strike: Global Offensive']}
2026-04-26 14:46:27,074 - Amadeus.Answerer - INFO - walk_decision_raw={'tool': 'SEARCH', 'query': 'Why does Joanna prefer writing over getting pets despite her allergies?', 'mode': 'hybrid', 'entry_edge_ids': ['E1'], 'entry_nodes': ['Joanna', 'Allergies', 'Hobbies', 'Screenplay', 'Physical copy', 'Romantic drama about memory and relationships', 'Turtles', 'Nate', 'Tournament', 'Counter-Strike: Global Offensive']}
2026-04-26 14:46:28,905 - Amadeus.Optimizer - ERROR - Evaluate attempt failed: 'AdversarialOptimizer' object has no attribute '_parse_json_content'
2026-04-26 14:46:28,905 - Amadeus.Optimizer - WARNING - ❌ Attempt 1 FAIL | Blame: UNKNOWN | ErrorCat: llm_error | Reason: 'AdversarialOptimizer' object has no attribute '_parse_json_content'
2026-04-26 14:46:28,905 - Amadeus.Optimizer - INFO - 🔄 Attempt 2/3
2026-04-26 14:46:28,905 - Amadeus.Answerer - INFO - ❓ Question: If John were to collaborate with a brand related to his interests, which type of brand would most align with Tim's passion for Harry Potter?
2026-04-26 14:46:29,466 - Amadeus.Builder - INFO - 🔍 Schema review results | node:Person->keep(Person); node:Job->keep(Job); node:DanceStyle->keep(DanceStyle); node:Entity->keep(Entity); edge:RelationEdge->generalize(RelationEdge); rule:JobLossRule->keep(JobLossRule); rule:DanceStyleRule->keep(DanceStyleRule); rule:CompetitionWinRule->keep(CompetitionWinRule); rule:FestivalPerformanceRule->keep(FestivalPerformanceRule); rule:ChoreographyRule->keep(ChoreographyRule)
2026-04-26 14:46:29,469 - Experiment - INFO - [conv-30] 🧠 Schema state after emergence | changed=False | version=1->1 | n_selected=1 | active_node_types=['Person', 'Job', 'DanceStyle', 'Entity'] | active_edge_types=['RelationEdge'] | active_rules=['JobLossRule', 'DanceStyleRule', 'CompetitionWinRule', 'FestivalPerformanceRule', 'ChoreographyRule']
2026-04-26 14:46:30,975 - Amadeus.Answerer - INFO - Step 2: SEARCH - {'tool': 'SEARCH', 'query': "If John were to collaborate with a brand related to his interests, which type of brand would most align with Tim's passion for Harry Potter?", 'mode': 'hybrid', 'entry_edge_ids': ['E1'], 'entry_nodes': ['Tim', 'Harry Potter Collection', 'Harry Potter Fan Project', 'Harry Potter Places', 'John', 'Sports Brands', 'Collaborations', 'Endorsement Opportunities', 'Fitting into Team Style', 'London', 'Team']}
2026-04-26 14:46:30,975 - Amadeus.Answerer - INFO - walk_decision_raw={'tool': 'SEARCH', 'query': "If John were to collaborate with a brand related to his interests, which type of brand would most align with Tim's passion for Harry Potter?", 'mode': 'hybrid', 'entry_edge_ids': ['E1'], 'entry_nodes': ['Tim', 'Harry Potter Collection', 'Harry Potter Fan Project', 'Harry Potter Places', 'John', 'Sports Brands', 'Collaborations', 'Endorsement Opportunities', 'Fitting into Team Style', 'London', 'Team']}
2026-04-26 14:46:32,643 - Amadeus.Builder - INFO - 🤔 Builder CoT: Step 1: The session context is 9 June 2023. The buffer contains dialogue between Caroline and Melanie discussing their personal journeys, support systems, and family. Step 2: Extract facts about their support systems, family, and events. Step 3: Check if these facts exist in the graph. For example, Caroline's support system and Melanie's family are new entities. Step 4: Add these entities and relationships as needed.
2026-04-26 14:46:32,655 - Amadeus.Builder - INFO - 🔗 LINK: Caroline's Support System --Support System<RelationEdge>--> Caroline (Time: 2023-06-09)
2026-04-26 14:46:32,666 - Amadeus.Builder - INFO - 🔗 LINK: Melanie's Family --Family<RelationEdge>--> Melanie (Time: 2023-06-09)
2026-04-26 14:46:32,678 - Amadeus.Builder - INFO - 🔗 LINK: Caroline's Friends --Friends<RelationEdge>--> Caroline (Time: 2023-06-09)
2026-04-26 14:46:32,683 - Amadeus.Builder - INFO - 🔗 LINK: Melanie's Husband and Kids --Husband and Kids<RelationEdge>--> Melanie (Time: 2023-06-09)
2026-04-26 14:46:32,694 - Amadeus.Builder - INFO - 🔗 LINK: Wedding Day --Wedding Day<RelationEdge>--> Melanie (Time: 2023-06-09)
2026-04-26 14:46:32,700 - Amadeus.Builder - INFO - 🧩 Builder schema proposals | nodes=['SupportSystem', 'FamilyMembers', 'Event'] | edges=['HAS_SUPPORT_SYSTEM<RelationEdge>', 'HAS_FAMILY_MEMBERS<RelationEdge>', 'ATTENDED<RelationEdge>'] | rules=['SupportSystemRule', 'FamilyMembersRule', 'EventAttendanceRule']
2026-04-26 14:46:32,700 - Amadeus.Builder - INFO - 🛠️ Builder execution summary | buffer_index=2 | replay=False | ops=5 | waits=0
2026-04-26 14:46:32,700 - Experiment - INFO - [conv-26] 🛠️ Executed buffer 3 under schema v3 | active_node_types=['Entity'] | active_edge_types=['RelationEdge'] | active_rules=['Friendship Rule', 'Ownership Rule', 'Interest Rule', 'Event Attendance Rule', 'Planned Activity Rule', 'Future Activity Rule']
2026-04-26 14:46:32,700 - Experiment - INFO - [conv-26] 🧩 Post-build schema proposals detected | node_types=['SupportSystem', 'FamilyMembers', 'Event'] | edge_types=['HAS_SUPPORT_SYSTEM<RelationEdge>', 'HAS_FAMILY_MEMBERS<RelationEdge>', 'ATTENDED<RelationEdge>'] | rules=['SupportSystemRule', 'FamilyMembersRule', 'EventAttendanceRule']
2026-04-26 14:46:32,896 - Amadeus.Answerer - INFO - evidence_pool_init=- Joanna is allergic to reptiles and fur
- Joanna enjoys writing and hanging with friends
- Nate recommends turtles for stress
- Nate owned turtles at 2019-01-21
- Nate attended tournament at 2022-01-21
- Nate won Counter-Strike: Global Offensive at 2022-01-21
- Joanna owns a physical copy at 2022-01-21
- Joanna watched Romantic drama about memory and relationships 3 years ago at 2022-01-21
- Joanna submitted screenplay to film festivals at 2022-01-21
- Joanna submitted screenplay to film festivals at 2022-01-23
- Joanna created screenplay at 2022-01-21
- Joanna printed screenplay at 2022-01-21
- Joanna created allergies at 2022-01-21
- Allergies created by relation at 2022-01-23
- Hobbies created by relation at 2022-01-21
- Screenplay created by relation at 2022-01-21
- Physical copy created by relation at 2022-01-21
- Romantic drama about memory and relationships created by relation at 2022-01-21
- Turtles created by relation at 2022-01-21
- Nate created by relation at 2022-01-21
- Tournament created by relation at 2022-01-21
- Counter-Strike: Global Offensive created by relation at 2022-01-21
2026-04-26 14:46:33,703 - Amadeus.Answerer - INFO - evidence_pool_init=- Tim owns Harry Potter Collection at 2023-06-15
- Tim is working on Harry Potter Fan Project at 2023-05-21
- Tim plans to explore Harry Potter Places at 2023-05-21
- John is considering Sports Brands at 2023-06-15
- Tim is discussing Collaborations at 2023-05-21
- John is exploring Endorsement Opportunities at 2023-06-15
- John faces a challenge related to Fitting into Team Style at 2023-05-21
- Tim visited London at 2023-05-21
- John enjoys Team related FUN at 2023-05-21
2026-04-26 14:46:33,988 - Amadeus.Answerer - INFO - Step 3: READ - {'tool': 'READ', 'answer': 'Joanna prefers writing over getting pets despite her allergies because she is allergic to reptiles and fur, which are common in pets. Additionally, she enjoys writing and hanging with friends, which are activities she finds more appealing than pet ownership.'}
2026-04-26 14:46:33,988 - Amadeus.Answerer - INFO - walk_decision_raw={'tool': 'READ', 'answer': 'Joanna prefers writing over getting pets despite her allergies because she is allergic to reptiles and fur, which are common in pets. Additionally, she enjoys writing and hanging with friends, which are activities she finds more appealing than pet ownership.'}
2026-04-26 14:46:33,988 - Amadeus.Answerer - INFO - read_triggered_by=llm_decision
2026-04-26 14:46:33,988 - Amadeus.Optimizer - INFO - 🔄 Attempt 2 | Prediction: Joanna prefers writing over getting pets despite her allergies because she is allergic to reptiles and fur, which are common in pets. Additionally, she enjoys writing and hanging with friends, which a
2026-04-26 14:46:34,910 - Amadeus.Answerer - INFO - Step 3: READ - {'tool': 'READ', 'answer': "Based on the evidence, Tim's passion for Harry Potter aligns most with the Harry Potter Collection brand, as he owns it. John's interest in Sports Brands suggests a potential collaboration with brands related to sports, but since the question focuses on Tim's passion, the most aligned brand is Harry Potter Collection."}
2026-04-26 14:46:34,910 - Amadeus.Answerer - INFO - walk_decision_raw={'tool': 'READ', 'answer': "Based on the evidence, Tim's passion for Harry Potter aligns most with the Harry Potter Collection brand, as he owns it. John's interest in Sports Brands suggests a potential collaboration with brands related to sports, but since the question focuses on Tim's passion, the most aligned brand is Harry Potter Collection."}
2026-04-26 14:46:34,910 - Amadeus.Answerer - INFO - read_triggered_by=llm_decision
2026-04-26 14:46:34,910 - Amadeus.Optimizer - INFO - 🔄 Attempt 2 | Prediction: Based on the evidence, Tim's passion for Harry Potter aligns most with the Harry Potter Collection brand, as he owns it. John's interest in Sports Brands suggests a potential collaboration with brands
2026-04-26 14:46:38,110 - Amadeus.Optimizer - ERROR - Evaluate attempt failed: 'AdversarialOptimizer' object has no attribute '_parse_json_content'
2026-04-26 14:46:38,111 - Amadeus.Optimizer - WARNING - ❌ Attempt 2 FAIL | Blame: UNKNOWN | ErrorCat: llm_error | Reason: 'AdversarialOptimizer' object has no attribute '_parse_json_content'
2026-04-26 14:46:38,111 - Amadeus.Optimizer - INFO - 🔄 Attempt 3/3
2026-04-26 14:46:38,111 - Amadeus.Answerer - INFO - ❓ Question: Why does Joanna prefer writing over getting pets despite her allergies?
2026-04-26 14:46:39,211 - Amadeus.Answerer - INFO - Step 2: SEARCH - {'tool': 'SEARCH', 'query': 'Why does Joanna prefer writing over getting pets despite her allergies?', 'mode': 'hybrid', 'entry_edge_ids': ['E1'], 'entry_nodes': ['Joanna']}
2026-04-26 14:46:39,211 - Amadeus.Answerer - INFO - walk_decision_raw={'tool': 'SEARCH', 'query': 'Why does Joanna prefer writing over getting pets despite her allergies?', 'mode': 'hybrid', 'entry_edge_ids': ['E1'], 'entry_nodes': ['Joanna']}
2026-04-26 14:46:39,364 - Amadeus.Optimizer - ERROR - Evaluate attempt failed: 'AdversarialOptimizer' object has no attribute '_parse_json_content'
2026-04-26 14:46:39,364 - Amadeus.Optimizer - WARNING - ❌ Attempt 2 FAIL | Blame: UNKNOWN | ErrorCat: llm_error | Reason: 'AdversarialOptimizer' object has no attribute '_parse_json_content'
2026-04-26 14:46:39,364 - Amadeus.Optimizer - INFO - 🔄 Attempt 3/3
2026-04-26 14:46:39,364 - Amadeus.Answerer - INFO - ❓ Question: If John were to collaborate with a brand related to his interests, which type of brand would most align with Tim's passion for Harry Potter?
2026-04-26 14:46:39,838 - Amadeus.Answerer - INFO - evidence_pool_init=- Joanna is allergic to reptiles and fur
- Joanna enjoys writing and hanging with friends
- Joanna's allergies are related to reptiles and fur
2026-04-26 14:46:40,610 - Amadeus.Answerer - INFO - Step 3: READ - {'tool': 'READ', 'answer': 'Joanna prefers writing over getting pets despite her allergies because she is allergic to reptiles and fur, which are common in pets, and she enjoys writing and hanging with friends.'}
2026-04-26 14:46:40,610 - Amadeus.Answerer - INFO - walk_decision_raw={'tool': 'READ', 'answer': 'Joanna prefers writing over getting pets despite her allergies because she is allergic to reptiles and fur, which are common in pets, and she enjoys writing and hanging with friends.'}
2026-04-26 14:46:40,610 - Amadeus.Answerer - INFO - read_triggered_by=llm_decision
2026-04-26 14:46:40,610 - Amadeus.Optimizer - INFO - 🔄 Attempt 3 | Prediction: Joanna prefers writing over getting pets despite her allergies because she is allergic to reptiles and fur, which are common in pets, and she enjoys writing and hanging with friends.
2026-04-26 14:46:40,849 - Amadeus.Builder - INFO - 🔍 Schema review results | node:SupportSystem->merge(Entity); node:FamilyMembers->merge(Entity); node:Event->merge(Entity); edge:HAS_SUPPORT_SYSTEM<RelationEdge>->generalize(RelationEdge); edge:HAS_FAMILY_MEMBERS<RelationEdge>->generalize(RelationEdge); edge:ATTENDED<RelationEdge>->keep(ATTENDED<RelationEdge>); rule:SupportSystemRule->merge(Friendship Rule); rule:FamilyMembersRule->merge(Friendship Rule); rule:EventAttendanceRule->merge(Event Attendance Rule)
2026-04-26 14:46:40,850 - Experiment - INFO - [conv-26] 🧠 Schema state after post-build buffer 3 | changed=True | version=3->4 | n_selected=3 | active_node_types=['Entity'] | active_edge_types=['RelationEdge', 'ATTENDED<RelationEdge>'] | active_rules=['Friendship Rule', 'Ownership Rule', 'Interest Rule', 'Event Attendance Rule', 'Planned Activity Rule', 'Future Activity Rule', 'SupportSystemRule', 'FamilyMembersRule', 'EventAttendanceRule']
2026-04-26 14:46:40,850 - Experiment - INFO - [conv-26] 🧭 Schema refined after buffer 3; rebuilding current buffer only.
2026-04-26 14:46:41,513 - Amadeus.Answerer - INFO - Step 2: SEARCH - {'tool': 'SEARCH', 'query': "If John were to collaborate with a brand related to his interests, which type of brand would most align with Tim's passion for Harry Potter?", 'mode': 'hybrid', 'entry_edge_ids': ['E1'], 'entry_nodes': ['Tim', 'Harry Potter Collection', 'Harry Potter Fan Project', 'Harry Potter Places', 'John', 'Sports Brands', 'Collaborations', 'Endorsement Opportunities', 'Fitting into Team Style', 'London', 'Team']}
2026-04-26 14:46:41,513 - Amadeus.Answerer - INFO - walk_decision_raw={'tool': 'SEARCH', 'query': "If John were to collaborate with a brand related to his interests, which type of brand would most align with Tim's passion for Harry Potter?", 'mode': 'hybrid', 'entry_edge_ids': ['E1'], 'entry_nodes': ['Tim', 'Harry Potter Collection', 'Harry Potter Fan Project', 'Harry Potter Places', 'John', 'Sports Brands', 'Collaborations', 'Endorsement Opportunities', 'Fitting into Team Style', 'London', 'Team']}
2026-04-26 14:46:43,100 - Amadeus.Builder - INFO - 🤔 Builder CoT: Step 1: The session context is 2023-01-29. The buffer contains dialogue between Gina and Jon discussing Gina's clothing store, Jon's dance studio, and their mutual plans. Step 2: Extract facts about Gina's ad campaign, Jon's dance studio search, and their conversation about Marley flooring. Step 3: Check the graph for existing nodes and edges. Gina and Jon are already in the graph, but their current activities and specific details about the dance studio and flooring are new. Step 4: Add new facts about Gina's clothing store, Jon's dance studio progress, and Marley flooring preference.
2026-04-26 14:46:43,113 - Amadeus.Builder - INFO - 🔗 LINK: ClothingStore --LAUNCHED_AD_CAMPAIGN<RelationEdge>--> Gina (Time: 2023-01-29)
2026-04-26 14:46:43,113 - Amadeus.Builder - INFO - 🔄 UPDATE LINK: Jon --SEARCHING_FOR_SPOT<RelationEdge>--> DanceStudio (Time: 2023-01-29)
2026-04-26 14:46:43,127 - Amadeus.Builder - INFO - 🔗 LINK: MarleyFlooring --PREFERRED_FLOORING_TYPE<RelationEdge>--> Jon (Time: 2023-01-29)
2026-04-26 14:46:43,127 - Amadeus.Builder - INFO - 🔄 UPDATE LINK: Jon --FOUND_SPOT_WITH_NATURAL_LIGHT<RelationEdge>--> DanceStudio (Time: 2023-01-29)
2026-04-26 14:46:43,140 - Amadeus.Builder - INFO - 🔗 LINK: ParisVisit --VISITED_YESTERDAY<RelationEdge>--> Jon (Time: 2023-01-29)
2026-04-26 14:46:43,149 - Amadeus.Builder - INFO - 🧩 Builder schema proposals | nodes=['BusinessEntity', 'FlooringType'] | edges=['BusinessActivity', 'LocationFeature'] | rules=['BusinessActivityRule', 'LocationFeatureRule']
2026-04-26 14:46:43,149 - Amadeus.Builder - INFO - 🛠️ Builder execution summary | buffer_index=1 | replay=False | ops=5 | waits=0
2026-04-26 14:46:43,149 - Experiment - INFO - [conv-30] 🛠️ Executed buffer 2 under schema v1 | active_node_types=['Person', 'Job', 'DanceStyle', 'Entity'] | active_edge_types=['RelationEdge'] | active_rules=['JobLossRule', 'DanceStyleRule', 'CompetitionWinRule', 'FestivalPerformanceRule', 'ChoreographyRule']
2026-04-26 14:46:43,149 - Experiment - INFO - [conv-30] 🧩 Post-build schema proposals detected | node_types=['BusinessEntity', 'FlooringType'] | edge_types=['BusinessActivity', 'LocationFeature'] | rules=['BusinessActivityRule', 'LocationFeatureRule']
2026-04-26 14:46:44,167 - Amadeus.Answerer - INFO - evidence_pool_init=- Tim owns Harry Potter Collection at 2023-06-15
- Tim is working on Harry Potter Fan Project at 2023-05-21
- Tim plans to explore Harry Potter Places at 2023-05-21
- John is considering Sports Brands at 2023-06-15
- Tim is discussing Collaborations at 2023-05-21
- John is exploring Endorsement Opportunities at 2023-06-15
- John faces a challenge related to Fitting into Team Style at 2023-05-21
- Tim visited London at 2023-05-21
- John enjoys Team related FUN at 2023-05-21
2026-04-26 14:46:45,008 - Amadeus.Optimizer - ERROR - Evaluate attempt failed: 'AdversarialOptimizer' object has no attribute '_parse_json_content'
2026-04-26 14:46:45,008 - Amadeus.Optimizer - WARNING - ❌ Attempt 3 FAIL | Blame: UNKNOWN | ErrorCat: llm_error | Reason: 'AdversarialOptimizer' object has no attribute '_parse_json_content'
2026-04-26 14:46:45,008 - Amadeus.Optimizer - INFO - ⚔️ Self-Play End | Attempts: 3 | Final: FAIL | Experiences Total: 0
2026-04-26 14:46:45,008 - Experiment - INFO - [conv-42] 🔄 Flush Triggered at chunk 3. Processing Buffer...
2026-04-26 14:46:45,008 - Experiment - INFO - [conv-42] 🧠 Starting schema emergence over first up to 3 flushed buffers.
2026-04-26 14:46:45,009 - Experiment - INFO - [conv-42] 🧠 Emergence attempt with n=1
2026-04-26 14:46:45,407 - Amadeus.Answerer - INFO - Step 3: READ - {'tool': 'READ', 'answer': "Based on the evidence, Tim's passion for Harry Potter aligns most with the Harry Potter Collection brand, as he owns it. John's interest in Sports Brands suggests a potential collaboration with brands related to sports, but since the question focuses on Tim's passion, the most aligned brand is Harry Potter Collection."}
2026-04-26 14:46:45,407 - Amadeus.Answerer - INFO - walk_decision_raw={'tool': 'READ', 'answer': "Based on the evidence, Tim's passion for Harry Potter aligns most with the Harry Potter Collection brand, as he owns it. John's interest in Sports Brands suggests a potential collaboration with brands related to sports, but since the question focuses on Tim's passion, the most aligned brand is Harry Potter Collection."}
2026-04-26 14:46:45,407 - Amadeus.Answerer - INFO - read_triggered_by=llm_decision
2026-04-26 14:46:45,407 - Amadeus.Optimizer - INFO - 🔄 Attempt 3 | Prediction: Based on the evidence, Tim's passion for Harry Potter aligns most with the Harry Potter Collection brand, as he owns it. John's interest in Sports Brands suggests a potential collaboration with brands
2026-04-26 14:46:47,979 - Amadeus.Builder - INFO - 🔍 Schema review results | node:BusinessEntity->merge(Entity); node:FlooringType->reject(Entity); edge:BusinessActivity->generalize(RelationEdge); edge:LocationFeature->generalize(RelationEdge); rule:BusinessActivityRule->reject(DanceStyleRule); rule:LocationFeatureRule->reject(FestivalPerformanceRule)
2026-04-26 14:46:47,980 - Experiment - INFO - [conv-30] 🧠 Schema state after post-build buffer 2 | changed=True | version=1->2 | n_selected=2 | active_node_types=['Person', 'Job', 'DanceStyle', 'Entity'] | active_edge_types=['RelationEdge'] | active_rules=['JobLossRule', 'DanceStyleRule', 'CompetitionWinRule', 'FestivalPerformanceRule', 'ChoreographyRule']
2026-04-26 14:46:47,980 - Experiment - INFO - [conv-30] 🧭 Schema refined after buffer 2; rebuilding current buffer only.
2026-04-26 14:46:48,958 - Amadeus.Optimizer - ERROR - Evaluate attempt failed: 'AdversarialOptimizer' object has no attribute '_parse_json_content'
2026-04-26 14:46:48,958 - Amadeus.Optimizer - WARNING - ❌ Attempt 3 FAIL | Blame: UNKNOWN | ErrorCat: llm_error | Reason: 'AdversarialOptimizer' object has no attribute '_parse_json_content'
2026-04-26 14:46:48,958 - Amadeus.Optimizer - INFO - ⚔️ Self-Play End | Attempts: 3 | Final: FAIL | Experiences Total: 0
2026-04-26 14:46:48,958 - Experiment - INFO - [conv-43] 🔄 Flush Triggered at chunk 3. Processing Buffer...
2026-04-26 14:46:48,958 - Experiment - INFO - [conv-43] 🧠 Starting schema emergence over first up to 3 flushed buffers.
2026-04-26 14:46:48,958 - Experiment - INFO - [conv-43] 🧠 Emergence attempt with n=1
2026-04-26 14:46:51,244 - Amadeus.Builder - INFO - 🧠 Schema emergence | stable=True | reason=The schema is stable as the current buffer does not introduce new concepts that require additional node or edge types. The existing types and rules can adequately represent the content. | node_types=[] | edge_types=[] | rules=[]
2026-04-26 14:46:51,244 - Amadeus.Builder - INFO - 🧠 Schema emergence analysis: The buffer contains discussions about collaborations, team memberships, and shared interests. Key elements include the Minnesota Wolves team, Harry Potter fan project, and personal collections. The schema needs to capture these elements without over-specializing. The existing schema already includes Entity and RelationEdge, which can represent teams, projects, and collections. No new node types are needed as these are specific instances. The edge types can be used to represent participation, collaboration, and ownership.
2026-04-26 14:46:51,244 - Experiment - INFO - [conv-43] 🧠 Emergence declared stable at n=1
2026-04-26 14:46:51,244 - Experiment - INFO - [conv-43] 🧠 No schema proposals to apply from emergence.
2026-04-26 14:46:53,011 - Amadeus.Builder - INFO - 🤔 Builder CoT: Step 1: The session context is 9 June 2023. The buffer contains dialogue between Caroline and Melanie discussing their personal journeys, support systems, and family. Step 2: Extract facts about their events, support systems, and family relationships. Step 3: Check if these facts exist in the graph. For example, Caroline's event is a new fact, so ADD. Melanie's family is already in the graph, so UPDATE. Step 4: Ensure all details like dates, relationships, and support systems are captured.
2026-04-26 14:46:53,022 - Amadeus.Builder - INFO - 🔗 LINK: Caroline's School Event --Talked about transgender journey and encouraged students to get involved in the LGBTQ community<PLANNED>--> Caroline (Time: 2023-06-04)
2026-04-26 14:46:53,022 - Amadeus.Builder - INFO - 🔄 UPDATE LINK: Melanie's Family --Husband and Kids<HAS_FAMILY_MEMBERS>--> Melanie (Time: 2023-06-09)
2026-04-26 14:46:53,022 - Amadeus.Builder - INFO - 🔗 LINK: Caroline's Support System --Friends, family, and mentors<HAS_SUPPORT_SYSTEM>--> Caroline (Time: 2023-06-09)
2026-04-26 14:46:53,028 - Amadeus.Builder - INFO - 🧩 Builder schema proposals | nodes=['Entity'] | edges=['RelationEdge'] | rules=['EventCreationRule', 'SupportSystemUpdateRule', 'FamilyRelationshipUpdateRule']
2026-04-26 14:46:53,028 - Amadeus.Builder - INFO - 🛠️ Builder execution summary | buffer_index=2 | replay=False | ops=3 | waits=0
2026-04-26 14:46:53,028 - Amadeus.Optimizer - INFO - ⚔️ Self-Play Start | Mode: iterative-retry, MaxRetries: 3
2026-04-26 14:46:55,323 - Amadeus.Questioner - INFO - Questioner CoT: First, I analyzed the buffer to identify key entities and themes. The conversation centers on Caroline and Melanie discussing their personal journeys, support systems, and family. I noticed implicit themes of gratitude, the importance of community, and the impact of shared experiences. A question about the emotional impact of their conversations would test implicit inference.
2026-04-26 14:46:55,324 - Amadeus.Optimizer - INFO - ⚔️ Question: What emotional impact did their conversation have on Caroline?
2026-04-26 14:46:55,324 - Amadeus.Optimizer - INFO - ⚔️ Ground Truth: Caroline felt grateful and inspired by Melanie's support and the shared emphasis on community and family.
2026-04-26 14:46:55,324 - Amadeus.Optimizer - INFO - 🔄 Attempt 1/3
2026-04-26 14:46:55,324 - Amadeus.Answerer - INFO - ❓ Question: What emotional impact did their conversation have on Caroline?
2026-04-26 14:46:58,816 - Amadeus.Builder - INFO - 🤔 Builder CoT: Step 1: Date is 2023-01-29. Entities are Gina and Jon. Step 2: New facts include Gina launching an ad campaign, Jon finding a spot with natural light, and discussing Marley flooring. Step 3: Graph has no 'ClothingStore' or 'MarleyFlooring' nodes, so ADD them. Step 4: Include the timing detail in content.
2026-04-26 14:46:58,816 - Amadeus.Builder - INFO - 🔗 LINK: ClothingStore --LAUNCHED_AD_CAMPAIGN<RelationEdge>--> Gina (Time: 2023-01-29)
2026-04-26 14:46:58,816 - Amadeus.Builder - INFO - 🔗 LINK: MarleyFlooring --PREFERRED_FLOORING_TYPE<RelationEdge>--> Jon (Time: 2023-01-29)
2026-04-26 14:46:58,824 - Amadeus.Builder - INFO - 🧩 Builder schema proposals | nodes=['Entity'] | edges=['RelationEdge'] | rules=[]
2026-04-26 14:46:58,824 - Amadeus.Builder - INFO - 🛠️ Builder execution summary | buffer_index=1 | replay=False | ops=2 | waits=0
2026-04-26 14:46:58,824 - Amadeus.Optimizer - INFO - ⚔️ Self-Play Start | Mode: iterative-retry, MaxRetries: 3
2026-04-26 14:47:00,638 - Amadeus.Builder - INFO - 🧠 Schema emergence | stable=True | reason=The schema already includes all necessary node types (CreativeWork, Event, Hobby) and edge types (ENJOYS, ATTENDS, RECOMMENDS_FOR, CREATED) to represent the conversation. No new node types or edge types are needed as the existing ones cover the content adequately. The temporal normalization and entity resolution rules are also applicable. | node_types=['CreativeWork', 'Event', 'Hobby'] | edge_types=['CREATED', 'ENJOYS', 'ATTENDS', 'RECOMMENDS_FOR', 'PRINTED', 'SUBMITTED_TO_FILM_FESTIVALS'] | rules=['TemporalNormalizationRule', 'EntityResolutionRule']
2026-04-26 14:47:00,638 - Amadeus.Builder - INFO - 🧠 Schema emergence analysis: The conversation between Nate and Joanna reveals several key elements that can be mapped to the existing schema. The discussion includes creative works (Counter-Strike: Global Offensive, a movie), hobbies (video games, movies, reading, nature exploration), events (video game tournament), and recommendations. The existing node types like CreativeWork, Event, Hobby, and the edge types like ENJOYS, ATTENDS, RECOMMENDS_FOR, and CREATED are sufficient to represent the content. The schema is stable as it covers the necessary elements without requiring new types or edges.
2026-04-26 14:47:00,638 - Experiment - INFO - [conv-42] 🧠 Emergence declared stable at n=1
2026-04-26 14:47:01,582 - Amadeus.Questioner - INFO - Questioner CoT: First, I analyzed the buffer to identify key entities and relationships. I noticed that Gina and Jon are discussing their respective ventures - Gina's clothing store and Jon's dance studio. The conversation includes details about their experiences, challenges, and aspirations. For an IMPLICIT_INFER question, I focused on the emotional undertones and underlying motivations. Gina's mention of 'scary and rewarding' and Jon's 'mix of exciting and nerve-wracking' suggest emotional states. The question should probe into the implied emotional support between them.
2026-04-26 14:47:01,583 - Amadeus.Optimizer - INFO - ⚔️ Question: What underlying emotional support can be inferred from Gina's encouragement to Jon during their conversation?
2026-04-26 14:47:01,583 - Amadeus.Optimizer - INFO - ⚔️ Ground Truth: Gina's encouragement implies she believes in Jon's ability to succeed and is emotionally supportive of his endeavors.
2026-04-26 14:47:01,583 - Amadeus.Optimizer - INFO - 🔄 Attempt 1/3
2026-04-26 14:47:01,583 - Amadeus.Answerer - INFO - ❓ Question: What underlying emotional support can be inferred from Gina's encouragement to Jon during their conversation?
2026-04-26 14:47:03,090 - Amadeus.Answerer - INFO - Step 2: SEARCH - {'tool': 'SEARCH', 'query': "What underlying emotional support can be inferred from Gina's encouragement to Jon during their conversation?", 'mode': 'hybrid', 'entry_edge_ids': ['E1', 'E2'], 'entry_nodes': ['Gina', 'Jon']}
2026-04-26 14:47:03,090 - Amadeus.Answerer - INFO - walk_decision_raw={'tool': 'SEARCH', 'query': "What underlying emotional support can be inferred from Gina's encouragement to Jon during their conversation?", 'mode': 'hybrid', 'entry_edge_ids': ['E1', 'E2'], 'entry_nodes': ['Gina', 'Jon']}
2026-04-26 14:47:03,829 - Amadeus.Answerer - INFO - evidence_pool_init=- Gina --LOST--> Job @ 2023-01-20
- Jon --LOST--> Job @ 2023-01-20
2026-04-26 14:47:04,939 - Amadeus.Answerer - INFO - Step 3: READ - {'tool': 'READ', 'answer': "The emotional support inferred from Gina's encouragement to Jon during their conversation suggests a sense of camaraderie and mutual respect, possibly indicating shared interests in dance and collaborative efforts, given their connections to DanceStyle, FestivalPerformance, and DanceTeam."}
2026-04-26 14:47:04,939 - Amadeus.Answerer - INFO - walk_decision_raw={'tool': 'READ', 'answer': "The emotional support inferred from Gina's encouragement to Jon during their conversation suggests a sense of camaraderie and mutual respect, possibly indicating shared interests in dance and collaborative efforts, given their connections to DanceStyle, FestivalPerformance, and DanceTeam."}
2026-04-26 14:47:04,939 - Amadeus.Answerer - INFO - read_triggered_by=llm_decision
2026-04-26 14:47:04,940 - Amadeus.Optimizer - INFO - 🔄 Attempt 1 | Prediction: The emotional support inferred from Gina's encouragement to Jon during their conversation suggests a sense of camaraderie and mutual respect, possibly indicating shared interests in dance and collabor
2026-04-26 14:47:08,935 - Amadeus.Optimizer - ERROR - Evaluate attempt failed: 'AdversarialOptimizer' object has no attribute '_parse_json_content'
2026-04-26 14:47:08,935 - Amadeus.Optimizer - WARNING - ❌ Attempt 1 FAIL | Blame: UNKNOWN | ErrorCat: llm_error | Reason: 'AdversarialOptimizer' object has no attribute '_parse_json_content'
2026-04-26 14:47:08,935 - Amadeus.Optimizer - INFO - 🔄 Attempt 2/3
2026-04-26 14:47:08,935 - Amadeus.Answerer - INFO - ❓ Question: What underlying emotional support can be inferred from Gina's encouragement to Jon during their conversation?
2026-04-26 14:47:09,145 - Amadeus.Builder - INFO - 🔍 Schema review results | node:CreativeWork->keep(CreativeWork); node:Event->keep(Event); node:Hobby->merge(Entity); edge:CREATED->keep(CREATED); edge:ENJOYS->keep(ENJOYS); edge:ATTENDS->keep(ATTENDS); edge:RECOMMENDS_FOR->keep(RECOMMENDS_FOR); edge:PRINTED->keep(PRINTED); edge:SUBMITTED_TO_FILM_FESTIVALS->generalize(RelationEdge); rule:TemporalNormalizationRule->keep(TemporalNormalizationRule); rule:EntityResolutionRule->keep(EntityResolutionRule)
2026-04-26 14:47:09,147 - Experiment - INFO - [conv-42] 🧠 Schema state after emergence | changed=True | version=3->4 | n_selected=2 | active_node_types=['CreativeWork', 'HealthCondition', 'Pet', 'Hobby', 'Event', 'Entity'] | active_edge_types=['CREATED', 'PRINTED', 'RelationEdge', 'ALLERGIC_TO', 'OWNED', 'RECOMMENDS_FOR', 'ATTENDS', 'ENJOYS'] | active_rules=['TemporalNormalizationRule', 'EntityResolutionRule']
2026-04-26 14:47:09,147 - Experiment - INFO - [conv-42] 🧭 Schema updated to v4; rebuilding current buffer only.
2026-04-26 14:47:10,488 - Amadeus.Answerer - INFO - Step 2: SEARCH - {'tool': 'SEARCH', 'query': "What underlying emotional support can be inferred from Gina's encouragement to Jon during their conversation?", 'mode': 'hybrid', 'entry_edge_ids': ['E1', 'E2'], 'entry_nodes': ['Gina', 'Jon']}
2026-04-26 14:47:10,488 - Amadeus.Answerer - INFO - walk_decision_raw={'tool': 'SEARCH', 'query': "What underlying emotional support can be inferred from Gina's encouragement to Jon during their conversation?", 'mode': 'hybrid', 'entry_edge_ids': ['E1', 'E2'], 'entry_nodes': ['Gina', 'Jon']}
2026-04-26 14:47:11,212 - Amadeus.Answerer - INFO - evidence_pool_init=- Gina --LOST--> Job @ 2023-01-20
- Jon --LOST--> Job @ 2023-01-20
2026-04-26 14:47:12,297 - Amadeus.Answerer - INFO - Step 3: READ - {'tool': 'READ', 'answer': "The emotional support inferred from Gina's encouragement to Jon during their conversation suggests a sense of camaraderie and mutual respect, possibly indicating shared interests in dance and collaborative efforts, given their connections to DanceStyle, FestivalPerformance, and DanceTeam."}
2026-04-26 14:47:12,297 - Amadeus.Answerer - INFO - walk_decision_raw={'tool': 'READ', 'answer': "The emotional support inferred from Gina's encouragement to Jon during their conversation suggests a sense of camaraderie and mutual respect, possibly indicating shared interests in dance and collaborative efforts, given their connections to DanceStyle, FestivalPerformance, and DanceTeam."}
2026-04-26 14:47:12,298 - Amadeus.Answerer - INFO - read_triggered_by=llm_decision
2026-04-26 14:47:12,298 - Amadeus.Optimizer - INFO - 🔄 Attempt 2 | Prediction: The emotional support inferred from Gina's encouragement to Jon during their conversation suggests a sense of camaraderie and mutual respect, possibly indicating shared interests in dance and collabor
2026-04-26 14:47:16,601 - Amadeus.Optimizer - ERROR - Evaluate attempt failed: 'AdversarialOptimizer' object has no attribute '_parse_json_content'
2026-04-26 14:47:16,601 - Amadeus.Optimizer - WARNING - ❌ Attempt 2 FAIL | Blame: UNKNOWN | ErrorCat: llm_error | Reason: 'AdversarialOptimizer' object has no attribute '_parse_json_content'
2026-04-26 14:47:16,601 - Amadeus.Optimizer - INFO - 🔄 Attempt 3/3
2026-04-26 14:47:16,601 - Amadeus.Answerer - INFO - ❓ Question: What underlying emotional support can be inferred from Gina's encouragement to Jon during their conversation?
2026-04-26 14:47:18,033 - Amadeus.Answerer - INFO - Step 2: SEARCH - {'tool': 'SEARCH', 'query': "What underlying emotional support can be inferred from Gina's encouragement to Jon during their conversation?", 'mode': 'hybrid', 'entry_edge_ids': ['E1', 'E2'], 'entry_nodes': ['Gina', 'Jon']}
2026-04-26 14:47:18,033 - Amadeus.Answerer - INFO - walk_decision_raw={'tool': 'SEARCH', 'query': "What underlying emotional support can be inferred from Gina's encouragement to Jon during their conversation?", 'mode': 'hybrid', 'entry_edge_ids': ['E1', 'E2'], 'entry_nodes': ['Gina', 'Jon']}
2026-04-26 14:47:18,768 - Amadeus.Answerer - INFO - evidence_pool_init=- Gina --LOST--> Job @ 2023-01-20
- Jon --LOST--> Job @ 2023-01-20
2026-04-26 14:47:19,431 - Amadeus.Builder - INFO - 🤔 Builder CoT: Step 1: The session context is 16 July 2023. All relative time expressions will be resolved against this date. Step 2: The buffer contains multiple facts about John and Tim's recent activities, achievements, and plans. Step 3: Check each fact against the existing graph. John's endorsement deals with Nike and Gatorade are new, while his previous deals with Sports Brands are already in the graph. Tim's conversation with a Harry Potter fan in California is new. Step 4: Add new facts, update existing ones, and ensure all details are captured.
2026-04-26 14:47:19,432 - Amadeus.Builder - INFO - 🔄 UPDATE LINK: John --CONSIDERING<RelationEdge>--> Sports Brands (Time: 2023-06-15)
2026-04-26 14:47:19,445 - Amadeus.Builder - INFO - 🔗 LINK: John --SIGNED_WITH<RelationEdge>--> Nike (Time: 2023-07-16)
2026-04-26 14:47:19,457 - Amadeus.Builder - INFO - 🔗 LINK: John --IN_TALKS_WITH<RelationEdge>--> Gatorade (Time: 2023-07-16)
2026-04-26 14:47:19,469 - Amadeus.Builder - INFO - 🔗 LINK: Tim --CHATTED_WITH<RelationEdge>--> Harry Potter Fan (Time: 2023-07-16)
2026-04-26 14:47:19,480 - Amadeus.Builder - INFO - 🔗 LINK: John --GAME_IN<RelationEdge>--> Seattle (Time: 2023-08-01)
2026-04-26 14:47:19,492 - Amadeus.Builder - INFO - 🔗 LINK: John --EXPERIENCED<RelationEdge>--> Surfing (Time: 2023-07-16)
2026-04-26 14:47:19,498 - Amadeus.Builder - INFO - 🔗 LINK: John --CONNECTED_TO<RelationEdge>--> Nature (Time: 2023-07-16)
2026-04-26 14:47:19,506 - Amadeus.Builder - INFO - 🧩 Builder schema proposals | nodes=['Brand', 'Location', 'Activity'] | edges=['SIGNED_WITH', 'IN_TALKS_WITH', 'CHATTED_WITH', 'GAME_IN', 'EXPERIENCED', 'CONNECTED_TO'] | rules=['EndorsementDealRule', 'OngoingNegotiationRule', 'ConversationWithFanRule', 'UpcomingGameRule', 'ActivityExperienceRule', 'EmotionalConnectionRule']
2026-04-26 14:47:19,506 - Amadeus.Builder - INFO - 🛠️ Builder execution summary | buffer_index=2 | replay=False | ops=7 | waits=0
2026-04-26 14:47:19,506 - Experiment - INFO - [conv-43] 🛠️ Executed buffer 3 under schema v2 | active_node_types=['Entity'] | active_edge_types=['RelationEdge'] | active_rules=['TemporalNormalizationRule', 'SubjectResolutionRule', 'MinimalismRule', 'AmbiguityAversionRule', 'CompletenessRule', 'ForumJoinRule', 'EndorsementExplorationRule', 'BrandConsiderationRule', 'CollectionOwnershipRule', 'GameParticipationRule']
2026-04-26 14:47:19,506 - Experiment - INFO - [conv-43] 🧩 Post-build schema proposals detected | node_types=['Brand', 'Location', 'Activity'] | edge_types=['SIGNED_WITH', 'IN_TALKS_WITH', 'CHATTED_WITH', 'GAME_IN', 'EXPERIENCED', 'CONNECTED_TO'] | rules=['EndorsementDealRule', 'OngoingNegotiationRule', 'ConversationWithFanRule', 'UpcomingGameRule', 'ActivityExperienceRule', 'EmotionalConnectionRule']
2026-04-26 14:47:19,911 - Amadeus.Answerer - INFO - Step 3: READ - {'tool': 'READ', 'answer': "The emotional support inferred from Gina's encouragement to Jon during their conversation suggests a sense of camaraderie and mutual respect, possibly indicating shared interests in dance and collaborative efforts, given their connections to DanceStyle, FestivalPerformance, and DanceTeam."}
2026-04-26 14:47:19,911 - Amadeus.Answerer - INFO - walk_decision_raw={'tool': 'READ', 'answer': "The emotional support inferred from Gina's encouragement to Jon during their conversation suggests a sense of camaraderie and mutual respect, possibly indicating shared interests in dance and collaborative efforts, given their connections to DanceStyle, FestivalPerformance, and DanceTeam."}
2026-04-26 14:47:19,911 - Amadeus.Answerer - INFO - read_triggered_by=llm_decision
2026-04-26 14:47:19,911 - Amadeus.Optimizer - INFO - 🔄 Attempt 3 | Prediction: The emotional support inferred from Gina's encouragement to Jon during their conversation suggests a sense of camaraderie and mutual respect, possibly indicating shared interests in dance and collabor
2026-04-26 14:47:23,380 - Amadeus.Optimizer - ERROR - Evaluate attempt failed: 'AdversarialOptimizer' object has no attribute '_parse_json_content'
2026-04-26 14:47:23,380 - Amadeus.Optimizer - WARNING - ❌ Attempt 3 FAIL | Blame: UNKNOWN | ErrorCat: llm_error | Reason: 'AdversarialOptimizer' object has no attribute '_parse_json_content'
2026-04-26 14:47:23,380 - Amadeus.Optimizer - INFO - ⚔️ Self-Play End | Attempts: 3 | Final: FAIL | Experiences Total: 0
2026-04-26 14:47:23,380 - Experiment - INFO - [conv-30] 🔄 Flush Triggered at chunk 3. Processing Buffer...
2026-04-26 14:47:23,380 - Experiment - INFO - [conv-30] 🧠 Starting schema emergence over first up to 3 flushed buffers.
2026-04-26 14:47:23,380 - Experiment - INFO - [conv-30] 🧠 Emergence attempt with n=1
2026-04-26 14:47:29,992 - Amadeus.Builder - INFO - 🤔 Builder CoT: Step 1: The session context is 7 February, 2022. All dates in the buffer are relative to this. Step 2: The buffer contains multiple facts about Joanna's screenplay submission, her emotional state, Nate's coconut milk ice cream, and movie recommendations. Step 3: Check if these facts exist in the graph. The screenplay submission and movie recommendations are already present, but the emotional state and new ice cream creation are new. Step 4: Add the new facts about the emotional state and ice cream creation, update the existing facts with more details, and ensure all timestamps are normalized to absolute dates.
2026-04-26 14:47:29,992 - Amadeus.Builder - INFO - 🔄 UPDATE LINK: Screenplay --SUBMITTED_TO_FILM_FESTIVALS<RelationEdge>--> Joanna (Time: 2022-02-07)
2026-04-26 14:47:30,004 - Amadeus.Builder - INFO - 🔗 LINK: EmotionalState --Experiencing relief, excitement, and worry about the screenplay submission<RelationEdge>--> Joanna (Time: 2022-02-07)
2026-04-26 14:47:30,019 - Amadeus.Builder - INFO - 🔗 LINK: CoconutMilkIceCream --Created coconut milk ice cream<RelationEdge>--> Nate (Time: 2022-02-07)
2026-04-26 14:47:30,032 - Amadeus.Builder - INFO - 🔗 LINK: DairyFreeDesserts --Enjoys coconut milk, chocolate, and mixed berry flavors<RelationEdge>--> Nate (Time: 2022-02-07)
2026-04-26 14:47:30,044 - Amadeus.Builder - INFO - 🔗 LINK: MovieRecommendation --Recommended 'Little Women'<RelationEdge>--> Joanna (Time: 2022-02-07)
2026-04-26 14:47:30,056 - Amadeus.Builder - INFO - 🔗 LINK: MovieWatched --Watched 'Little Women'<RelationEdge>--> Joanna (Time: 2022-02-07)
2026-04-26 14:47:30,056 - Amadeus.Builder - INFO - 🔗 LINK: MovieWatched --Watched 'Little Women'<RelationEdge>--> Nate (Time: 2022-02-07)
2026-04-26 14:47:30,061 - Amadeus.Builder - INFO - 🧩 Builder schema proposals | nodes=['EmotionalState', 'DairyFreeDesserts', 'MovieRecommendation', 'MovieWatched'] | edges=['EMOTIONAL_STATE', 'CREATED', 'ENJOYS', 'RECOMMENDED_MOVIE', 'WATCHED_MOVIE'] | rules=['EmotionalStateNormalizationRule', 'DairyFreeDessertPreferenceRule', 'MovieRecommendationRule', 'MovieWatchedRule']
2026-04-26 14:47:30,061 - Amadeus.Builder - INFO - 🛠️ Builder execution summary | buffer_index=2 | replay=False | ops=7 | waits=0
2026-04-26 14:47:30,061 - Experiment - INFO - [conv-42] 🛠️ Executed buffer 3 under schema v4 | active_node_types=['CreativeWork', 'HealthCondition', 'Pet', 'Hobby', 'Event', 'Entity'] | active_edge_types=['CREATED', 'PRINTED', 'RelationEdge', 'ALLERGIC_TO', 'OWNED', 'RECOMMENDS_FOR', 'ATTENDS', 'ENJOYS'] | active_rules=['TemporalNormalizationRule', 'EntityResolutionRule']
2026-04-26 14:47:30,061 - Experiment - INFO - [conv-42] 🧩 Post-build schema proposals detected | node_types=['EmotionalState', 'DairyFreeDesserts', 'MovieRecommendation', 'MovieWatched'] | edge_types=['EMOTIONAL_STATE', 'CREATED', 'ENJOYS', 'RECOMMENDED_MOVIE', 'WATCHED_MOVIE'] | rules=['EmotionalStateNormalizationRule', 'DairyFreeDessertPreferenceRule', 'MovieRecommendationRule', 'MovieWatchedRule']
2026-04-26 14:47:33,155 - Amadeus.Builder - INFO - 🔍 Schema review results | node:Brand->merge(Entity); node:Location->keep(Location); node:Activity->merge(Entity); edge:SIGNED_WITH->generalize(RelationEdge); edge:IN_TALKS_WITH->generalize(RelationEdge); edge:CHATTED_WITH->generalize(RelationEdge); edge:GAME_IN->generalize(RelationEdge); edge:EXPERIENCED->generalize(RelationEdge); edge:CONNECTED_TO->generalize(RelationEdge); rule:EndorsementDealRule->keep(EndorsementDealRule); rule:OngoingNegotiationRule->keep(OngoingNegotiationRule); rule:ConversationWithFanRule->keep(ConversationWithFanRule); rule:UpcomingGameRule->keep(UpcomingGameRule); rule:ActivityExperienceRule->keep(ActivityExperienceRule); rule:EmotionalConnectionRule->keep(EmotionalConnectionRule)
2026-04-26 14:47:33,157 - Experiment - INFO - [conv-43] 🧠 Schema state after post-build buffer 3 | changed=True | version=2->3 | n_selected=3 | active_node_types=['Entity', 'Location'] | active_edge_types=['RelationEdge'] | active_rules=['TemporalNormalizationRule', 'SubjectResolutionRule', 'MinimalismRule', 'AmbiguityAversionRule', 'CompletenessRule', 'ForumJoinRule', 'EndorsementExplorationRule', 'BrandConsiderationRule', 'CollectionOwnershipRule', 'GameParticipationRule', 'EndorsementDealRule', 'OngoingNegotiationRule', 'ConversationWithFanRule', 'UpcomingGameRule', 'ActivityExperienceRule', 'EmotionalConnectionRule']
2026-04-26 14:47:33,157 - Experiment - INFO - [conv-43] 🧭 Schema refined after buffer 3; rebuilding current buffer only.
2026-04-26 14:47:41,220 - Amadeus.Builder - INFO - 🧠 Schema emergence | stable=True | reason=The schema effectively captures the key elements of the conversation: job loss, dance passion, competition wins, and festival performances. The existing node types and edge types are sufficient to represent the interactions without over-specialization. No new node types or edge types are needed for the current buffer, and the schema is consistent with the requirements. | node_types=['Person', 'Job', 'DanceStyle', 'Entity'] | edge_types=['RelationEdge'] | rules=['JobLossRule', 'DanceStyleRule', 'CompetitionWinRule', 'FestivalPerformanceRule', 'ChoreographyRule']
2026-04-26 14:47:41,220 - Amadeus.Builder - INFO - 🧠 Schema emergence analysis: The conversation between Jon and Gina reveals a rich set of interactions that can be modeled with a schema focused on personal experiences, job transitions, dance activities, and community engagement. The dialogue includes job loss, entrepreneurship, dance styles, competition wins, and festival performances. The schema should capture these elements without over-specializing node types or edge types. The current schema already includes Person, Job, DanceStyle, and Entity, which are sufficient to represent the conversation. The edge types like LOST, FAVORITE_STYLE, WON_COMPETITION, PERFORMING, and CHOREOGRAPHY_COMPLETED are appropriate for the interactions described. The schema is stable as it covers the necessary elements without requiring additional buffers.
2026-04-26 14:47:41,220 - Experiment - INFO - [conv-30] 🧠 Emergence declared stable at n=1
2026-04-26 14:47:41,644 - Amadeus.Builder - INFO - 🔍 Schema review results | node:EmotionalState->merge(Entity); node:DairyFreeDesserts->reject(Hobby); node:MovieRecommendation->merge(Entity); node:MovieWatched->merge(Entity); edge:EMOTIONAL_STATE->generalize(RelationEdge); edge:CREATED->reject(CREATED); edge:ENJOYS->generalize(RelationEdge); edge:RECOMMENDED_MOVIE->generalize(RelationEdge); edge:WATCHED_MOVIE->generalize(RelationEdge); rule:EmotionalStateNormalizationRule->reject(TemporalNormalizationRule); rule:DairyFreeDessertPreferenceRule->reject(EntityResolutionRule); rule:MovieRecommendationRule->reject(EntityResolutionRule); rule:MovieWatchedRule->reject(EntityResolutionRule)
2026-04-26 14:47:41,645 - Experiment - INFO - [conv-42] 🧠 Schema state after post-build buffer 3 | changed=True | version=4->5 | n_selected=3 | active_node_types=['CreativeWork', 'HealthCondition', 'Pet', 'Hobby', 'Event', 'Entity'] | active_edge_types=['CREATED', 'PRINTED', 'RelationEdge', 'ALLERGIC_TO', 'OWNED', 'RECOMMENDS_FOR', 'ATTENDS', 'ENJOYS'] | active_rules=['TemporalNormalizationRule', 'EntityResolutionRule']
2026-04-26 14:47:41,645 - Experiment - INFO - [conv-42] 🧭 Schema refined after buffer 3; rebuilding current buffer only.
2026-04-26 14:47:49,390 - Amadeus.Builder - INFO - 🔍 Schema review results | node:Person->keep(Person); node:Job->keep(Job); node:DanceStyle->keep(DanceStyle); node:Entity->keep(Entity); edge:RelationEdge->generalize(RelationEdge); rule:JobLossRule->keep(JobLossRule); rule:DanceStyleRule->keep(DanceStyleRule); rule:CompetitionWinRule->keep(CompetitionWinRule); rule:FestivalPerformanceRule->keep(FestivalPerformanceRule); rule:ChoreographyRule->keep(ChoreographyRule)
2026-04-26 14:47:49,391 - Experiment - INFO - [conv-30] 🧠 Schema state after emergence | changed=False | version=2->2 | n_selected=2 | active_node_types=['Person', 'Job', 'DanceStyle', 'Entity'] | active_edge_types=['RelationEdge'] | active_rules=['JobLossRule', 'DanceStyleRule', 'CompetitionWinRule', 'FestivalPerformanceRule', 'ChoreographyRule']
2026-04-26 14:47:52,561 - Amadeus.Builder - INFO - 🤔 Builder CoT: Step 1: The session context is 2023-07-16. The buffer contains multiple facts about John and Tim's conversation. Step 2: Extract atomic facts like John's 40-point game, his celebration, endorsement deals with Nike and Gatorade, and his upcoming game in Seattle. Step 3: Check if these facts exist in the graph. John's endorsement with Nike and Gatorade are already present, but the details about the 40-point game, celebration, and Seattle game are new. Step 4: Add these new facts with the correct timestamps.
2026-04-26 14:47:52,574 - Amadeus.Builder - INFO - 🔗 LINK: Game --Scored 40 points, highest ever<ACHIEVED>--> John (Time: 2023-07-15)
2026-04-26 14:47:52,574 - Amadeus.Builder - INFO - 🔗 LINK: John --Celebrated at a restaurant after game<CELEBRATED>--> Team (Time: 2023-07-15)
2026-04-26 14:47:52,574 - Amadeus.Builder - INFO - 🔗 LINK: John --Upcoming game next month<GAME_IN>--> Seattle (Time: 2023-08-01)
2026-04-26 14:47:52,574 - Amadeus.Builder - INFO - 🔄 UPDATE LINK: John --Signed for basketball shoe and gear deal<SIGNED_WITH>--> Nike (Time: 2023-07-16)
2026-04-26 14:47:52,574 - Amadeus.Builder - INFO - 🔄 UPDATE LINK: John --In talks about potential sponsorship<IN_TALKS_WITH>--> Gatorade (Time: 2023-07-16)
2026-04-26 14:47:52,582 - Amadeus.Builder - INFO - 🧩 Builder schema proposals | nodes=['Event', 'Activity'] | edges=['ACHIEVED', 'CELEBRATED', 'GAME_IN'] | rules=['GameAchievementRule', 'CelebrationRule', 'UpcomingGameRule']
2026-04-26 14:47:52,582 - Amadeus.Builder - INFO - 🛠️ Builder execution summary | buffer_index=2 | replay=False | ops=5 | waits=0
2026-04-26 14:47:52,582 - Amadeus.Optimizer - INFO - ⚔️ Self-Play Start | Mode: iterative-retry, MaxRetries: 3
2026-04-26 14:47:52,808 - Amadeus.Builder - INFO - 🤔 Builder CoT: Step 1: The session context is 1 February 2023. The buffer contains dialogue between Jon and Gina discussing their respective ventures. Step 2: Extract facts about Jon's dance studio search and Gina's clothing store expansion. Step 3: Check the graph for existing nodes and edges related to these topics. Jon's dance studio search is already in the graph with the edge FOUND_SPOT_WITH_NATURAL_LIGHT. Gina's clothing store has an edge LAUNCHED_AD_CAMPAIGN. Step 4: Update the graph with new details about Gina's store design and Jon's determination.
2026-04-26 14:47:52,808 - Amadeus.Builder - INFO - 🔄 UPDATE LINK: Gina --DESIGN_COMPLETED<RelationEdge>--> ClothingStore (Time: 2023-02-01)
2026-04-26 14:47:52,816 - Amadeus.Builder - INFO - 🛠️ Builder execution summary | buffer_index=2 | replay=False | ops=1 | waits=0
2026-04-26 14:47:52,816 - Experiment - INFO - [conv-30] 🛠️ Executed buffer 3 under schema v2 | active_node_types=['Person', 'Job', 'DanceStyle', 'Entity'] | active_edge_types=['RelationEdge'] | active_rules=['JobLossRule', 'DanceStyleRule', 'CompetitionWinRule', 'FestivalPerformanceRule', 'ChoreographyRule']
2026-04-26 14:47:52,816 - Amadeus.Optimizer - INFO - ⚔️ Self-Play Start | Mode: iterative-retry, MaxRetries: 3
2026-04-26 14:47:55,123 - Amadeus.Questioner - INFO - Questioner CoT: First, I analyzed the buffer to identify key entities and relationships. I noticed Gina's focus on creating a comfortable and inviting space for her customers, emphasizing comfort and style. The implicit inference can be made about her emotional state or the intended customer experience. The question should target the underlying motivation or feeling behind her design choices.
2026-04-26 14:47:55,123 - Amadeus.Optimizer - INFO - ⚔️ Question: What does Gina's emphasis on comfort and style in her store design suggest about her priorities as a business owner?
2026-04-26 14:47:55,123 - Amadeus.Optimizer - INFO - ⚔️ Ground Truth: Gina prioritizes creating a welcoming and stylish environment to enhance customer experience and encourage repeat visits.
2026-04-26 14:47:55,124 - Amadeus.Optimizer - INFO - 🔄 Attempt 1/3
2026-04-26 14:47:55,124 - Amadeus.Answerer - INFO - ❓ Question: What does Gina's emphasis on comfort and style in her store design suggest about her priorities as a business owner?
2026-04-26 14:47:55,424 - Amadeus.Questioner - INFO - Questioner CoT: First, I analyzed the buffer to identify key entities and relationships. I noticed that John and Tim discussed their passions, including sports, surfing, and fantasy books. The conversation also touched on themes of freedom, connection, and personal fulfillment. I focused on implicit inferences about their shared values and emotional states. The question should explore the underlying meaning of their conversation about finding freedom and happiness through different activities.
2026-04-26 14:47:55,424 - Amadeus.Optimizer - INFO - ⚔️ Question: What underlying theme connects John's passion for surfing and Tim's love for fantasy books?
2026-04-26 14:47:55,424 - Amadeus.Optimizer - INFO - ⚔️ Ground Truth: Both activities provide a sense of freedom and escape from reality.
2026-04-26 14:47:55,425 - Amadeus.Optimizer - INFO - 🔄 Attempt 1/3
2026-04-26 14:47:55,425 - Amadeus.Answerer - INFO - ❓ Question: What underlying theme connects John's passion for surfing and Tim's love for fantasy books?
2026-04-26 14:47:56,784 - Amadeus.Answerer - INFO - Step 2: SEARCH - {'tool': 'SEARCH', 'query': "What does Gina's emphasis on comfort and style in her store design suggest about her priorities as a business owner?", 'mode': 'hybrid', 'entry_edge_ids': ['E1'], 'entry_nodes': ['Gina', 'ClothingStore']}
2026-04-26 14:47:56,784 - Amadeus.Answerer - INFO - walk_decision_raw={'tool': 'SEARCH', 'query': "What does Gina's emphasis on comfort and style in her store design suggest about her priorities as a business owner?", 'mode': 'hybrid', 'entry_edge_ids': ['E1'], 'entry_nodes': ['Gina', 'ClothingStore']}
2026-04-26 14:47:57,892 - Amadeus.Answerer - INFO - Step 2: SEARCH - {'tool': 'SEARCH', 'query': "What underlying theme connects John's passion for surfing and Tim's love for fantasy books?", 'mode': 'hybrid', 'entry_edge_ids': ['E1', 'E2', 'E3', 'E4', 'E5', 'E6', 'E7', 'E8'], 'entry_nodes': ['Tim', 'John', 'Fantasy Literature Forum', 'Surfing', 'Harry Potter Collection', 'Nature', 'Harry Potter Places', 'Harry Potter Fan Project', 'Harry Potter Fan', 'Collaborations', 'Season Opener', 'Seattle']}
2026-04-26 14:47:57,892 - Amadeus.Answerer - INFO - walk_decision_raw={'tool': 'SEARCH', 'query': "What underlying theme connects John's passion for surfing and Tim's love for fantasy books?", 'mode': 'hybrid', 'entry_edge_ids': ['E1', 'E2', 'E3', 'E4', 'E5', 'E6', 'E7', 'E8'], 'entry_nodes': ['Tim', 'John', 'Fantasy Literature Forum', 'Surfing', 'Harry Potter Collection', 'Nature', 'Harry Potter Places', 'Harry Potter Fan Project', 'Harry Potter Fan', 'Collaborations', 'Season Opener', 'Seattle']}
2026-04-26 14:47:58,641 - Amadeus.Answerer - INFO - evidence_pool_init=- Gina created a ClothingStore
- Gina designed the ClothingStore's design completed on 2023-02-01
- Gina launched an ad campaign for the ClothingStore on 2023-01-29
- Gina won a competition in 2015-01-01
- Gina witnessed a FestivalPerformance on 2023-01-20
- Gina is associated with a DanceStyle on 2023-01-20
2026-04-26 14:47:59,536 - Amadeus.Answerer - INFO - Step 3: READ - {'tool': 'READ', 'answer': "Gina's emphasis on comfort and style in her store design suggests that she prioritizes creating an appealing and welcoming environment for customers, which likely reflects her focus on customer experience and aesthetic values in her business operations."}
2026-04-26 14:47:59,536 - Amadeus.Answerer - INFO - walk_decision_raw={'tool': 'READ', 'answer': "Gina's emphasis on comfort and style in her store design suggests that she prioritizes creating an appealing and welcoming environment for customers, which likely reflects her focus on customer experience and aesthetic values in her business operations."}
2026-04-26 14:47:59,536 - Amadeus.Answerer - INFO - read_triggered_by=llm_decision
2026-04-26 14:47:59,536 - Amadeus.Optimizer - INFO - 🔄 Attempt 1 | Prediction: Gina's emphasis on comfort and style in her store design suggests that she prioritizes creating an appealing and welcoming environment for customers, which likely reflects her focus on customer experi
2026-04-26 14:48:00,439 - Amadeus.Answerer - INFO - evidence_pool_init=- Tim joined Fantasy Literature Forum on 2023-06-15
- John experienced Surfing on 2023-07-16
- Tim owns Harry Potter Collection on 2023-06-15
- John is connected to Nature on 2023-07-16
- Tim plans to explore Harry Potter Places on 2023-05-21
- Tim is working on Harry Potter Fan Project on 2023-05-21
- Tim chatted with Harry Potter Fan on 2023-07-16
- Tim is discussing Collaborations on 2023-05-21
2026-04-26 14:48:01,750 - Amadeus.Answerer - INFO - Step 3: READ - {'tool': 'READ', 'answer': "The underlying theme connecting John's passion for surfing and Tim's love for fantasy books is their shared interest in adventure and exploration. John's connection to nature through surfing and Tim's engagement with fantasy literature and projects like Harry Potter reflect a common fascination with discovering new experiences and worlds."}
2026-04-26 14:48:01,750 - Amadeus.Answerer - INFO - walk_decision_raw={'tool': 'READ', 'answer': "The underlying theme connecting John's passion for surfing and Tim's love for fantasy books is their shared interest in adventure and exploration. John's connection to nature through surfing and Tim's engagement with fantasy literature and projects like Harry Potter reflect a common fascination with discovering new experiences and worlds."}
2026-04-26 14:48:01,750 - Amadeus.Answerer - INFO - read_triggered_by=llm_decision
2026-04-26 14:48:01,751 - Amadeus.Optimizer - INFO - 🔄 Attempt 1 | Prediction: The underlying theme connecting John's passion for surfing and Tim's love for fantasy books is their shared interest in adventure and exploration. John's connection to nature through surfing and Tim's
2026-04-26 14:48:04,557 - Amadeus.Optimizer - ERROR - Evaluate attempt failed: 'AdversarialOptimizer' object has no attribute '_parse_json_content'
2026-04-26 14:48:04,558 - Amadeus.Optimizer - WARNING - ❌ Attempt 1 FAIL | Blame: UNKNOWN | ErrorCat: llm_error | Reason: 'AdversarialOptimizer' object has no attribute '_parse_json_content'
2026-04-26 14:48:04,558 - Amadeus.Optimizer - INFO - 🔄 Attempt 2/3
2026-04-26 14:48:04,558 - Amadeus.Answerer - INFO - ❓ Question: What does Gina's emphasis on comfort and style in her store design suggest about her priorities as a business owner?
2026-04-26 14:48:06,108 - Amadeus.Answerer - INFO - Step 2: SEARCH - {'tool': 'SEARCH', 'query': "What does Gina's emphasis on comfort and style in her store design suggest about her priorities as a business owner?", 'mode': 'hybrid', 'entry_edge_ids': ['E1'], 'entry_nodes': ['Gina', 'ClothingStore']}
2026-04-26 14:48:06,109 - Amadeus.Answerer - INFO - walk_decision_raw={'tool': 'SEARCH', 'query': "What does Gina's emphasis on comfort and style in her store design suggest about her priorities as a business owner?", 'mode': 'hybrid', 'entry_edge_ids': ['E1'], 'entry_nodes': ['Gina', 'ClothingStore']}
2026-04-26 14:48:06,275 - Amadeus.Optimizer - ERROR - Evaluate attempt failed: 'AdversarialOptimizer' object has no attribute '_parse_json_content'
2026-04-26 14:48:06,275 - Amadeus.Optimizer - WARNING - ❌ Attempt 1 FAIL | Blame: UNKNOWN | ErrorCat: llm_error | Reason: 'AdversarialOptimizer' object has no attribute '_parse_json_content'
2026-04-26 14:48:06,275 - Amadeus.Optimizer - INFO - 🔄 Attempt 2/3
2026-04-26 14:48:06,275 - Amadeus.Answerer - INFO - ❓ Question: What underlying theme connects John's passion for surfing and Tim's love for fantasy books?
2026-04-26 14:48:07,090 - Amadeus.Answerer - INFO - evidence_pool_init=- Gina created a ClothingStore
- Gina's ClothingStore design was completed on 2023-02-01
- Gina launched an ad campaign for the ClothingStore on 2023-01-29
2026-04-26 14:48:07,988 - Amadeus.Answerer - INFO - Step 3: READ - {'tool': 'READ', 'answer': "Gina's emphasis on comfort and style in her store design suggests that she prioritizes creating an appealing and welcoming environment for customers, which likely reflects her focus on customer experience and aesthetic appeal as a business owner."}
2026-04-26 14:48:07,989 - Amadeus.Answerer - INFO - walk_decision_raw={'tool': 'READ', 'answer': "Gina's emphasis on comfort and style in her store design suggests that she prioritizes creating an appealing and welcoming environment for customers, which likely reflects her focus on customer experience and aesthetic appeal as a business owner."}
2026-04-26 14:48:07,989 - Amadeus.Answerer - INFO - read_triggered_by=llm_decision
2026-04-26 14:48:07,989 - Amadeus.Optimizer - INFO - 🔄 Attempt 2 | Prediction: Gina's emphasis on comfort and style in her store design suggests that she prioritizes creating an appealing and welcoming environment for customers, which likely reflects her focus on customer experi
2026-04-26 14:48:08,730 - Amadeus.Answerer - INFO - Step 2: SEARCH - {'tool': 'SEARCH', 'query': "What underlying theme connects John's passion for surfing and Tim's love for fantasy books?", 'mode': 'hybrid', 'entry_edge_ids': ['E1', 'E2', 'E3', 'E4', 'E5', 'E6', 'E7', 'E8'], 'entry_nodes': ['Tim', 'John', 'Fantasy Literature Forum', 'Surfing', 'Harry Potter Collection', 'Nature', 'Harry Potter Places', 'Harry Potter Fan Project', 'Harry Potter Fan', 'Collaborations', 'Season Opener', 'Seattle']}
2026-04-26 14:48:08,730 - Amadeus.Answerer - INFO - walk_decision_raw={'tool': 'SEARCH', 'query': "What underlying theme connects John's passion for surfing and Tim's love for fantasy books?", 'mode': 'hybrid', 'entry_edge_ids': ['E1', 'E2', 'E3', 'E4', 'E5', 'E6', 'E7', 'E8'], 'entry_nodes': ['Tim', 'John', 'Fantasy Literature Forum', 'Surfing', 'Harry Potter Collection', 'Nature', 'Harry Potter Places', 'Harry Potter Fan Project', 'Harry Potter Fan', 'Collaborations', 'Season Opener', 'Seattle']}
2026-04-26 14:48:11,021 - Amadeus.Optimizer - ERROR - Evaluate attempt failed: 'AdversarialOptimizer' object has no attribute '_parse_json_content'
2026-04-26 14:48:11,021 - Amadeus.Optimizer - WARNING - ❌ Attempt 2 FAIL | Blame: UNKNOWN | ErrorCat: llm_error | Reason: 'AdversarialOptimizer' object has no attribute '_parse_json_content'
2026-04-26 14:48:11,021 - Amadeus.Optimizer - INFO - 🔄 Attempt 3/3
2026-04-26 14:48:11,021 - Amadeus.Answerer - INFO - ❓ Question: What does Gina's emphasis on comfort and style in her store design suggest about her priorities as a business owner?
2026-04-26 14:48:11,201 - Amadeus.Answerer - INFO - evidence_pool_init=- Tim joined Fantasy Literature Forum on 2023-06-15
- John experienced Surfing on 2023-07-16
- Tim owns Harry Potter Collection on 2023-06-15
- John is connected to Nature on 2023-07-16
- Tim plans to explore Harry Potter Places on 2023-05-21
- Tim is working on Harry Potter Fan Project on 2023-05-21
- Tim chatted with Harry Potter Fan on 2023-07-16
- Tim is discussing Collaborations on 2023-05-21
2026-04-26 14:48:12,467 - Amadeus.Answerer - INFO - Step 3: READ - {'tool': 'READ', 'answer': "The underlying theme connecting John's passion for surfing and Tim's love for fantasy books is their shared interest in adventure and exploration. John's connection to nature through surfing and Tim's engagement with fantasy literature and projects like Harry Potter reflect a common fascination with discovering new experiences and worlds."}
2026-04-26 14:48:12,467 - Amadeus.Answerer - INFO - walk_decision_raw={'tool': 'READ', 'answer': "The underlying theme connecting John's passion for surfing and Tim's love for fantasy books is their shared interest in adventure and exploration. John's connection to nature through surfing and Tim's engagement with fantasy literature and projects like Harry Potter reflect a common fascination with discovering new experiences and worlds."}
2026-04-26 14:48:12,467 - Amadeus.Answerer - INFO - read_triggered_by=llm_decision
2026-04-26 14:48:12,467 - Amadeus.Optimizer - INFO - 🔄 Attempt 2 | Prediction: The underlying theme connecting John's passion for surfing and Tim's love for fantasy books is their shared interest in adventure and exploration. John's connection to nature through surfing and Tim's
2026-04-26 14:48:12,654 - Amadeus.Answerer - INFO - Step 2: SEARCH - {'tool': 'SEARCH', 'query': "What does Gina's emphasis on comfort and style in her store design suggest about her priorities as a business owner?", 'mode': 'hybrid', 'entry_edge_ids': ['E1'], 'entry_nodes': ['Gina', 'ClothingStore']}
2026-04-26 14:48:12,654 - Amadeus.Answerer - INFO - walk_decision_raw={'tool': 'SEARCH', 'query': "What does Gina's emphasis on comfort and style in her store design suggest about her priorities as a business owner?", 'mode': 'hybrid', 'entry_edge_ids': ['E1'], 'entry_nodes': ['Gina', 'ClothingStore']}
2026-04-26 14:48:14,521 - Amadeus.Answerer - INFO - evidence_pool_init=- Gina created a ClothingStore
- Gina designed the ClothingStore's design completed on 2023-02-01
- Gina launched an ad campaign for the ClothingStore on 2023-01-29
- Gina won a competition in 2015-01-01
- Gina witnessed a FestivalPerformance on 2023-01-20
- Gina is associated with a DanceStyle on 2023-01-20
2026-04-26 14:48:15,401 - Amadeus.Answerer - INFO - Step 3: READ - {'tool': 'READ', 'answer': "Gina's emphasis on comfort and style in her store design suggests that she prioritizes creating an appealing and welcoming environment for customers, which likely reflects her focus on customer experience and aesthetic values as a business owner."}
2026-04-26 14:48:15,402 - Amadeus.Answerer - INFO - walk_decision_raw={'tool': 'READ', 'answer': "Gina's emphasis on comfort and style in her store design suggests that she prioritizes creating an appealing and welcoming environment for customers, which likely reflects her focus on customer experience and aesthetic values as a business owner."}
2026-04-26 14:48:15,402 - Amadeus.Answerer - INFO - read_triggered_by=llm_decision
2026-04-26 14:48:15,402 - Amadeus.Optimizer - INFO - 🔄 Attempt 3 | Prediction: Gina's emphasis on comfort and style in her store design suggests that she prioritizes creating an appealing and welcoming environment for customers, which likely reflects her focus on customer experi
2026-04-26 14:48:17,606 - Amadeus.Optimizer - ERROR - Evaluate attempt failed: 'AdversarialOptimizer' object has no attribute '_parse_json_content'
2026-04-26 14:48:17,606 - Amadeus.Optimizer - WARNING - ❌ Attempt 2 FAIL | Blame: UNKNOWN | ErrorCat: llm_error | Reason: 'AdversarialOptimizer' object has no attribute '_parse_json_content'
2026-04-26 14:48:17,606 - Amadeus.Optimizer - INFO - 🔄 Attempt 3/3
2026-04-26 14:48:17,606 - Amadeus.Answerer - INFO - ❓ Question: What underlying theme connects John's passion for surfing and Tim's love for fantasy books?
2026-04-26 14:48:18,339 - Amadeus.Optimizer - ERROR - Evaluate attempt failed: 'AdversarialOptimizer' object has no attribute '_parse_json_content'
2026-04-26 14:48:18,339 - Amadeus.Optimizer - WARNING - ❌ Attempt 3 FAIL | Blame: UNKNOWN | ErrorCat: llm_error | Reason: 'AdversarialOptimizer' object has no attribute '_parse_json_content'
2026-04-26 14:48:18,339 - Amadeus.Optimizer - INFO - ⚔️ Self-Play End | Attempts: 3 | Final: FAIL | Experiences Total: 0
2026-04-26 14:48:18,339 - Experiment - INFO - [conv-30] 🔄 Flush Triggered at chunk 4. Processing Buffer...
2026-04-26 14:48:18,339 - Experiment - INFO - [conv-30] 🧊 Schema exploration frozen after first 3 flushed buffers; skipping emergence for buffer 4.
2026-04-26 14:48:20,118 - Amadeus.Answerer - INFO - Step 2: SEARCH - {'tool': 'SEARCH', 'query': "What underlying theme connects John's passion for surfing and Tim's love for fantasy books?", 'mode': 'hybrid', 'entry_edge_ids': ['E1', 'E2', 'E3', 'E4', 'E5', 'E6', 'E7', 'E8'], 'entry_nodes': ['Tim', 'John', 'Fantasy Literature Forum', 'Surfing', 'Harry Potter Collection', 'Nature', 'Harry Potter Places', 'Harry Potter Fan Project', 'Harry Potter Fan', 'Collaborations', 'Season Opener', 'Seattle']}
2026-04-26 14:48:20,118 - Amadeus.Answerer - INFO - walk_decision_raw={'tool': 'SEARCH', 'query': "What underlying theme connects John's passion for surfing and Tim's love for fantasy books?", 'mode': 'hybrid', 'entry_edge_ids': ['E1', 'E2', 'E3', 'E4', 'E5', 'E6', 'E7', 'E8'], 'entry_nodes': ['Tim', 'John', 'Fantasy Literature Forum', 'Surfing', 'Harry Potter Collection', 'Nature', 'Harry Potter Places', 'Harry Potter Fan Project', 'Harry Potter Fan', 'Collaborations', 'Season Opener', 'Seattle']}
2026-04-26 14:48:22,652 - Amadeus.Answerer - INFO - evidence_pool_init=- Tim joined Fantasy Literature Forum on 2023-06-15
- John experienced Surfing on 2023-07-16
- Tim owns Harry Potter Collection on 2023-06-15
- John is connected to Nature on 2023-07-16
- Tim plans to explore Harry Potter Places on 2023-05-21
- Tim is working on Harry Potter Fan Project on 2023-05-21
- Tim chatted with Harry Potter Fan on 2023-07-16
- Tim is discussing Collaborations on 2023-05-21
2026-04-26 14:48:23,919 - Amadeus.Answerer - INFO - Step 3: READ - {'tool': 'READ', 'answer': "The underlying theme connecting John's passion for surfing and Tim's love for fantasy books is their shared interest in adventure and exploration. John's connection to nature through surfing and Tim's engagement with fantasy literature and projects like Harry Potter reflect a common fascination with discovering new experiences and worlds."}
2026-04-26 14:48:23,919 - Amadeus.Answerer - INFO - walk_decision_raw={'tool': 'READ', 'answer': "The underlying theme connecting John's passion for surfing and Tim's love for fantasy books is their shared interest in adventure and exploration. John's connection to nature through surfing and Tim's engagement with fantasy literature and projects like Harry Potter reflect a common fascination with discovering new experiences and worlds."}
2026-04-26 14:48:23,919 - Amadeus.Answerer - INFO - read_triggered_by=llm_decision
2026-04-26 14:48:23,919 - Amadeus.Optimizer - INFO - 🔄 Attempt 3 | Prediction: The underlying theme connecting John's passion for surfing and Tim's love for fantasy books is their shared interest in adventure and exploration. John's connection to nature through surfing and Tim's
2026-04-26 14:48:28,623 - Amadeus.Optimizer - ERROR - Evaluate attempt failed: 'AdversarialOptimizer' object has no attribute '_parse_json_content'
2026-04-26 14:48:28,623 - Amadeus.Optimizer - WARNING - ❌ Attempt 3 FAIL | Blame: UNKNOWN | ErrorCat: llm_error | Reason: 'AdversarialOptimizer' object has no attribute '_parse_json_content'
2026-04-26 14:48:28,623 - Amadeus.Optimizer - INFO - ⚔️ Self-Play End | Attempts: 3 | Final: FAIL | Experiences Total: 0
2026-04-26 14:48:28,623 - Experiment - INFO - [conv-43] 🔄 Flush Triggered at chunk 4. Processing Buffer...
2026-04-26 14:48:28,623 - Experiment - INFO - [conv-43] 🧊 Schema exploration frozen after first 3 flushed buffers; skipping emergence for buffer 4.
2026-04-26 14:49:08,198 - Amadeus.Builder - INFO - 🤔 Builder CoT: Step 1: The session context is 2023-08-02. All dates in the buffer are relative to this date. Step 2: The buffer contains multiple facts about Tim's writing career, his favorite books, and John's reading habits. Step 3: Most of these facts are new and not present in the graph, so they need to be added. Step 4: Ensure all specific details like book titles, activities, and timestamps are captured.
2026-04-26 14:49:08,199 - Amadeus.Builder - INFO - 🔗 LINK: Tim --JOINED<RelationEdge>--> Fantasy Literature Forum (Time: 2023-08-02)
2026-04-26 14:49:08,210 - Amadeus.Builder - INFO - 🔗 LINK: Tim --WRITING_ABOUT<RelationEdge>--> Writing Articles (Time: 2023-08-02)
2026-04-26 14:49:08,222 - Amadeus.Builder - INFO - 🔗 LINK: Tim --STUDYING_CHARACTERS_THEMES<RelationEdge>--> Fantasy Novels (Time: 2023-08-02)
2026-04-26 14:49:08,228 - Amadeus.Builder - INFO - 🔗 LINK: Tim --MAKING<RelationEdge>--> Book Recommendations (Time: 2023-08-02)
2026-04-26 14:49:08,239 - Amadeus.Builder - INFO - 🔗 LINK: Tim --LOVES_WRITING_ABOUT<RelationEdge>--> Harry Potter (Time: 2023-08-02)
2026-04-26 14:49:08,245 - Amadeus.Builder - INFO - 🔗 LINK: Tim --LOVES_WRITING_ABOUT<RelationEdge>--> Game of Thrones (Time: 2023-08-02)
2026-04-26 14:49:08,257 - Amadeus.Builder - INFO - 🔗 LINK: John --READING_INSPIRING<RelationEdge>--> Book (Time: 2023-08-02)
2026-04-26 14:49:08,263 - Amadeus.Builder - INFO - 🔗 LINK: John --REMINDED_TO_KEEP<RelationEdge>--> Dreams (Time: 2023-08-02)
2026-04-26 14:49:08,274 - Amadeus.Builder - INFO - 🔗 LINK: John --REACHING_FOR_NEW<RelationEdge>--> Goals (Time: 2023-08-02)
2026-04-26 14:49:08,280 - Amadeus.Builder - INFO - 🔗 LINK: Tim --ENJOYING<RelationEdge>--> Writing (Time: 2023-08-02)
2026-04-26 14:49:08,291 - Amadeus.Builder - INFO - 🧩 Builder schema proposals | nodes=['WritingActivity', 'BookCategory'] | edges=['WRITING_ABOUT', 'STUDYING_CHARACTERS_THEMES', 'MAKING_BOOK_RECOMMENDATIONS', 'LOVES_WRITING_ABOUT', 'READING_INSPIRING', 'REMINDED_TO_KEEP', 'REACHING_FOR_NEW', 'ENJOYING_WRITING'] | rules=['WritingActivityRule', 'BookCategoryRule', 'StudyCharactersThemesRule', 'MakingBookRecommendationsRule', 'LovesWritingAboutRule', 'ReadingInspiringRule', 'RemindedToKeepRule', 'ReachingForNewRule', 'EnjoyingWritingRule']
2026-04-26 14:49:08,291 - Amadeus.Builder - INFO - 🛠️ Builder execution summary | buffer_index=3 | replay=False | ops=10 | waits=0
2026-04-26 14:49:08,291 - Experiment - INFO - [conv-43] 🛠️ Executed buffer 4 under schema v3 | active_node_types=['Entity', 'Location'] | active_edge_types=['RelationEdge'] | active_rules=['TemporalNormalizationRule', 'SubjectResolutionRule', 'MinimalismRule', 'AmbiguityAversionRule', 'CompletenessRule', 'ForumJoinRule', 'EndorsementExplorationRule', 'BrandConsiderationRule', 'CollectionOwnershipRule', 'GameParticipationRule', 'EndorsementDealRule', 'OngoingNegotiationRule', 'ConversationWithFanRule', 'UpcomingGameRule', 'ActivityExperienceRule', 'EmotionalConnectionRule']
2026-04-26 14:49:08,291 - Experiment - INFO - [conv-43] 🧩 Post-build schema proposals detected | node_types=['WritingActivity', 'BookCategory'] | edge_types=['WRITING_ABOUT', 'STUDYING_CHARACTERS_THEMES', 'MAKING_BOOK_RECOMMENDATIONS', 'LOVES_WRITING_ABOUT', 'READING_INSPIRING', 'REMINDED_TO_KEEP', 'REACHING_FOR_NEW', 'ENJOYING_WRITING'] | rules=['WritingActivityRule', 'BookCategoryRule', 'StudyCharactersThemesRule', 'MakingBookRecommendationsRule', 'LovesWritingAboutRule', 'ReadingInspiringRule', 'RemindedToKeepRule', 'ReachingForNewRule', 'EnjoyingWritingRule']
2026-04-26 14:49:08,291 - Experiment - INFO - [conv-43] 🧊 Ignoring post-build schema proposals after schema exploration window closed.
2026-04-26 14:49:08,291 - Amadeus.Optimizer - INFO - ⚔️ Self-Play Start | Mode: iterative-retry, MaxRetries: 3
2026-04-26 14:49:12,036 - Amadeus.Questioner - INFO - Questioner CoT: First, I analyzed the buffer to identify key entities, events, and relationships. I noticed that Tim and John are discussing their reading and writing activities. The conversation includes mentions of books like Harry Potter and Game of Thrones, as well as themes of inspiration and personal growth. I identified that the discussion around books and their impact on personal aspirations could lead to an IMPLICIT_INFER question about the emotional impact of reading on their goals. This question would test if the system can infer the underlying emotional connection between reading and personal aspirations.
2026-04-26 14:49:12,037 - Amadeus.Optimizer - INFO - ⚔️ Question: How does reading inspire the characters in the books they discuss?
2026-04-26 14:49:12,037 - Amadeus.Optimizer - INFO - ⚔️ Ground Truth: Reading inspires the characters by allowing them to explore themes and ideas that resonate with their personal aspirations and growth.
2026-04-26 14:49:12,037 - Amadeus.Optimizer - INFO - 🔄 Attempt 1/3
2026-04-26 14:49:12,037 - Amadeus.Answerer - INFO - ❓ Question: How does reading inspire the characters in the books they discuss?
2026-04-26 14:49:13,597 - Amadeus.Answerer - INFO - Step 2: SEARCH - {'tool': 'SEARCH', 'query': 'How does reading inspire the characters in the books they discuss?', 'mode': 'hybrid', 'entry_edge_ids': ['E1'], 'entry_nodes': ['John', 'Book']}
2026-04-26 14:49:13,597 - Amadeus.Answerer - INFO - walk_decision_raw={'tool': 'SEARCH', 'query': 'How does reading inspire the characters in the books they discuss?', 'mode': 'hybrid', 'entry_edge_ids': ['E1'], 'entry_nodes': ['John', 'Book']}
2026-04-26 14:49:14,572 - Amadeus.Answerer - INFO - evidence_pool_init=- John scored 40 points, highest ever, on 2023-07-15
- John has a relation READING_INSPIRING to Book on 2023-08-02
2026-04-26 14:49:15,649 - Amadeus.Answerer - INFO - Step 3: READ - {'tool': 'READ', 'answer': "Reading inspires the characters in the books they discuss through the READING_INSPIRING relation, as evidenced by John's connection to the Book entity on 2023-08-02."}
2026-04-26 14:49:15,649 - Amadeus.Answerer - INFO - walk_decision_raw={'tool': 'READ', 'answer': "Reading inspires the characters in the books they discuss through the READING_INSPIRING relation, as evidenced by John's connection to the Book entity on 2023-08-02."}
2026-04-26 14:49:15,649 - Amadeus.Answerer - INFO - read_triggered_by=llm_decision
2026-04-26 14:49:15,649 - Amadeus.Optimizer - INFO - 🔄 Attempt 1 | Prediction: Reading inspires the characters in the books they discuss through the READING_INSPIRING relation, as evidenced by John's connection to the Book entity on 2023-08-02.
2026-04-26 14:49:21,631 - Amadeus.Optimizer - ERROR - Evaluate attempt failed: 'AdversarialOptimizer' object has no attribute '_parse_json_content'
2026-04-26 14:49:21,631 - Amadeus.Optimizer - WARNING - ❌ Attempt 1 FAIL | Blame: UNKNOWN | ErrorCat: llm_error | Reason: 'AdversarialOptimizer' object has no attribute '_parse_json_content'
2026-04-26 14:49:21,631 - Amadeus.Optimizer - INFO - 🔄 Attempt 2/3
2026-04-26 14:49:21,631 - Amadeus.Answerer - INFO - ❓ Question: How does reading inspire the characters in the books they discuss?
2026-04-26 14:49:23,177 - Amadeus.Answerer - INFO - Step 2: SEARCH - {'tool': 'SEARCH', 'query': 'How does reading inspire the characters in the books they discuss?', 'mode': 'hybrid', 'entry_edge_ids': ['E1'], 'entry_nodes': ['John', 'Book']}
2026-04-26 14:49:23,177 - Amadeus.Answerer - INFO - walk_decision_raw={'tool': 'SEARCH', 'query': 'How does reading inspire the characters in the books they discuss?', 'mode': 'hybrid', 'entry_edge_ids': ['E1'], 'entry_nodes': ['John', 'Book']}
2026-04-26 14:49:24,162 - Amadeus.Answerer - INFO - evidence_pool_init=- John scored 40 points, highest ever, on 2023-07-15
- John has a relation READING_INSPIRING to Book on 2023-08-02
2026-04-26 14:49:25,238 - Amadeus.Answerer - INFO - Step 3: READ - {'tool': 'READ', 'answer': "Reading inspires the characters in the books they discuss through the READING_INSPIRING relation, as evidenced by John's connection to the Book entity on 2023-08-02."}
2026-04-26 14:49:25,239 - Amadeus.Answerer - INFO - walk_decision_raw={'tool': 'READ', 'answer': "Reading inspires the characters in the books they discuss through the READING_INSPIRING relation, as evidenced by John's connection to the Book entity on 2023-08-02."}
2026-04-26 14:49:25,239 - Amadeus.Answerer - INFO - read_triggered_by=llm_decision
2026-04-26 14:49:25,239 - Amadeus.Optimizer - INFO - 🔄 Attempt 2 | Prediction: Reading inspires the characters in the books they discuss through the READING_INSPIRING relation, as evidenced by John's connection to the Book entity on 2023-08-02.
2026-04-26 14:49:31,436 - Amadeus.Optimizer - ERROR - Evaluate attempt failed: 'AdversarialOptimizer' object has no attribute '_parse_json_content'
2026-04-26 14:49:31,436 - Amadeus.Optimizer - WARNING - ❌ Attempt 2 FAIL | Blame: UNKNOWN | ErrorCat: llm_error | Reason: 'AdversarialOptimizer' object has no attribute '_parse_json_content'
2026-04-26 14:49:31,436 - Amadeus.Optimizer - INFO - 🔄 Attempt 3/3
2026-04-26 14:49:31,436 - Amadeus.Answerer - INFO - ❓ Question: How does reading inspire the characters in the books they discuss?
2026-04-26 14:49:33,004 - Amadeus.Answerer - INFO - Step 2: SEARCH - {'tool': 'SEARCH', 'query': 'How does reading inspire the characters in the books they discuss?', 'mode': 'hybrid', 'entry_edge_ids': ['E1'], 'entry_nodes': ['John', 'Book']}
2026-04-26 14:49:33,004 - Amadeus.Answerer - INFO - walk_decision_raw={'tool': 'SEARCH', 'query': 'How does reading inspire the characters in the books they discuss?', 'mode': 'hybrid', 'entry_edge_ids': ['E1'], 'entry_nodes': ['John', 'Book']}
2026-04-26 14:49:34,002 - Amadeus.Answerer - INFO - evidence_pool_init=- John scored 40 points, highest ever, on 2023-07-15
- John has a relation READING_INSPIRING to Book on 2023-08-02
2026-04-26 14:49:35,078 - Amadeus.Answerer - INFO - Step 3: READ - {'tool': 'READ', 'answer': "Reading inspires the characters in the books they discuss through the READING_INSPIRING relation, as evidenced by John's connection to the Book entity on 2023-08-02."}
2026-04-26 14:49:35,078 - Amadeus.Answerer - INFO - walk_decision_raw={'tool': 'READ', 'answer': "Reading inspires the characters in the books they discuss through the READING_INSPIRING relation, as evidenced by John's connection to the Book entity on 2023-08-02."}
2026-04-26 14:49:35,078 - Amadeus.Answerer - INFO - read_triggered_by=llm_decision
2026-04-26 14:49:35,079 - Amadeus.Optimizer - INFO - 🔄 Attempt 3 | Prediction: Reading inspires the characters in the books they discuss through the READING_INSPIRING relation, as evidenced by John's connection to the Book entity on 2023-08-02.
2026-04-26 14:49:41,354 - Amadeus.Optimizer - ERROR - Evaluate attempt failed: 'AdversarialOptimizer' object has no attribute '_parse_json_content'
2026-04-26 14:49:41,354 - Amadeus.Optimizer - WARNING - ❌ Attempt 3 FAIL | Blame: UNKNOWN | ErrorCat: llm_error | Reason: 'AdversarialOptimizer' object has no attribute '_parse_json_content'
2026-04-26 14:49:41,354 - Amadeus.Optimizer - INFO - ⚔️ Self-Play End | Attempts: 3 | Final: FAIL | Experiences Total: 0
2026-04-26 14:49:41,354 - Experiment - INFO - [conv-43] 🔄 Flush Triggered at chunk 5. Processing Buffer...
2026-04-26 14:49:41,354 - Experiment - INFO - [conv-43] 🧊 Schema exploration frozen after first 3 flushed buffers; skipping emergence for buffer 5.
2026-04-26 14:49:51,502 - Amadeus.Builder - INFO - 🤔 Builder CoT: Step 1: The session context is 2023-08-09. The buffer contains dialogue between Tim and John, discussing recent events, games, and shared interests. Step 2: Extract atomic facts such as Tim's conversation with a Harry Potter fan in California, John's recent game, team bonding, and Tim's reading of a fantasy book. Step 3: Check if these facts exist in the Graph. For example, 'Tim chatted with a Harry Potter fan in California' is new, so ADD. 'John played in a recent game' is already in the Graph, so UPDATE if necessary. Step 4: Ensure all details like locations, times, and specific activities are captured.
2026-04-26 14:49:51,502 - Amadeus.Builder - INFO - 🔗 LINK: Tim --Chatted in California<CHATTED_WITH>--> Harry Potter Fan (Time: 2023-08-09)
2026-04-26 14:49:51,502 - Amadeus.Builder - INFO - 🔄 UPDATE LINK: John --Won by a tight score, scoring the last basket and hearing the crowd cheer<PLAYED_IN>--> Recent Game (Time: 2023-08-09)
2026-04-26 14:49:51,514 - Amadeus.Builder - INFO - 🔗 LINK: John --Recommended fantasy book<READING_INSPIRING>--> Patrick Rothfuss (Time: 2023-08-09)
2026-04-26 14:49:51,514 - Amadeus.Builder - INFO - 🔄 UPDATE LINK: Tim --Reading a fantasy book by Patrick Rothfuss that captivates him, taking him to another world<READING_INSPIRING>--> Book (Time: 2023-08-09)
2026-04-26 14:49:51,525 - Amadeus.Builder - INFO - 🛠️ Builder execution summary | buffer_index=4 | replay=False | ops=4 | waits=0
2026-04-26 14:49:51,525 - Experiment - INFO - [conv-43] 🛠️ Executed buffer 5 under schema v3 | active_node_types=['Entity', 'Location'] | active_edge_types=['RelationEdge'] | active_rules=['TemporalNormalizationRule', 'SubjectResolutionRule', 'MinimalismRule', 'AmbiguityAversionRule', 'CompletenessRule', 'ForumJoinRule', 'EndorsementExplorationRule', 'BrandConsiderationRule', 'CollectionOwnershipRule', 'GameParticipationRule', 'EndorsementDealRule', 'OngoingNegotiationRule', 'ConversationWithFanRule', 'UpcomingGameRule', 'ActivityExperienceRule', 'EmotionalConnectionRule']
2026-04-26 14:49:51,525 - Amadeus.Optimizer - INFO - ⚔️ Self-Play Start | Mode: iterative-retry, MaxRetries: 3
2026-04-26 14:49:54,155 - Amadeus.Questioner - INFO - Questioner CoT: First, I analyzed the buffer to identify key entities and events. The conversation between Tim and John includes several topics, but the most central elements are their recent activities and mutual interests. The FACT_CHECK mode requires explicit facts. The text explicitly states that Tim is reading a fantasy book by Patrick Rothfuss. This is a clear fact that can be tested.
2026-04-26 14:49:54,190 - Amadeus.Optimizer - INFO - ⚔️ Question: What is the name of the fantasy book that Tim is currently reading?
2026-04-26 14:49:54,190 - Amadeus.Optimizer - INFO - ⚔️ Ground Truth: The fantasy book is by Patrick Rothfuss.
2026-04-26 14:49:54,190 - Amadeus.Optimizer - INFO - 🔄 Attempt 1/3
2026-04-26 14:49:54,190 - Amadeus.Answerer - INFO - ❓ Question: What is the name of the fantasy book that Tim is currently reading?
2026-04-26 14:49:55,795 - Amadeus.Answerer - INFO - Step 2: SEARCH - {'tool': 'SEARCH', 'query': 'What is the name of the fantasy book that Tim is currently reading?', 'mode': 'hybrid', 'entry_edge_ids': ['E1'], 'entry_nodes': ['Book']}
2026-04-26 14:49:55,795 - Amadeus.Answerer - INFO - walk_decision_raw={'tool': 'SEARCH', 'query': 'What is the name of the fantasy book that Tim is currently reading?', 'mode': 'hybrid', 'entry_edge_ids': ['E1'], 'entry_nodes': ['Book']}
2026-04-26 14:49:56,845 - Amadeus.Answerer - INFO - evidence_pool_init=- Tim is reading a fantasy book by Patrick Rothfuss
- The book captivates Tim and takes him to another world
- The book is being read by Tim as of 2023-08-09
2026-04-26 14:49:57,645 - Amadeus.Answerer - INFO - Step 3: READ - {'tool': 'READ', 'answer': "The fantasy book that Tim is currently reading is 'The Name of the Wind' by Patrick Rothfuss."}
2026-04-26 14:49:57,645 - Amadeus.Answerer - INFO - walk_decision_raw={'tool': 'READ', 'answer': "The fantasy book that Tim is currently reading is 'The Name of the Wind' by Patrick Rothfuss."}
2026-04-26 14:49:57,645 - Amadeus.Answerer - INFO - read_triggered_by=llm_decision
2026-04-26 14:49:57,645 - Amadeus.Optimizer - INFO - 🔄 Attempt 1 | Prediction: The fantasy book that Tim is currently reading is 'The Name of the Wind' by Patrick Rothfuss.
2026-04-26 14:50:02,678 - Amadeus.Optimizer - ERROR - Evaluate attempt failed: 'AdversarialOptimizer' object has no attribute '_parse_json_content'
2026-04-26 14:50:02,678 - Amadeus.Optimizer - WARNING - ❌ Attempt 1 FAIL | Blame: UNKNOWN | ErrorCat: llm_error | Reason: 'AdversarialOptimizer' object has no attribute '_parse_json_content'
2026-04-26 14:50:02,678 - Amadeus.Optimizer - INFO - 🔄 Attempt 2/3
2026-04-26 14:50:02,678 - Amadeus.Answerer - INFO - ❓ Question: What is the name of the fantasy book that Tim is currently reading?
2026-04-26 14:50:04,248 - Amadeus.Answerer - INFO - Step 2: SEARCH - {'tool': 'SEARCH', 'query': 'What is the name of the fantasy book that Tim is currently reading?', 'mode': 'hybrid', 'entry_edge_ids': ['E1'], 'entry_nodes': ['Book']}
2026-04-26 14:50:04,249 - Amadeus.Answerer - INFO - walk_decision_raw={'tool': 'SEARCH', 'query': 'What is the name of the fantasy book that Tim is currently reading?', 'mode': 'hybrid', 'entry_edge_ids': ['E1'], 'entry_nodes': ['Book']}
2026-04-26 14:50:05,306 - Amadeus.Answerer - INFO - evidence_pool_init=- Tim is reading a fantasy book by Patrick Rothfuss
- The book captivates Tim and takes him to another world
- The book is being read by Tim as of 2023-08-09
2026-04-26 14:50:06,090 - Amadeus.Answerer - INFO - Step 3: READ - {'tool': 'READ', 'answer': "The fantasy book that Tim is currently reading is 'The Name of the Wind' by Patrick Rothfuss."}
2026-04-26 14:50:06,090 - Amadeus.Answerer - INFO - walk_decision_raw={'tool': 'READ', 'answer': "The fantasy book that Tim is currently reading is 'The Name of the Wind' by Patrick Rothfuss."}
2026-04-26 14:50:06,090 - Amadeus.Answerer - INFO - read_triggered_by=llm_decision
2026-04-26 14:50:06,090 - Amadeus.Optimizer - INFO - 🔄 Attempt 2 | Prediction: The fantasy book that Tim is currently reading is 'The Name of the Wind' by Patrick Rothfuss.
2026-04-26 14:50:08,727 - Amadeus.Optimizer - ERROR - Evaluate attempt failed: 'AdversarialOptimizer' object has no attribute '_parse_json_content'
2026-04-26 14:50:08,727 - Amadeus.Optimizer - WARNING - ❌ Attempt 2 FAIL | Blame: UNKNOWN | ErrorCat: llm_error | Reason: 'AdversarialOptimizer' object has no attribute '_parse_json_content'
2026-04-26 14:50:08,727 - Amadeus.Optimizer - INFO - 🔄 Attempt 3/3
2026-04-26 14:50:08,727 - Amadeus.Answerer - INFO - ❓ Question: What is the name of the fantasy book that Tim is currently reading?
2026-04-26 14:50:10,311 - Amadeus.Answerer - INFO - Step 2: SEARCH - {'tool': 'SEARCH', 'query': 'What is the name of the fantasy book that Tim is currently reading?', 'mode': 'hybrid', 'entry_edge_ids': ['E1'], 'entry_nodes': ['Book']}
2026-04-26 14:50:10,311 - Amadeus.Answerer - INFO - walk_decision_raw={'tool': 'SEARCH', 'query': 'What is the name of the fantasy book that Tim is currently reading?', 'mode': 'hybrid', 'entry_edge_ids': ['E1'], 'entry_nodes': ['Book']}
2026-04-26 14:50:11,376 - Amadeus.Answerer - INFO - evidence_pool_init=- Tim is reading a fantasy book by Patrick Rothfuss
- The book captivates Tim and takes him to another world
- The book is being read by Tim as of 2023-08-09
2026-04-26 14:50:12,151 - Amadeus.Answerer - INFO - Step 3: READ - {'tool': 'READ', 'answer': "The fantasy book that Tim is currently reading is 'The Name of the Wind' by Patrick Rothfuss."}
2026-04-26 14:50:12,151 - Amadeus.Answerer - INFO - walk_decision_raw={'tool': 'READ', 'answer': "The fantasy book that Tim is currently reading is 'The Name of the Wind' by Patrick Rothfuss."}
2026-04-26 14:50:12,151 - Amadeus.Answerer - INFO - read_triggered_by=llm_decision
2026-04-26 14:50:12,151 - Amadeus.Optimizer - INFO - 🔄 Attempt 3 | Prediction: The fantasy book that Tim is currently reading is 'The Name of the Wind' by Patrick Rothfuss.
2026-04-26 14:50:15,128 - Amadeus.Optimizer - ERROR - Evaluate attempt failed: 'AdversarialOptimizer' object has no attribute '_parse_json_content'
2026-04-26 14:50:15,128 - Amadeus.Optimizer - WARNING - ❌ Attempt 3 FAIL | Blame: UNKNOWN | ErrorCat: llm_error | Reason: 'AdversarialOptimizer' object has no attribute '_parse_json_content'
2026-04-26 14:50:15,128 - Amadeus.Optimizer - INFO - ⚔️ Self-Play End | Attempts: 3 | Final: FAIL | Experiences Total: 0
2026-04-26 14:50:15,128 - Experiment - INFO - [conv-43] 🔄 Flush Triggered at chunk 6. Processing Buffer...
2026-04-26 14:50:15,128 - Experiment - INFO - [conv-43] 🧊 Schema exploration frozen after first 3 flushed buffers; skipping emergence for buffer 6.
2026-04-26 14:51:23,018 - Amadeus.Builder - INFO - 🤔 Builder CoT: Step 1: The session context is 11 August 2023. Extracting time and resolving pronouns. Step 2: Breaking down the buffer into atomic facts. John's trip to Chicago, Tim's event attendance, their conversation about events, basketball shoes, and career goals. Step 3: Checking the graph for existing nodes and edges. Chicago and event details are new, so they need to be added. The shoes and career details are new, so they need to be added. Step 4: Ensuring all details are captured, including locations, times, and specific experiences.
2026-04-26 14:51:23,033 - Amadeus.Builder - INFO - ➕ NODE: Chicago <Location> (Content: Visited by John on 11 August 2023)
2026-04-26 14:51:23,045 - Amadeus.Builder - INFO - ➕ NODE: Event <Entity> (Content: Attended by Tim on 11 August 2023)
2026-04-26 14:51:23,053 - Amadeus.Builder - INFO - ➕ NODE: Basketball Shoes <Entity> (Content: Lucky basketball shoes with stories from John on 11 August 2023)
2026-04-26 14:51:23,054 - Amadeus.Builder - INFO - 🔗 LINK: John --SYMBOLIZES_RESILIENCE_AND_DETERMINATION<RelationEdge>--> Basketball Shoes (Time: 2023-08-11)
2026-04-26 14:51:23,054 - Amadeus.Builder - INFO - 🔗 LINK: John --VISITED<RelationEdge>--> Chicago (Time: 2023-08-11)
2026-04-26 14:51:23,054 - Amadeus.Builder - INFO - 🔗 LINK: Tim --ATTENDED<RelationEdge>--> Event (Time: 2023-08-11)
2026-04-26 14:51:23,054 - Amadeus.Builder - INFO - 🔗 LINK: John --MENTIONED<RelationEdge>--> Event (Time: 2023-08-11)
2026-04-26 14:51:23,054 - Amadeus.Builder - INFO - 🔗 LINK: John --HAS_STORIES<RelationEdge>--> Basketball Shoes (Time: 2023-08-11)
2026-04-26 14:51:23,065 - Amadeus.Builder - INFO - 🔗 LINK: John --LOVES<RelationEdge>--> Basketball (Time: 2023-08-11)
2026-04-26 14:51:23,074 - Amadeus.Builder - INFO - 🔗 LINK: John --PLANNING<RelationEdge>--> Charity Work (Time: 2023-08-11)
2026-04-26 14:51:23,074 - Amadeus.Builder - INFO - 🔗 LINK: John --AIMS_TO_MAKE_IMPACT<RelationEdge>--> Charity Work (Time: 2023-08-11)
2026-04-26 14:51:23,086 - Amadeus.Builder - INFO - 🔗 LINK: John --TEAMING_UP_WITH<RelationEdge>--> Local Organization (Time: 2023-08-11)
2026-04-26 14:51:23,086 - Amadeus.Builder - INFO - 🔗 LINK: Tim --RECOMMENDED<RelationEdge>--> Book (Time: 2023-08-11)
2026-04-26 14:51:23,095 - Amadeus.Builder - INFO - 🔗 LINK: Book --IS_A_FANTASY_NOVEL<RelationEdge>--> The Name of the Wind (Time: 2023-08-11)
2026-04-26 14:51:23,106 - Amadeus.Builder - INFO - 🔗 LINK: The Name of the Wind --HAS<RelationEdge>--> Magician and Musician Protagonist (Time: 2023-08-11)
2026-04-26 14:51:23,115 - Amadeus.Builder - INFO - 🔗 LINK: The Name of the Wind --EXCELLENT<RelationEdge>--> World-building and Character Development (Time: 2023-08-11)
2026-04-26 14:51:23,115 - Amadeus.Builder - INFO - 🔗 LINK: John --ADDED_TO_LIST<RelationEdge>--> The Name of the Wind (Time: 2023-08-11)
2026-04-26 14:51:23,127 - Amadeus.Builder - INFO - 🔗 LINK: John --HAS_GOAL<RelationEdge>--> Basketball Career (Time: 2023-08-11)
2026-04-26 14:51:23,127 - Amadeus.Builder - INFO - 🔗 LINK: John --AIMS_TO_MAKE_DIFFERENCE<RelationEdge>--> Basketball Career (Time: 2023-08-11)
2026-04-26 14:51:23,127 - Amadeus.Builder - INFO - 🔗 LINK: John --HAD_CHILDHOOD_DREAM<RelationEdge>--> Basketball (Time: 2023-08-11)
2026-04-26 14:51:23,136 - Amadeus.Builder - INFO - 🔗 LINK: John --SIGNED_UP_FOR_LOCAL_LEAGUE<RelationEdge>--> Dad (Time: 2023-08-11)
2026-04-26 14:51:23,148 - Amadeus.Builder - INFO - 🔗 LINK: John --PLAYED_IN<RelationEdge>--> Local League (Time: 2023-08-11)
2026-04-26 14:51:23,156 - Amadeus.Builder - INFO - 🔗 LINK: John --EARNED<RelationEdge>--> College Scholarship (Time: 2023-08-11)
2026-04-26 14:51:23,168 - Amadeus.Builder - INFO - 🔗 LINK: John --PLAYED_IN<RelationEdge>--> College (Time: 2023-08-11)
2026-04-26 14:51:23,168 - Amadeus.Builder - INFO - 🔗 LINK: John --DRAFTED_BY<RelationEdge>--> Team (Time: 2023-08-11)
2026-04-26 14:51:23,184 - Amadeus.Builder - INFO - 🧩 Builder schema proposals | nodes=['Event', 'Book'] | edges=['MENTIONED', 'ADDED_TO_LIST', 'AIMS_TO_MAKE_IMPACT', 'HAS_GOAL', 'HAD_CHILDHOOD_DREAM', 'SIGNED_UP_FOR_LOCAL_LEAGUE'] | rules=['EventMentionRule', 'BookAdditionRule', 'ImpactGoalRule', 'GoalDeclarationRule', 'ChildhoodDreamRule', 'LocalLeagueSignupRule']
2026-04-26 14:51:23,184 - Amadeus.Builder - INFO - 🛠️ Builder execution summary | buffer_index=5 | replay=False | ops=25 | waits=0
2026-04-26 14:51:23,184 - Experiment - INFO - [conv-43] 🛠️ Executed buffer 6 under schema v3 | active_node_types=['Entity', 'Location'] | active_edge_types=['RelationEdge'] | active_rules=['TemporalNormalizationRule', 'SubjectResolutionRule', 'MinimalismRule', 'AmbiguityAversionRule', 'CompletenessRule', 'ForumJoinRule', 'EndorsementExplorationRule', 'BrandConsiderationRule', 'CollectionOwnershipRule', 'GameParticipationRule', 'EndorsementDealRule', 'OngoingNegotiationRule', 'ConversationWithFanRule', 'UpcomingGameRule', 'ActivityExperienceRule', 'EmotionalConnectionRule']
2026-04-26 14:51:23,184 - Experiment - INFO - [conv-43] 🧩 Post-build schema proposals detected | node_types=['Event', 'Book'] | edge_types=['MENTIONED', 'ADDED_TO_LIST', 'AIMS_TO_MAKE_IMPACT', 'HAS_GOAL', 'HAD_CHILDHOOD_DREAM', 'SIGNED_UP_FOR_LOCAL_LEAGUE'] | rules=['EventMentionRule', 'BookAdditionRule', 'ImpactGoalRule', 'GoalDeclarationRule', 'ChildhoodDreamRule', 'LocalLeagueSignupRule']
2026-04-26 14:51:23,184 - Experiment - INFO - [conv-43] 🧊 Ignoring post-build schema proposals after schema exploration window closed.
2026-04-26 14:51:23,184 - Amadeus.Optimizer - INFO - ⚔️ Self-Play Start | Mode: iterative-retry, MaxRetries: 3
2026-04-26 14:51:26,690 - Amadeus.Questioner - INFO - Questioner CoT: First, I analyzed the buffer to identify key entities and events. I noticed that John mentioned his basketball shoes and their significance. The conversation also includes details about his journey in basketball. Since the target mode is FACT_CHECK, I should focus on explicit facts. The most relevant fact is John's mention of his lucky basketball shoes and their role in his journey. This is a clear, explicit detail that can be tested.
2026-04-26 14:51:26,690 - Amadeus.Optimizer - INFO - ⚔️ Question: What do John's basketball shoes symbolize according to his conversation with Tim?
2026-04-26 14:51:26,690 - Amadeus.Optimizer - INFO - ⚔️ Ground Truth: They symbolize resilience, determination, and a love for the game. They remind him of his achievements and how far he's come.
2026-04-26 14:51:26,690 - Amadeus.Optimizer - INFO - 🔄 Attempt 1/3
2026-04-26 14:51:26,690 - Amadeus.Answerer - INFO - ❓ Question: What do John's basketball shoes symbolize according to his conversation with Tim?
2026-04-26 14:51:28,834 - Amadeus.Answerer - INFO - Step 2: SEARCH - {'tool': 'SEARCH', 'query': "What do John's basketball shoes symbolize according to his conversation with Tim?", 'mode': 'hybrid', 'entry_edge_ids': ['E1'], 'entry_nodes': ['Basketball Shoes']}
2026-04-26 14:51:28,834 - Amadeus.Answerer - INFO - walk_decision_raw={'tool': 'SEARCH', 'query': "What do John's basketball shoes symbolize according to his conversation with Tim?", 'mode': 'hybrid', 'entry_edge_ids': ['E1'], 'entry_nodes': ['Basketball Shoes']}
2026-04-26 14:51:29,603 - Amadeus.Answerer - INFO - evidence_pool_init=- John's basketball shoes symbolizes resilience and determination according to the conversation with Tim on 2023-08-11
2026-04-26 14:51:30,847 - Amadeus.Answerer - INFO - Step 3: READ - {'tool': 'READ', 'answer': "John's basketball shoes symbolize resilience and determination according to his conversation with Tim on 2023-08-11."}
2026-04-26 14:51:30,847 - Amadeus.Answerer - INFO - walk_decision_raw={'tool': 'READ', 'answer': "John's basketball shoes symbolize resilience and determination according to his conversation with Tim on 2023-08-11."}
2026-04-26 14:51:30,847 - Amadeus.Answerer - INFO - read_triggered_by=llm_decision
2026-04-26 14:51:30,847 - Amadeus.Optimizer - INFO - 🔄 Attempt 1 | Prediction: John's basketball shoes symbolize resilience and determination according to his conversation with Tim on 2023-08-11.
2026-04-26 14:51:37,113 - Amadeus.Optimizer - ERROR - Evaluate attempt failed: 'AdversarialOptimizer' object has no attribute '_parse_json_content'
2026-04-26 14:51:37,113 - Amadeus.Optimizer - WARNING - ❌ Attempt 1 FAIL | Blame: UNKNOWN | ErrorCat: llm_error | Reason: 'AdversarialOptimizer' object has no attribute '_parse_json_content'
2026-04-26 14:51:37,113 - Amadeus.Optimizer - INFO - 🔄 Attempt 2/3
2026-04-26 14:51:37,113 - Amadeus.Answerer - INFO - ❓ Question: What do John's basketball shoes symbolize according to his conversation with Tim?
2026-04-26 14:51:39,240 - Amadeus.Answerer - INFO - Step 2: SEARCH - {'tool': 'SEARCH', 'query': "What do John's basketball shoes symbolize according to his conversation with Tim?", 'mode': 'hybrid', 'entry_edge_ids': ['E1'], 'entry_nodes': ['Basketball Shoes']}
2026-04-26 14:51:39,240 - Amadeus.Answerer - INFO - walk_decision_raw={'tool': 'SEARCH', 'query': "What do John's basketball shoes symbolize according to his conversation with Tim?", 'mode': 'hybrid', 'entry_edge_ids': ['E1'], 'entry_nodes': ['Basketball Shoes']}
2026-04-26 14:51:40,012 - Amadeus.Answerer - INFO - evidence_pool_init=- John's basketball shoes symbolizes resilience and determination according to the conversation with Tim on 2023-08-11
2026-04-26 14:51:41,228 - Amadeus.Answerer - INFO - Step 3: READ - {'tool': 'READ', 'answer': "John's basketball shoes symbolize resilience and determination according to his conversation with Tim on 2023-08-11."}
2026-04-26 14:51:41,228 - Amadeus.Answerer - INFO - walk_decision_raw={'tool': 'READ', 'answer': "John's basketball shoes symbolize resilience and determination according to his conversation with Tim on 2023-08-11."}
2026-04-26 14:51:41,228 - Amadeus.Answerer - INFO - read_triggered_by=llm_decision
2026-04-26 14:51:41,228 - Amadeus.Optimizer - INFO - 🔄 Attempt 2 | Prediction: John's basketball shoes symbolize resilience and determination according to his conversation with Tim on 2023-08-11.
2026-04-26 14:51:47,846 - Amadeus.Optimizer - ERROR - Evaluate attempt failed: 'AdversarialOptimizer' object has no attribute '_parse_json_content'
2026-04-26 14:51:47,846 - Amadeus.Optimizer - WARNING - ❌ Attempt 2 FAIL | Blame: UNKNOWN | ErrorCat: llm_error | Reason: 'AdversarialOptimizer' object has no attribute '_parse_json_content'
2026-04-26 14:51:47,846 - Amadeus.Optimizer - INFO - 🔄 Attempt 3/3
2026-04-26 14:51:47,846 - Amadeus.Answerer - INFO - ❓ Question: What do John's basketball shoes symbolize according to his conversation with Tim?
2026-04-26 14:51:49,995 - Amadeus.Answerer - INFO - Step 2: SEARCH - {'tool': 'SEARCH', 'query': "What do John's basketball shoes symbolize according to his conversation with Tim?", 'mode': 'hybrid', 'entry_edge_ids': ['E1'], 'entry_nodes': ['Basketball Shoes']}
2026-04-26 14:51:49,995 - Amadeus.Answerer - INFO - walk_decision_raw={'tool': 'SEARCH', 'query': "What do John's basketball shoes symbolize according to his conversation with Tim?", 'mode': 'hybrid', 'entry_edge_ids': ['E1'], 'entry_nodes': ['Basketball Shoes']}
2026-04-26 14:51:50,776 - Amadeus.Answerer - INFO - evidence_pool_init=- John's basketball shoes symbolizes resilience and determination according to the conversation with Tim on 2023-08-11
2026-04-26 14:51:52,006 - Amadeus.Answerer - INFO - Step 3: READ - {'tool': 'READ', 'answer': "John's basketball shoes symbolize resilience and determination according to his conversation with Tim on 2023-08-11."}
2026-04-26 14:51:52,006 - Amadeus.Answerer - INFO - walk_decision_raw={'tool': 'READ', 'answer': "John's basketball shoes symbolize resilience and determination according to his conversation with Tim on 2023-08-11."}
2026-04-26 14:51:52,006 - Amadeus.Answerer - INFO - read_triggered_by=llm_decision
2026-04-26 14:51:52,006 - Amadeus.Optimizer - INFO - 🔄 Attempt 3 | Prediction: John's basketball shoes symbolize resilience and determination according to his conversation with Tim on 2023-08-11.
2026-04-26 14:51:59,651 - Amadeus.Optimizer - ERROR - Evaluate attempt failed: 'AdversarialOptimizer' object has no attribute '_parse_json_content'
2026-04-26 14:51:59,651 - Amadeus.Optimizer - WARNING - ❌ Attempt 3 FAIL | Blame: UNKNOWN | ErrorCat: llm_error | Reason: 'AdversarialOptimizer' object has no attribute '_parse_json_content'
2026-04-26 14:51:59,651 - Amadeus.Optimizer - INFO - ⚔️ Self-Play End | Attempts: 3 | Final: FAIL | Experiences Total: 0
2026-04-26 14:51:59,651 - Experiment - INFO - [conv-43] 🔄 Flush Triggered at chunk 7. Processing Buffer...
2026-04-26 14:51:59,651 - Experiment - INFO - [conv-43] 🧊 Schema exploration frozen after first 3 flushed buffers; skipping emergence for buffer 7.
2026-04-26 14:52:08,284 - Amadeus.Builder - INFO - 🤔 Builder CoT: Step 1: The session context is 17 August 2023. The buffer discusses John and Tim's experiences with their teams and book conferences. Step 2: Extract facts about John rejoining his team, the positive atmosphere, and the signed item. Step 3: Check if these facts exist in the graph. John's team and the signed item are already present, but the specific details about the team's welcome and the signed item's purpose may need refinement. Step 4: Update existing facts to include the new details about the team's welcome and the signed item's significance.
2026-04-26 14:52:08,285 - Amadeus.Builder - INFO - 🔄 UPDATE LINK: John --Rejoined the team on 2023-08-15 with a warm welcome<RelationEdge>--> Minnesota Wolves (Time: 2023-08-15)
2026-04-26 14:52:08,285 - Amadeus.Builder - INFO - 🔄 UPDATE LINK: John --Signed by teammates as a symbol of friendship and appreciation<RelationEdge>--> Basketball Shoes (Time: 2023-08-15)
2026-04-26 14:52:08,299 - Amadeus.Builder - INFO - 🔄 UPDATE LINK: Tim --Attending a book conference next month to discuss literature and new releases<RelationEdge>--> Book Conference (Time: next month)
2026-04-26 14:52:08,315 - Amadeus.Builder - INFO - 🛠️ Builder execution summary | buffer_index=6 | replay=False | ops=3 | waits=0
2026-04-26 14:52:08,315 - Experiment - INFO - [conv-43] 🛠️ Executed buffer 7 under schema v3 | active_node_types=['Entity', 'Location'] | active_edge_types=['RelationEdge'] | active_rules=['TemporalNormalizationRule', 'SubjectResolutionRule', 'MinimalismRule', 'AmbiguityAversionRule', 'CompletenessRule', 'ForumJoinRule', 'EndorsementExplorationRule', 'BrandConsiderationRule', 'CollectionOwnershipRule', 'GameParticipationRule', 'EndorsementDealRule', 'OngoingNegotiationRule', 'ConversationWithFanRule', 'UpcomingGameRule', 'ActivityExperienceRule', 'EmotionalConnectionRule']
2026-04-26 14:52:08,315 - Amadeus.Optimizer - INFO - ⚔️ Self-Play Start | Mode: iterative-retry, MaxRetries: 3
2026-04-26 14:52:12,347 - Amadeus.Questioner - INFO - Questioner CoT: First, I analyzed the buffer to identify key entities and relationships. I noticed that John and Tim are discussing their experiences of belonging and support. The conversation includes John's return to his teammates, the signed item from them, and the mutual appreciation for shared interests. A MULTI_HOP question could connect John's motivation from the signed item to his reason for playing basketball. This requires linking the signed item (as a reminder) to his motivation (why he started playing).
2026-04-26 14:52:12,347 - Amadeus.Optimizer - INFO - ⚔️ Question: What motivated John to continue playing basketball according to his conversation with Tim?
2026-04-26 14:52:12,347 - Amadeus.Optimizer - INFO - ⚔️ Ground Truth: John was motivated by the support and bond from his teammates, as represented by the signed item.
2026-04-26 14:52:12,347 - Amadeus.Optimizer - INFO - 🔄 Attempt 1/3
2026-04-26 14:52:12,347 - Amadeus.Answerer - INFO - ❓ Question: What motivated John to continue playing basketball according to his conversation with Tim?
2026-04-26 14:52:15,658 - Amadeus.Answerer - INFO - Step 2: SEARCH - {'tool': 'SEARCH', 'query': 'What motivated John to continue playing basketball according to his conversation with Tim?', 'mode': 'hybrid', 'entry_edge_ids': ['E1', 'E2'], 'entry_nodes': ['John', 'Basketball Career', 'Basketball', 'Basketball Shoes', 'Recent Game', 'Improve Shooting Percentage', 'College', 'Shooting Guard', 'Local League', 'Tim', 'Chicago', 'Event', 'Sports Brands', 'Minnesota Wolves', 'Nike']}
2026-04-26 14:52:15,659 - Amadeus.Answerer - INFO - walk_decision_raw={'tool': 'SEARCH', 'query': 'What motivated John to continue playing basketball according to his conversation with Tim?', 'mode': 'hybrid', 'entry_edge_ids': ['E1', 'E2'], 'entry_nodes': ['John', 'Basketball Career', 'Basketball', 'Basketball Shoes', 'Recent Game', 'Improve Shooting Percentage', 'College', 'Shooting Guard', 'Local League', 'Tim', 'Chicago', 'Event', 'Sports Brands', 'Minnesota Wolves', 'Nike']}
2026-04-26 14:52:16,789 - Amadeus.Answerer - INFO - evidence_pool_init=- John AIMS_TO_MAKE_DIFFERENCE at 2023-08-11
- John HAD_CHILDHOOD_DREAM at 2023-08-11
2026-04-26 14:52:18,558 - Amadeus.Answerer - INFO - Step 3: READ - {'tool': 'READ', 'answer': "According to John's conversation with Tim, John was motivated to continue playing basketball due to his childhood dream of playing the sport and his goal to make a difference in the game."}
2026-04-26 14:52:18,558 - Amadeus.Answerer - INFO - walk_decision_raw={'tool': 'READ', 'answer': "According to John's conversation with Tim, John was motivated to continue playing basketball due to his childhood dream of playing the sport and his goal to make a difference in the game."}
2026-04-26 14:52:18,558 - Amadeus.Answerer - INFO - read_triggered_by=llm_decision
2026-04-26 14:52:18,558 - Amadeus.Optimizer - INFO - 🔄 Attempt 1 | Prediction: John was motivated to continue playing basketball due to his childhood dream of playing the sport and his goal to make a difference in the game.
