{
  "timestamp": "20251231_174147",
  "config": {
    "model_name": "Qwen/Qwen2.5-14B-Instruct",
    "judge_model_name": "qwen2.5-32b-instruct",
    "data_file": "/home/ubuntu/hzy/crl/Amadeus/amadeus/experiments/data/locomo10.json"
  },
  "total_samples": 10,
  "total_questions": 1540,
  "category_distribution": {
    "2": 321,
    "3": 96,
    "1": 282,
    "4": 841
  },
  "aggregate_metrics": {
    "overall": {
      "mean": 0.5590909090909091,
      "std": 0.4964959863511587,
      "count": 1540
    },
    "category_2": {
      "mean": 0.470404984423676,
      "std": 0.49912336656686107,
      "count": 321
    },
    "category_3": {
      "mean": 0.3854166666666667,
      "std": 0.4866935994259861,
      "count": 96
    },
    "category_1": {
      "mean": 0.5921985815602837,
      "std": 0.4914259064785573,
      "count": 282
    },
    "category_4": {
      "mean": 0.6016646848989299,
      "std": 0.48955519795463437,
      "count": 841
    }
  }
}