{
  "timestamp": "20251230_171547",
  "config": {
    "model_name": "qwen2.5-7b-instruct",
    "judge_model_name": "qwen2.5-32b-instruct",
    "data_file": "/home/ubuntu/hzy/crl/Amadeus/amadeus/experiments/data/locomo10.json"
  },
  "total_samples": 1,
  "total_questions": 152,
  "category_distribution": {
    "2": 37,
    "3": 13,
    "1": 32,
    "4": 70
  },
  "aggregate_metrics": {
    "overall": {
      "mean": 0.40789473684210525,
      "std": 0.4914434051837657,
      "count": 152
    },
    "category_2": {
      "mean": 0.35135135135135137,
      "std": 0.47739247926096473,
      "count": 37
    },
    "category_3": {
      "mean": 0.46153846153846156,
      "std": 0.49851851526214314,
      "count": 13
    },
    "category_1": {
      "mean": 0.40625,
      "std": 0.4911323014219285,
      "count": 32
    },
    "category_4": {
      "mean": 0.42857142857142855,
      "std": 0.49487165930539356,
      "count": 70
    }
  }
}