{
  "timestamp": "20260106_160256",
  "config": {
    "model_name": "qwen2.5-7b-instruct",
    "judge_model_name": "qwen2.5-32b-instruct",
    "data_file": "/home/ubuntu/hzy/crl/Amadeus/amadeus/experiments/data/locomo10.json"
  },
  "total_samples": 1,
  "total_questions": 152,
  "category_distribution": {
    "2": 37,
    "3": 13,
    "1": 32,
    "4": 70
  },
  "aggregate_metrics": {
    "overall": {
      "mean": 0.631578947368421,
      "std": 0.48237638894271995,
      "count": 152
    },
    "category_2": {
      "mean": 0.6216216216216216,
      "std": 0.4849826606736854,
      "count": 37
    },
    "category_3": {
      "mean": 0.6153846153846154,
      "std": 0.48650425541051995,
      "count": 13
    },
    "category_1": {
      "mean": 0.625,
      "std": 0.4841229182759271,
      "count": 32
    },
    "category_4": {
      "mean": 0.6428571428571429,
      "std": 0.4791574237499549,
      "count": 70
    }
  }
}