{
  "timestamp": "20251230_163044",
  "config": {
    "model_name": "qwen2.5-7b-instruct",
    "judge_model_name": "qwen2.5-32b-instruct",
    "data_file": "/home/ubuntu/hzy/crl/Amadeus/amadeus/experiments/data/locomo10.json"
  },
  "total_samples": 1,
  "total_questions": 152,
  "category_distribution": {
    "2": 37,
    "3": 13,
    "1": 32,
    "4": 70
  },
  "aggregate_metrics": {
    "overall": {
      "mean": 0.4144736842105263,
      "std": 0.4926309463558692,
      "count": 152
    },
    "category_2": {
      "mean": 0.2972972972972973,
      "std": 0.457068500683453,
      "count": 37
    },
    "category_3": {
      "mean": 0.46153846153846156,
      "std": 0.4985185152621432,
      "count": 13
    },
    "category_1": {
      "mean": 0.40625,
      "std": 0.4911323014219285,
      "count": 32
    },
    "category_4": {
      "mean": 0.4714285714285714,
      "std": 0.49918300599017557,
      "count": 70
    }
  }
}