{
  "timestamp": "20260102_194353",
  "config": {
    "model_name": "qwen2.5-7b-instruct",
    "judge_model_name": "qwen2.5-32b-instruct",
    "data_file": "/home/ubuntu/hzy/crl/Amadeus/amadeus/experiments/data/locomo10.json"
  },
  "total_samples": 10,
  "total_questions": 1540,
  "category_distribution": {
    "2": 321,
    "4": 841,
    "1": 282,
    "3": 96
  },
  "aggregate_metrics": {
    "overall": {
      "mean": 0.4655844155844156,
      "std": 0.49881416133599676,
      "count": 1540
    },
    "category_2": {
      "mean": 0.38006230529595014,
      "std": 0.48540184320733487,
      "count": 321
    },
    "category_4": {
      "mean": 0.5089179548156956,
      "std": 0.4999204637558911,
      "count": 841
    },
    "category_1": {
      "mean": 0.45390070921985815,
      "std": 0.4978703198520353,
      "count": 282
    },
    "category_3": {
      "mean": 0.40625,
      "std": 0.4911323014219285,
      "count": 96
    }
  }
}